global_step_id,file,axis,step_id_in_file,step_deg,abs_step_deg,direction,t_s,err_px_raw,offset_px,y_zero_px,y_gain_px_per_deg,y_aligned_px,err_norm_raw,y_zero_norm,sample_idx
0,sprungantwort_PAN_-5deg_20260622_213010.csv,PAN,0,-5.0,5.0,-,0.0,5.9828,5.85564,0.12716,-0.025432,-0.12716,0.018696,0.000397,0
0,sprungantwort_PAN_-5deg_20260622_213010.csv,PAN,0,-5.0,5.0,-,0.04597,5.9957,5.85564,0.14006,-0.028012,-0.14006,0.018737,0.000438,1
0,sprungantwort_PAN_-5deg_20260622_213010.csv,PAN,0,-5.0,5.0,-,0.077624,5.8362,5.85564,-0.01944,0.003888,0.01944,0.018238,-6.1e-05,2
0,sprungantwort_PAN_-5deg_20260622_213010.csv,PAN,0,-5.0,5.0,-,0.123715,-10.696,5.85564,-16.55164,3.310328,16.55164,-0.033425,-0.051724,3
0,sprungantwort_PAN_-5deg_20260622_213010.csv,PAN,0,-5.0,5.0,-,0.153644,-77.308,5.85564,-83.16364,16.632728,83.16364,-0.241587,-0.259886,4
0,sprungantwort_PAN_-5deg_20260622_213010.csv,PAN,0,-5.0,5.0,-,0.185962,-80.1988,5.85564,-86.05444,17.210888,86.05444,-0.250621,-0.26892,5
0,sprungantwort_PAN_-5deg_20260622_213010.csv,PAN,0,-5.0,5.0,-,0.217811,-80.3669,5.85564,-86.22254,17.244508,86.22254,-0.251147,-0.269446,6
0,sprungantwort_PAN_-5deg_20260622_213010.csv,PAN,0,-5.0,5.0,-,0.249958,-80.2533,5.85564,-86.10894,17.221788,86.10894,-0.250792,-0.269091,7
0,sprungantwort_PAN_-5deg_20260622_213010.csv,PAN,0,-5.0,5.0,-,0.280453,-80.3139,5.85564,-86.16954,17.233908,86.16954,-0.250981,-0.26928,8
0,sprungantwort_PAN_-5deg_20260622_213010.csv,PAN,0,-5.0,5.0,-,0.31237,-80.3385,5.85564,-86.19414,17.238828,86.19414,-0.251058,-0.269357,9
0,sprungantwort_PAN_-5deg_20260622_213010.csv,PAN,0,-5.0,5.0,-,0.345241,-80.184,5.85564,-86.03964,17.207928,86.03964,-0.250575,-0.268874,10
0,sprungantwort_PAN_-5deg_20260622_213010.csv,PAN,0,-5.0,5.0,-,0.377455,-80.1714,5.85564,-86.02704,17.205408,86.02704,-0.250536,-0.268835,11
0,sprungantwort_PAN_-5deg_20260622_213010.csv,PAN,0,-5.0,5.0,-,0.408268,-80.312,5.85564,-86.16764,17.233528,86.16764,-0.250975,-0.269274,12
0,sprungantwort_PAN_-5deg_20260622_213010.csv,PAN,0,-5.0,5.0,-,0.456253,-80.3656,5.85564,-86.22124,17.244248,86.22124,-0.251143,-0.269442,13
0,sprungantwort_PAN_-5deg_20260622_213010.csv,PAN,0,-5.0,5.0,-,0.486701,-80.2851,5.85564,-86.14074,17.228148,86.14074,-0.250891,-0.26919,14
0,sprungantwort_PAN_-5deg_20260622_213010.csv,PAN,0,-5.0,5.0,-,0.516654,-80.2656,5.85564,-86.12124,17.224248,86.12124,-0.25083,-0.269129,15
0,sprungantwort_PAN_-5deg_20260622_213010.csv,PAN,0,-5.0,5.0,-,0.546652,-80.2432,5.85564,-86.09884,17.219768,86.09884,-0.25076,-0.269059,16
0,sprungantwort_PAN_-5deg_20260622_213010.csv,PAN,0,-5.0,5.0,-,0.577634,-80.268,5.85564,-86.12364,17.224728,86.12364,-0.250838,-0.269137,17
0,sprungantwort_PAN_-5deg_20260622_213010.csv,PAN,0,-5.0,5.0,-,0.610321,-80.3518,5.85564,-86.20744,17.241488,86.20744,-0.251099,-0.269398,18
0,sprungantwort_PAN_-5deg_20260622_213010.csv,PAN,0,-5.0,5.0,-,0.641692,-80.3554,5.85564,-86.21104,17.242208,86.21104,-0.251111,-0.26941,19
0,sprungantwort_PAN_-5deg_20260622_213010.csv,PAN,0,-5.0,5.0,-,0.674688,-80.247,5.85564,-86.10264,17.220528,86.10264,-0.250772,-0.269071,20
0,sprungantwort_PAN_-5deg_20260622_213010.csv,PAN,0,-5.0,5.0,-,0.706572,-80.2573,5.85564,-86.11294,17.222588,86.11294,-0.250804,-0.269103,21
0,sprungantwort_PAN_-5deg_20260622_213010.csv,PAN,0,-5.0,5.0,-,0.736523,-80.2711,5.85564,-86.12674,17.225348,86.12674,-0.250847,-0.269146,22
0,sprungantwort_PAN_-5deg_20260622_213010.csv,PAN,0,-5.0,5.0,-,0.768699,-80.3147,5.85564,-86.17034,17.234068,86.17034,-0.250983,-0.269282,23
0,sprungantwort_PAN_-5deg_20260622_213010.csv,PAN,0,-5.0,5.0,-,0.80075,-80.281,5.85564,-86.13664,17.227328,86.13664,-0.250878,-0.269177,24
0,sprungantwort_PAN_-5deg_20260622_213010.csv,PAN,0,-5.0,5.0,-,0.842623,-80.2819,5.85564,-86.13754,17.227508,86.13754,-0.250881,-0.26918,25
0,sprungantwort_PAN_-5deg_20260622_213010.csv,PAN,0,-5.0,5.0,-,0.878306,-80.2846,5.85564,-86.14024,17.228048,86.14024,-0.250889,-0.269188,26
0,sprungantwort_PAN_-5deg_20260622_213010.csv,PAN,0,-5.0,5.0,-,0.90995,-80.3296,5.85564,-86.18524,17.237048,86.18524,-0.25103,-0.269329,27
0,sprungantwort_PAN_-5deg_20260622_213010.csv,PAN,0,-5.0,5.0,-,0.954466,-80.3514,5.85564,-86.20704,17.241408,86.20704,-0.251098,-0.269397,28
0,sprungantwort_PAN_-5deg_20260622_213010.csv,PAN,0,-5.0,5.0,-,0.972585,-80.3226,5.85564,-86.17824,17.235648,86.17824,-0.251008,-0.269307,29
0,sprungantwort_PAN_-5deg_20260622_213010.csv,PAN,0,-5.0,5.0,-,1.005514,-80.3149,5.85564,-86.17054,17.234108,86.17054,-0.250984,-0.269283,30
0,sprungantwort_PAN_-5deg_20260622_213010.csv,PAN,0,-5.0,5.0,-,1.050585,-80.2919,5.85564,-86.14754,17.229508,86.14754,-0.250912,-0.269211,31
0,sprungantwort_PAN_-5deg_20260622_213010.csv,PAN,0,-5.0,5.0,-,1.078655,-80.3281,5.85564,-86.18374,17.236748,86.18374,-0.251025,-0.269324,32
0,sprungantwort_PAN_-5deg_20260622_213010.csv,PAN,0,-5.0,5.0,-,1.111843,-80.3305,5.85564,-86.18614,17.237228,86.18614,-0.251033,-0.269332,33
0,sprungantwort_PAN_-5deg_20260622_213010.csv,PAN,0,-5.0,5.0,-,1.143754,-80.3251,5.85564,-86.18074,17.236148,86.18074,-0.251016,-0.269315,34
0,sprungantwort_PAN_-5deg_20260622_213010.csv,PAN,0,-5.0,5.0,-,1.17367,-80.3167,5.85564,-86.17234,17.234468,86.17234,-0.25099,-0.269289,35
1,sprungantwort_PAN_-5deg_20260622_213010.csv,PAN,1,5.0,5.0,+,0.0,-80.2895,-80.303444,0.013944,0.002789,0.013944,-0.250905,4.3e-05,0
1,sprungantwort_PAN_-5deg_20260622_213010.csv,PAN,1,5.0,5.0,+,0.031108,-80.3245,-80.303444,-0.021056,-0.004211,-0.021056,-0.251014,-6.6e-05,1
1,sprungantwort_PAN_-5deg_20260622_213010.csv,PAN,1,5.0,5.0,+,0.063121,-80.4817,-80.303444,-0.178256,-0.035651,-0.178256,-0.251505,-0.000557,2
1,sprungantwort_PAN_-5deg_20260622_213010.csv,PAN,1,5.0,5.0,+,0.096121,-78.0799,-80.303444,2.223544,0.444709,2.223544,-0.244,0.006948,3
1,sprungantwort_PAN_-5deg_20260622_213010.csv,PAN,1,5.0,5.0,+,0.127011,-12.3756,-80.303444,67.927844,13.585569,67.927844,-0.038674,0.212274,4
1,sprungantwort_PAN_-5deg_20260622_213010.csv,PAN,1,5.0,5.0,+,0.157324,9.4314,-80.303444,89.734844,17.946969,89.734844,0.029473,0.280421,5
1,sprungantwort_PAN_-5deg_20260622_213010.csv,PAN,1,5.0,5.0,+,0.188573,9.0419,-80.303444,89.345344,17.869069,89.345344,0.028256,0.279204,6
1,sprungantwort_PAN_-5deg_20260622_213010.csv,PAN,1,5.0,5.0,+,0.22141,8.9168,-80.303444,89.220244,17.844049,89.220244,0.027865,0.278813,7
1,sprungantwort_PAN_-5deg_20260622_213010.csv,PAN,1,5.0,5.0,+,0.254206,8.926,-80.303444,89.229444,17.845889,89.229444,0.027894,0.278842,8
1,sprungantwort_PAN_-5deg_20260622_213010.csv,PAN,1,5.0,5.0,+,0.285155,8.9868,-80.303444,89.290244,17.858049,89.290244,0.028084,0.279032,9
1,sprungantwort_PAN_-5deg_20260622_213010.csv,PAN,1,5.0,5.0,+,0.33418,8.9456,-80.303444,89.249044,17.849809,89.249044,0.027955,0.278903,10
1,sprungantwort_PAN_-5deg_20260622_213010.csv,PAN,1,5.0,5.0,+,0.367288,8.9134,-80.303444,89.216844,17.843369,89.216844,0.027854,0.278802,11
1,sprungantwort_PAN_-5deg_20260622_213010.csv,PAN,1,5.0,5.0,+,0.399806,8.9513,-80.303444,89.254744,17.850949,89.254744,0.027973,0.278921,12
1,sprungantwort_PAN_-5deg_20260622_213010.csv,PAN,1,5.0,5.0,+,0.431294,8.9252,-80.303444,89.228644,17.845729,89.228644,0.027891,0.278839,13
1,sprungantwort_PAN_-5deg_20260622_213010.csv,PAN,1,5.0,5.0,+,0.477366,8.9196,-80.303444,89.223044,17.844609,89.223044,0.027874,0.278822,14
1,sprungantwort_PAN_-5deg_20260622_213010.csv,PAN,1,5.0,5.0,+,0.505275,8.9557,-80.303444,89.259144,17.851829,89.259144,0.027987,0.278935,15
1,sprungantwort_PAN_-5deg_20260622_213010.csv,PAN,1,5.0,5.0,+,0.535342,8.9705,-80.303444,89.273944,17.854789,89.273944,0.028033,0.278981,16
1,sprungantwort_PAN_-5deg_20260622_213010.csv,PAN,1,5.0,5.0,+,0.553139,8.904,-80.303444,89.207444,17.841489,89.207444,0.027825,0.278773,17
1,sprungantwort_PAN_-5deg_20260622_213010.csv,PAN,1,5.0,5.0,+,0.582158,8.9786,-80.303444,89.282044,17.856409,89.282044,0.028058,0.279006,18
1,sprungantwort_PAN_-5deg_20260622_213010.csv,PAN,1,5.0,5.0,+,0.614179,8.9799,-80.303444,89.283344,17.856669,89.283344,0.028062,0.27901,19
1,sprungantwort_PAN_-5deg_20260622_213010.csv,PAN,1,5.0,5.0,+,0.646126,8.9835,-80.303444,89.286944,17.857389,89.286944,0.028073,0.279021,20
1,sprungantwort_PAN_-5deg_20260622_213010.csv,PAN,1,5.0,5.0,+,0.678137,9.0036,-80.303444,89.307044,17.861409,89.307044,0.028136,0.279084,21
1,sprungantwort_PAN_-5deg_20260622_213010.csv,PAN,1,5.0,5.0,+,0.725093,8.9918,-80.303444,89.295244,17.859049,89.295244,0.028099,0.279047,22
1,sprungantwort_PAN_-5deg_20260622_213010.csv,PAN,1,5.0,5.0,+,0.757759,9.0785,-80.303444,89.381944,17.876389,89.381944,0.02837,0.279318,23
1,sprungantwort_PAN_-5deg_20260622_213010.csv,PAN,1,5.0,5.0,+,0.789216,9.0878,-80.303444,89.391244,17.878249,89.391244,0.028399,0.279347,24
1,sprungantwort_PAN_-5deg_20260622_213010.csv,PAN,1,5.0,5.0,+,0.822117,9.0422,-80.303444,89.345644,17.869129,89.345644,0.028257,0.279205,25
1,sprungantwort_PAN_-5deg_20260622_213010.csv,PAN,1,5.0,5.0,+,0.854223,9.04,-80.303444,89.343444,17.868689,89.343444,0.02825,0.279198,26
1,sprungantwort_PAN_-5deg_20260622_213010.csv,PAN,1,5.0,5.0,+,0.88522,8.9729,-80.303444,89.276344,17.855269,89.276344,0.02804,0.278988,27
1,sprungantwort_PAN_-5deg_20260622_213010.csv,PAN,1,5.0,5.0,+,0.917232,8.9605,-80.303444,89.263944,17.852789,89.263944,0.028002,0.27895,28
1,sprungantwort_PAN_-5deg_20260622_213010.csv,PAN,1,5.0,5.0,+,0.950232,9.0159,-80.303444,89.319344,17.863869,89.319344,0.028175,0.279123,29
1,sprungantwort_PAN_-5deg_20260622_213010.csv,PAN,1,5.0,5.0,+,0.981145,9.0426,-80.303444,89.346044,17.869209,89.346044,0.028258,0.279206,30
1,sprungantwort_PAN_-5deg_20260622_213010.csv,PAN,1,5.0,5.0,+,1.013157,8.9805,-80.303444,89.283944,17.856789,89.283944,0.028064,0.279012,31
1,sprungantwort_PAN_-5deg_20260622_213010.csv,PAN,1,5.0,5.0,+,1.046073,9.0328,-80.303444,89.336244,17.867249,89.336244,0.028227,0.279175,32
1,sprungantwort_PAN_-5deg_20260622_213010.csv,PAN,1,5.0,5.0,+,1.078788,9.0379,-80.303444,89.341344,17.868269,89.341344,0.028243,0.279191,33
1,sprungantwort_PAN_-5deg_20260622_213010.csv,PAN,1,5.0,5.0,+,1.124928,9.0277,-80.303444,89.331144,17.866229,89.331144,0.028212,0.27916,34
1,sprungantwort_PAN_-5deg_20260622_213010.csv,PAN,1,5.0,5.0,+,1.157895,9.0134,-80.303444,89.316844,17.863369,89.316844,0.028167,0.279115,35
1,sprungantwort_PAN_-5deg_20260622_213010.csv,PAN,1,5.0,5.0,+,1.188952,9.0103,-80.303444,89.313744,17.862749,89.313744,0.028157,0.279105,36
2,sprungantwort_PAN_-5deg_20260622_213010.csv,PAN,2,-5.0,5.0,-,0.0,9.043,9.0411,0.0019,-0.00038,-0.0019,0.028259,6e-06,0
2,sprungantwort_PAN_-5deg_20260622_213010.csv,PAN,2,-5.0,5.0,-,0.031596,9.0374,9.0411,-0.0037,0.00074,0.0037,0.028242,-1.1e-05,1
2,sprungantwort_PAN_-5deg_20260622_213010.csv,PAN,2,-5.0,5.0,-,0.062844,0.2904,9.0411,-8.7507,1.75014,8.7507,0.000908,-0.027345,2
2,sprungantwort_PAN_-5deg_20260622_213010.csv,PAN,2,-5.0,5.0,-,0.096129,-63.0186,9.0411,-72.0597,14.41194,72.0597,-0.196933,-0.225186,3
2,sprungantwort_PAN_-5deg_20260622_213010.csv,PAN,2,-5.0,5.0,-,0.127755,-68.917,9.0411,-77.9581,15.59162,77.9581,-0.215366,-0.243619,4
2,sprungantwort_PAN_-5deg_20260622_213010.csv,PAN,2,-5.0,5.0,-,0.160253,-71.804,9.0411,-80.8451,16.16902,80.8451,-0.224387,-0.25264,5
2,sprungantwort_PAN_-5deg_20260622_213010.csv,PAN,2,-5.0,5.0,-,0.206395,-72.3733,9.0411,-81.4144,16.28288,81.4144,-0.226166,-0.254419,6
2,sprungantwort_PAN_-5deg_20260622_213010.csv,PAN,2,-5.0,5.0,-,0.240374,-72.6095,9.0411,-81.6506,16.33012,81.6506,-0.226905,-0.255158,7
2,sprungantwort_PAN_-5deg_20260622_213010.csv,PAN,2,-5.0,5.0,-,0.271336,-72.5403,9.0411,-81.5814,16.31628,81.5814,-0.226688,-0.254941,8
2,sprungantwort_PAN_-5deg_20260622_213010.csv,PAN,2,-5.0,5.0,-,0.303336,-72.4557,9.0411,-81.4968,16.29936,81.4968,-0.226424,-0.254677,9
2,sprungantwort_PAN_-5deg_20260622_213010.csv,PAN,2,-5.0,5.0,-,0.335392,-72.5333,9.0411,-81.5744,16.31488,81.5744,-0.226666,-0.254919,10
2,sprungantwort_PAN_-5deg_20260622_213010.csv,PAN,2,-5.0,5.0,-,0.368384,-72.589,9.0411,-81.6301,16.32602,81.6301,-0.226841,-0.255094,11
2,sprungantwort_PAN_-5deg_20260622_213010.csv,PAN,2,-5.0,5.0,-,0.398754,-72.5062,9.0411,-81.5473,16.30946,81.5473,-0.226582,-0.254835,12
2,sprungantwort_PAN_-5deg_20260622_213010.csv,PAN,2,-5.0,5.0,-,0.43256,-72.5375,9.0411,-81.5786,16.31572,81.5786,-0.22668,-0.254933,13
2,sprungantwort_PAN_-5deg_20260622_213010.csv,PAN,2,-5.0,5.0,-,0.463683,-72.5665,9.0411,-81.6076,16.32152,81.6076,-0.22677,-0.255023,14
2,sprungantwort_PAN_-5deg_20260622_213010.csv,PAN,2,-5.0,5.0,-,0.495705,-72.5698,9.0411,-81.6109,16.32218,81.6109,-0.226781,-0.255034,15
2,sprungantwort_PAN_-5deg_20260622_213010.csv,PAN,2,-5.0,5.0,-,0.527731,-72.5922,9.0411,-81.6333,16.32666,81.6333,-0.226851,-0.255104,16
2,sprungantwort_PAN_-5deg_20260622_213010.csv,PAN,2,-5.0,5.0,-,0.559752,-72.6022,9.0411,-81.6433,16.32866,81.6433,-0.226882,-0.255135,17
2,sprungantwort_PAN_-5deg_20260622_213010.csv,PAN,2,-5.0,5.0,-,0.60694,-72.5895,9.0411,-81.6306,16.32612,81.6306,-0.226842,-0.255095,18
2,sprungantwort_PAN_-5deg_20260622_213010.csv,PAN,2,-5.0,5.0,-,0.639329,-72.5407,9.0411,-81.5818,16.31636,81.5818,-0.22669,-0.254943,19
2,sprungantwort_PAN_-5deg_20260622_213010.csv,PAN,2,-5.0,5.0,-,0.673371,-72.5316,9.0411,-81.5727,16.31454,81.5727,-0.226661,-0.254914,20
2,sprungantwort_PAN_-5deg_20260622_213010.csv,PAN,2,-5.0,5.0,-,0.702554,-72.556,9.0411,-81.5971,16.31942,81.5971,-0.226737,-0.25499,21
2,sprungantwort_PAN_-5deg_20260622_213010.csv,PAN,2,-5.0,5.0,-,0.735336,-72.5365,9.0411,-81.5776,16.31552,81.5776,-0.226677,-0.25493,22
2,sprungantwort_PAN_-5deg_20260622_213010.csv,PAN,2,-5.0,5.0,-,0.767265,-72.5645,9.0411,-81.6056,16.32112,81.6056,-0.226764,-0.255017,23
2,sprungantwort_PAN_-5deg_20260622_213010.csv,PAN,2,-5.0,5.0,-,0.799388,-72.5269,9.0411,-81.568,16.3136,81.568,-0.226647,-0.2549,24
2,sprungantwort_PAN_-5deg_20260622_213010.csv,PAN,2,-5.0,5.0,-,0.831415,-72.5892,9.0411,-81.6303,16.32606,81.6303,-0.226841,-0.255094,25
2,sprungantwort_PAN_-5deg_20260622_213010.csv,PAN,2,-5.0,5.0,-,0.86435,-72.578,9.0411,-81.6191,16.32382,81.6191,-0.226806,-0.255059,26
2,sprungantwort_PAN_-5deg_20260622_213010.csv,PAN,2,-5.0,5.0,-,0.89651,-72.5519,9.0411,-81.593,16.3186,81.593,-0.226725,-0.254978,27
2,sprungantwort_PAN_-5deg_20260622_213010.csv,PAN,2,-5.0,5.0,-,0.928923,-72.5547,9.0411,-81.5958,16.31916,81.5958,-0.226733,-0.254986,28
2,sprungantwort_PAN_-5deg_20260622_213010.csv,PAN,2,-5.0,5.0,-,0.959229,-72.5776,9.0411,-81.6187,16.32374,81.6187,-0.226805,-0.255058,29
2,sprungantwort_PAN_-5deg_20260622_213010.csv,PAN,2,-5.0,5.0,-,1.008532,-72.5906,9.0411,-81.6317,16.32634,81.6317,-0.226846,-0.255099,30
2,sprungantwort_PAN_-5deg_20260622_213010.csv,PAN,2,-5.0,5.0,-,1.03847,-72.5745,9.0411,-81.6156,16.32312,81.6156,-0.226795,-0.255048,31
2,sprungantwort_PAN_-5deg_20260622_213010.csv,PAN,2,-5.0,5.0,-,1.071704,-72.5919,9.0411,-81.633,16.3266,81.633,-0.22685,-0.255103,32
2,sprungantwort_PAN_-5deg_20260622_213010.csv,PAN,2,-5.0,5.0,-,1.1035,-72.6058,9.0411,-81.6469,16.32938,81.6469,-0.226893,-0.255146,33
2,sprungantwort_PAN_-5deg_20260622_213010.csv,PAN,2,-5.0,5.0,-,1.13578,-72.5735,9.0411,-81.6146,16.32292,81.6146,-0.226792,-0.255045,34
2,sprungantwort_PAN_-5deg_20260622_213010.csv,PAN,2,-5.0,5.0,-,1.167815,-72.5853,9.0411,-81.6264,16.32528,81.6264,-0.226829,-0.255082,35
2,sprungantwort_PAN_-5deg_20260622_213010.csv,PAN,2,-5.0,5.0,-,1.199485,-72.576,9.0411,-81.6171,16.32342,81.6171,-0.2268,-0.255053,36
3,sprungantwort_PAN_-5deg_20260622_213010.csv,PAN,3,5.0,5.0,+,0.0,-72.5783,-72.57219,-0.00611,-0.001222,-0.00611,-0.226807,-1.9e-05,0
3,sprungantwort_PAN_-5deg_20260622_213010.csv,PAN,3,5.0,5.0,+,0.046672,-72.5956,-72.57219,-0.02341,-0.004682,-0.02341,-0.226861,-7.3e-05,1
3,sprungantwort_PAN_-5deg_20260622_213010.csv,PAN,3,5.0,5.0,+,0.078944,-72.5506,-72.57219,0.02159,0.004318,0.02159,-0.22672,6.8e-05,2
3,sprungantwort_PAN_-5deg_20260622_213010.csv,PAN,3,5.0,5.0,+,0.109977,-50.6188,-72.57219,21.95339,4.390678,21.95339,-0.158184,0.068604,3
3,sprungantwort_PAN_-5deg_20260622_213010.csv,PAN,3,5.0,5.0,+,0.143034,9.5342,-72.57219,82.10639,16.421278,82.10639,0.029794,0.256582,4
3,sprungantwort_PAN_-5deg_20260622_213010.csv,PAN,3,5.0,5.0,+,0.174551,11.2322,-72.57219,83.80439,16.760878,83.80439,0.035101,0.261889,5
3,sprungantwort_PAN_-5deg_20260622_213010.csv,PAN,3,5.0,5.0,+,0.207562,11.3121,-72.57219,83.88429,16.776858,83.88429,0.03535,0.262138,6
3,sprungantwort_PAN_-5deg_20260622_213010.csv,PAN,3,5.0,5.0,+,0.238594,11.329,-72.57219,83.90119,16.780238,83.90119,0.035403,0.262191,7
3,sprungantwort_PAN_-5deg_20260622_213010.csv,PAN,3,5.0,5.0,+,0.271234,11.2361,-72.57219,83.80829,16.761658,83.80829,0.035113,0.261901,8
3,sprungantwort_PAN_-5deg_20260622_213010.csv,PAN,3,5.0,5.0,+,0.302572,11.2675,-72.57219,83.83969,16.767938,83.83969,0.035211,0.261999,9
3,sprungantwort_PAN_-5deg_20260622_213010.csv,PAN,3,5.0,5.0,+,0.335089,11.3041,-72.57219,83.87629,16.775258,83.87629,0.035325,0.262113,10
3,sprungantwort_PAN_-5deg_20260622_213010.csv,PAN,3,5.0,5.0,+,0.367621,11.2986,-72.57219,83.87079,16.774158,83.87079,0.035308,0.262096,11
3,sprungantwort_PAN_-5deg_20260622_213010.csv,PAN,3,5.0,5.0,+,0.39967,11.3004,-72.57219,83.87259,16.774518,83.87259,0.035314,0.262102,12
3,sprungantwort_PAN_-5deg_20260622_213010.csv,PAN,3,5.0,5.0,+,0.447526,11.2811,-72.57219,83.85329,16.770658,83.85329,0.035253,0.262041,13
3,sprungantwort_PAN_-5deg_20260622_213010.csv,PAN,3,5.0,5.0,+,0.478516,11.2642,-72.57219,83.83639,16.767278,83.83639,0.035201,0.261989,14
3,sprungantwort_PAN_-5deg_20260622_213010.csv,PAN,3,5.0,5.0,+,0.510647,11.2927,-72.57219,83.86489,16.772978,83.86489,0.03529,0.262078,15
3,sprungantwort_PAN_-5deg_20260622_213010.csv,PAN,3,5.0,5.0,+,0.542602,11.3003,-72.57219,83.87249,16.774498,83.87249,0.035314,0.262102,16
3,sprungantwort_PAN_-5deg_20260622_213010.csv,PAN,3,5.0,5.0,+,0.574623,11.2939,-72.57219,83.86609,16.773218,83.86609,0.035294,0.262082,17
3,sprungantwort_PAN_-5deg_20260622_213010.csv,PAN,3,5.0,5.0,+,0.60659,11.2921,-72.57219,83.86429,16.772858,83.86429,0.035288,0.262076,18
3,sprungantwort_PAN_-5deg_20260622_213010.csv,PAN,3,5.0,5.0,+,0.638668,11.2788,-72.57219,83.85099,16.770198,83.85099,0.035246,0.262034,19
3,sprungantwort_PAN_-5deg_20260622_213010.csv,PAN,3,5.0,5.0,+,0.670792,11.3064,-72.57219,83.87859,16.775718,83.87859,0.035333,0.262121,20
3,sprungantwort_PAN_-5deg_20260622_213010.csv,PAN,3,5.0,5.0,+,0.702774,11.2771,-72.57219,83.84929,16.769858,83.84929,0.035241,0.262029,21
3,sprungantwort_PAN_-5deg_20260622_213010.csv,PAN,3,5.0,5.0,+,0.734799,11.2933,-72.57219,83.86549,16.773098,83.86549,0.035291,0.262079,22
3,sprungantwort_PAN_-5deg_20260622_213010.csv,PAN,3,5.0,5.0,+,0.768865,11.3029,-72.57219,83.87509,16.775018,83.87509,0.035321,0.262109,23
3,sprungantwort_PAN_-5deg_20260622_213010.csv,PAN,3,5.0,5.0,+,0.799687,11.2751,-72.57219,83.84729,16.769458,83.84729,0.035235,0.262023,24
3,sprungantwort_PAN_-5deg_20260622_213010.csv,PAN,3,5.0,5.0,+,0.847711,11.2812,-72.57219,83.85339,16.770678,83.85339,0.035254,0.262042,25
3,sprungantwort_PAN_-5deg_20260622_213010.csv,PAN,3,5.0,5.0,+,0.879654,11.2954,-72.57219,83.86759,16.773518,83.86759,0.035298,0.262086,26
3,sprungantwort_PAN_-5deg_20260622_213010.csv,PAN,3,5.0,5.0,+,0.911683,11.2885,-72.57219,83.86069,16.772138,83.86069,0.035276,0.262064,27
3,sprungantwort_PAN_-5deg_20260622_213010.csv,PAN,3,5.0,5.0,+,0.944552,11.2931,-72.57219,83.86529,16.773058,83.86529,0.035291,0.262079,28
3,sprungantwort_PAN_-5deg_20260622_213010.csv,PAN,3,5.0,5.0,+,0.974656,11.2867,-72.57219,83.85889,16.771778,83.85889,0.035271,0.262059,29
3,sprungantwort_PAN_-5deg_20260622_213010.csv,PAN,3,5.0,5.0,+,1.006695,11.3033,-72.57219,83.87549,16.775098,83.87549,0.035323,0.262111,30
3,sprungantwort_PAN_-5deg_20260622_213010.csv,PAN,3,5.0,5.0,+,1.038733,11.3063,-72.57219,83.87849,16.775698,83.87849,0.035332,0.26212,31
3,sprungantwort_PAN_-5deg_20260622_213010.csv,PAN,3,5.0,5.0,+,1.07076,11.3062,-72.57219,83.87839,16.775678,83.87839,0.035332,0.26212,32
3,sprungantwort_PAN_-5deg_20260622_213010.csv,PAN,3,5.0,5.0,+,1.101733,11.2975,-72.57219,83.86969,16.773938,83.86969,0.035305,0.262093,33
3,sprungantwort_PAN_-5deg_20260622_213010.csv,PAN,3,5.0,5.0,+,1.13475,11.2861,-72.57219,83.85829,16.771658,83.85829,0.035269,0.262057,34
3,sprungantwort_PAN_-5deg_20260622_213010.csv,PAN,3,5.0,5.0,+,1.166587,11.3115,-72.57219,83.88369,16.776738,83.88369,0.035348,0.262136,35
3,sprungantwort_PAN_-5deg_20260622_213010.csv,PAN,3,5.0,5.0,+,1.199493,11.3072,-72.57219,83.87939,16.775878,83.87939,0.035335,0.262123,36
4,sprungantwort_PAN_-5deg_20260622_213010.csv,PAN,4,-5.0,5.0,-,0.0,11.2896,11.296044,-0.006444,0.001289,0.006444,0.03528,-2e-05,0
4,sprungantwort_PAN_-5deg_20260622_213010.csv,PAN,4,-5.0,5.0,-,0.0312,11.2776,11.296044,-0.018444,0.003689,0.018444,0.035242,-5.8e-05,1
4,sprungantwort_PAN_-5deg_20260622_213010.csv,PAN,4,-5.0,5.0,-,0.064808,11.2869,11.296044,-0.009144,0.001829,0.009144,0.035271,-2.9e-05,2
4,sprungantwort_PAN_-5deg_20260622_213010.csv,PAN,4,-5.0,5.0,-,0.09683,-18.5444,11.296044,-29.840444,5.968089,29.840444,-0.057951,-0.093251,3
4,sprungantwort_PAN_-5deg_20260622_213010.csv,PAN,4,-5.0,5.0,-,0.128859,-68.7512,11.296044,-80.047244,16.009449,80.047244,-0.214848,-0.250148,4
4,sprungantwort_PAN_-5deg_20260622_213010.csv,PAN,4,-5.0,5.0,-,0.159873,-69.6465,11.296044,-80.942544,16.188509,80.942544,-0.217645,-0.252945,5
4,sprungantwort_PAN_-5deg_20260622_213010.csv,PAN,4,-5.0,5.0,-,0.191918,-69.726,11.296044,-81.022044,16.204409,81.022044,-0.217894,-0.253194,6
4,sprungantwort_PAN_-5deg_20260622_213010.csv,PAN,4,-5.0,5.0,-,0.223274,-69.6861,11.296044,-80.982144,16.196429,80.982144,-0.217769,-0.253069,7
4,sprungantwort_PAN_-5deg_20260622_213010.csv,PAN,4,-5.0,5.0,-,0.255957,-69.5804,11.296044,-80.876444,16.175289,80.876444,-0.217439,-0.252739,8
4,sprungantwort_PAN_-5deg_20260622_213010.csv,PAN,4,-5.0,5.0,-,0.30492,-69.7151,11.296044,-81.011144,16.202229,81.011144,-0.21786,-0.25316,9
4,sprungantwort_PAN_-5deg_20260622_213010.csv,PAN,4,-5.0,5.0,-,0.335638,-69.682,11.296044,-80.978044,16.195609,80.978044,-0.217756,-0.253056,10
4,sprungantwort_PAN_-5deg_20260622_213010.csv,PAN,4,-5.0,5.0,-,0.367755,-69.6568,11.296044,-80.952844,16.190569,80.952844,-0.217677,-0.252977,11
4,sprungantwort_PAN_-5deg_20260622_213010.csv,PAN,4,-5.0,5.0,-,0.399867,-69.6942,11.296044,-80.990244,16.198049,80.990244,-0.217794,-0.253094,12
4,sprungantwort_PAN_-5deg_20260622_213010.csv,PAN,4,-5.0,5.0,-,0.431822,-69.6627,11.296044,-80.958744,16.191749,80.958744,-0.217696,-0.252996,13
4,sprungantwort_PAN_-5deg_20260622_213010.csv,PAN,4,-5.0,5.0,-,0.463834,-69.6637,11.296044,-80.959744,16.191949,80.959744,-0.217699,-0.252999,14
4,sprungantwort_PAN_-5deg_20260622_213010.csv,PAN,4,-5.0,5.0,-,0.495863,-69.6783,11.296044,-80.974344,16.194869,80.974344,-0.217745,-0.253045,15
4,sprungantwort_PAN_-5deg_20260622_213010.csv,PAN,4,-5.0,5.0,-,0.528901,-69.6818,11.296044,-80.977844,16.195569,80.977844,-0.217756,-0.253056,16
4,sprungantwort_PAN_-5deg_20260622_213010.csv,PAN,4,-5.0,5.0,-,0.5599,-69.6774,11.296044,-80.973444,16.194689,80.973444,-0.217742,-0.253042,17
4,sprungantwort_PAN_-5deg_20260622_213010.csv,PAN,4,-5.0,5.0,-,0.59193,-69.6593,11.296044,-80.955344,16.191069,80.955344,-0.217685,-0.252985,18
4,sprungantwort_PAN_-5deg_20260622_213010.csv,PAN,4,-5.0,5.0,-,0.623951,-69.6749,11.296044,-80.970944,16.194189,80.970944,-0.217734,-0.253034,19
4,sprungantwort_PAN_-5deg_20260622_213010.csv,PAN,4,-5.0,5.0,-,0.655768,-69.6803,11.296044,-80.976344,16.195269,80.976344,-0.217751,-0.253051,20
4,sprungantwort_PAN_-5deg_20260622_213010.csv,PAN,4,-5.0,5.0,-,0.703824,-69.6904,11.296044,-80.986444,16.197289,80.986444,-0.217783,-0.253083,21
4,sprungantwort_PAN_-5deg_20260622_213010.csv,PAN,4,-5.0,5.0,-,0.735039,-69.6453,11.296044,-80.941344,16.188269,80.941344,-0.217642,-0.252942,22
4,sprungantwort_PAN_-5deg_20260622_213010.csv,PAN,4,-5.0,5.0,-,0.767964,-69.6822,11.296044,-80.978244,16.195649,80.978244,-0.217757,-0.253057,23
4,sprungantwort_PAN_-5deg_20260622_213010.csv,PAN,4,-5.0,5.0,-,0.800605,-69.7006,11.296044,-80.996644,16.199329,80.996644,-0.217814,-0.253114,24
4,sprungantwort_PAN_-5deg_20260622_213010.csv,PAN,4,-5.0,5.0,-,0.832632,-69.6937,11.296044,-80.989744,16.197949,80.989744,-0.217793,-0.253093,25
4,sprungantwort_PAN_-5deg_20260622_213010.csv,PAN,4,-5.0,5.0,-,0.864633,-69.6707,11.296044,-80.966744,16.193349,80.966744,-0.217721,-0.253021,26
4,sprungantwort_PAN_-5deg_20260622_213010.csv,PAN,4,-5.0,5.0,-,0.895686,-69.6973,11.296044,-80.993344,16.198669,80.993344,-0.217804,-0.253104,27
4,sprungantwort_PAN_-5deg_20260622_213010.csv,PAN,4,-5.0,5.0,-,0.928155,-69.7018,11.296044,-80.997844,16.199569,80.997844,-0.217818,-0.253118,28
4,sprungantwort_PAN_-5deg_20260622_213010.csv,PAN,4,-5.0,5.0,-,0.960739,-69.685,11.296044,-80.981044,16.196209,80.981044,-0.217765,-0.253065,29
4,sprungantwort_PAN_-5deg_20260622_213010.csv,PAN,4,-5.0,5.0,-,0.99192,-69.7047,11.296044,-81.000744,16.200149,81.000744,-0.217827,-0.253127,30
4,sprungantwort_PAN_-5deg_20260622_213010.csv,PAN,4,-5.0,5.0,-,1.023889,-69.7111,11.296044,-81.007144,16.201429,81.007144,-0.217847,-0.253147,31
4,sprungantwort_PAN_-5deg_20260622_213010.csv,PAN,4,-5.0,5.0,-,1.056032,-69.6992,11.296044,-80.995244,16.199049,80.995244,-0.21781,-0.25311,32
4,sprungantwort_PAN_-5deg_20260622_213010.csv,PAN,4,-5.0,5.0,-,1.103944,-69.7019,11.296044,-80.997944,16.199589,80.997944,-0.217818,-0.253118,33
4,sprungantwort_PAN_-5deg_20260622_213010.csv,PAN,4,-5.0,5.0,-,1.136598,-69.703,11.296044,-80.999044,16.199809,80.999044,-0.217822,-0.253122,34
4,sprungantwort_PAN_-5deg_20260622_213010.csv,PAN,4,-5.0,5.0,-,1.167522,-69.6954,11.296044,-80.991444,16.198289,80.991444,-0.217798,-0.253098,35
4,sprungantwort_PAN_-5deg_20260622_213010.csv,PAN,4,-5.0,5.0,-,1.199743,-69.6956,11.296044,-80.991644,16.198329,80.991644,-0.217799,-0.253099,36
5,sprungantwort_PAN_-5deg_20260622_213010.csv,PAN,5,5.0,5.0,+,0.0,-69.684,-69.684278,0.000278,5.6e-05,0.000278,-0.217762,1e-06,0
5,sprungantwort_PAN_-5deg_20260622_213010.csv,PAN,5,5.0,5.0,+,0.030529,-69.6799,-69.684278,0.004378,0.000876,0.004378,-0.21775,1.3e-05,1
5,sprungantwort_PAN_-5deg_20260622_213010.csv,PAN,5,5.0,5.0,+,0.063584,-69.6078,-69.684278,0.076478,0.015296,0.076478,-0.217525,0.000238,2
5,sprungantwort_PAN_-5deg_20260622_213010.csv,PAN,5,5.0,5.0,+,0.094283,-33.8303,-69.684278,35.853978,7.170796,35.853978,-0.10572,0.112043,3
5,sprungantwort_PAN_-5deg_20260622_213010.csv,PAN,5,5.0,5.0,+,0.127499,7.0924,-69.684278,76.776678,15.355336,76.776678,0.022164,0.239927,4
5,sprungantwort_PAN_-5deg_20260622_213010.csv,PAN,5,5.0,5.0,+,0.174578,7.2782,-69.684278,76.962478,15.392496,76.962478,0.022744,0.240507,5
5,sprungantwort_PAN_-5deg_20260622_213010.csv,PAN,5,5.0,5.0,+,0.207555,7.1986,-69.684278,76.882878,15.376576,76.882878,0.022495,0.240258,6
5,sprungantwort_PAN_-5deg_20260622_213010.csv,PAN,5,5.0,5.0,+,0.238541,7.2811,-69.684278,76.965378,15.393076,76.965378,0.022753,0.240516,7
5,sprungantwort_PAN_-5deg_20260622_213010.csv,PAN,5,5.0,5.0,+,0.270735,7.2783,-69.684278,76.962578,15.392516,76.962578,0.022745,0.240508,8
5,sprungantwort_PAN_-5deg_20260622_213010.csv,PAN,5,5.0,5.0,+,0.303747,7.2129,-69.684278,76.897178,15.379436,76.897178,0.02254,0.240303,9
5,sprungantwort_PAN_-5deg_20260622_213010.csv,PAN,5,5.0,5.0,+,0.334753,7.258,-69.684278,76.942278,15.388456,76.942278,0.022681,0.240444,10
5,sprungantwort_PAN_-5deg_20260622_213010.csv,PAN,5,5.0,5.0,+,0.366612,7.289,-69.684278,76.973278,15.394656,76.973278,0.022778,0.240541,11
5,sprungantwort_PAN_-5deg_20260622_213010.csv,PAN,5,5.0,5.0,+,0.398674,7.2439,-69.684278,76.928178,15.385636,76.928178,0.022637,0.2404,12
5,sprungantwort_PAN_-5deg_20260622_213010.csv,PAN,5,5.0,5.0,+,0.43183,7.2576,-69.684278,76.941878,15.388376,76.941878,0.02268,0.240443,13
5,sprungantwort_PAN_-5deg_20260622_213010.csv,PAN,5,5.0,5.0,+,0.463373,7.2764,-69.684278,76.960678,15.392136,76.960678,0.022739,0.240502,14
5,sprungantwort_PAN_-5deg_20260622_213010.csv,PAN,5,5.0,5.0,+,0.495414,7.2616,-69.684278,76.945878,15.389176,76.945878,0.022692,0.240455,15
5,sprungantwort_PAN_-5deg_20260622_213010.csv,PAN,5,5.0,5.0,+,0.527594,7.2635,-69.684278,76.947778,15.389556,76.947778,0.022698,0.240461,16
5,sprungantwort_PAN_-5deg_20260622_213010.csv,PAN,5,5.0,5.0,+,0.575476,7.263,-69.684278,76.947278,15.389456,76.947278,0.022697,0.24046,17
5,sprungantwort_PAN_-5deg_20260622_213010.csv,PAN,5,5.0,5.0,+,0.605965,7.2595,-69.684278,76.943778,15.388756,76.943778,0.022686,0.240449,18
5,sprungantwort_PAN_-5deg_20260622_213010.csv,PAN,5,5.0,5.0,+,0.638205,7.2591,-69.684278,76.943378,15.388676,76.943378,0.022685,0.240448,19
5,sprungantwort_PAN_-5deg_20260622_213010.csv,PAN,5,5.0,5.0,+,0.671491,7.2773,-69.684278,76.961578,15.392316,76.961578,0.022741,0.240504,20
5,sprungantwort_PAN_-5deg_20260622_213010.csv,PAN,5,5.0,5.0,+,0.70342,7.2644,-69.684278,76.948678,15.389736,76.948678,0.022701,0.240464,21
5,sprungantwort_PAN_-5deg_20260622_213010.csv,PAN,5,5.0,5.0,+,0.735442,7.2417,-69.684278,76.925978,15.385196,76.925978,0.02263,0.240393,22
5,sprungantwort_PAN_-5deg_20260622_213010.csv,PAN,5,5.0,5.0,+,0.767596,7.2395,-69.684278,76.923778,15.384756,76.923778,0.022623,0.240386,23
5,sprungantwort_PAN_-5deg_20260622_213010.csv,PAN,5,5.0,5.0,+,0.800073,7.257,-69.684278,76.941278,15.388256,76.941278,0.022678,0.240441,24
5,sprungantwort_PAN_-5deg_20260622_213010.csv,PAN,5,5.0,5.0,+,0.83162,7.2353,-69.684278,76.919578,15.383916,76.919578,0.02261,0.240373,25
5,sprungantwort_PAN_-5deg_20260622_213010.csv,PAN,5,5.0,5.0,+,0.862781,7.2465,-69.684278,76.930778,15.386156,76.930778,0.022645,0.240408,26
5,sprungantwort_PAN_-5deg_20260622_213010.csv,PAN,5,5.0,5.0,+,0.894653,7.236,-69.684278,76.920278,15.384056,76.920278,0.022612,0.240375,27
5,sprungantwort_PAN_-5deg_20260622_213010.csv,PAN,5,5.0,5.0,+,0.926727,7.2335,-69.684278,76.917778,15.383556,76.917778,0.022605,0.240368,28
5,sprungantwort_PAN_-5deg_20260622_213010.csv,PAN,5,5.0,5.0,+,0.973724,7.2551,-69.684278,76.939378,15.387876,76.939378,0.022672,0.240435,29
5,sprungantwort_PAN_-5deg_20260622_213010.csv,PAN,5,5.0,5.0,+,1.007748,7.2382,-69.684278,76.922478,15.384496,76.922478,0.02262,0.240383,30
5,sprungantwort_PAN_-5deg_20260622_213010.csv,PAN,5,5.0,5.0,+,1.038858,7.2554,-69.684278,76.939678,15.387936,76.939678,0.022673,0.240436,31
5,sprungantwort_PAN_-5deg_20260622_213010.csv,PAN,5,5.0,5.0,+,1.070849,7.2301,-69.684278,76.914378,15.382876,76.914378,0.022594,0.240357,32
5,sprungantwort_PAN_-5deg_20260622_213010.csv,PAN,5,5.0,5.0,+,1.104262,7.2371,-69.684278,76.921378,15.384276,76.921378,0.022616,0.240379,33
5,sprungantwort_PAN_-5deg_20260622_213010.csv,PAN,5,5.0,5.0,+,1.13486,7.253,-69.684278,76.937278,15.387456,76.937278,0.022666,0.240429,34
5,sprungantwort_PAN_-5deg_20260622_213010.csv,PAN,5,5.0,5.0,+,1.165737,7.2554,-69.684278,76.939678,15.387936,76.939678,0.022673,0.240436,35
6,sprungantwort_PAN_-5deg_20260622_213010.csv,PAN,6,-5.0,5.0,-,0.0,7.2464,7.2448,0.0016,-0.00032,-0.0016,0.022645,5e-06,0
6,sprungantwort_PAN_-5deg_20260622_213010.csv,PAN,6,-5.0,5.0,-,0.047587,7.2468,7.2448,0.002,-0.0004,-0.002,0.022646,6e-06,1
6,sprungantwort_PAN_-5deg_20260622_213010.csv,PAN,6,-5.0,5.0,-,0.07961,7.2212,7.2448,-0.0236,0.00472,0.0236,0.022566,-7.4e-05,2
6,sprungantwort_PAN_-5deg_20260622_213010.csv,PAN,6,-5.0,5.0,-,0.111593,-27.8291,7.2448,-35.0739,7.01478,35.0739,-0.086966,-0.109606,3
6,sprungantwort_PAN_-5deg_20260622_213010.csv,PAN,6,-5.0,5.0,-,0.143401,-77.0516,7.2448,-84.2964,16.85928,84.2964,-0.240786,-0.263426,4
6,sprungantwort_PAN_-5deg_20260622_213010.csv,PAN,6,-5.0,5.0,-,0.175428,-77.3789,7.2448,-84.6237,16.92474,84.6237,-0.241809,-0.264449,5
6,sprungantwort_PAN_-5deg_20260622_213010.csv,PAN,6,-5.0,5.0,-,0.207375,-77.5003,7.2448,-84.7451,16.94902,84.7451,-0.242188,-0.264828,6
6,sprungantwort_PAN_-5deg_20260622_213010.csv,PAN,6,-5.0,5.0,-,0.239512,-77.5111,7.2448,-84.7559,16.95118,84.7559,-0.242222,-0.264862,7
6,sprungantwort_PAN_-5deg_20260622_213010.csv,PAN,6,-5.0,5.0,-,0.270562,-77.3674,7.2448,-84.6122,16.92244,84.6122,-0.241773,-0.264413,8
6,sprungantwort_PAN_-5deg_20260622_213010.csv,PAN,6,-5.0,5.0,-,0.302733,-77.4844,7.2448,-84.7292,16.94584,84.7292,-0.242139,-0.264779,9
6,sprungantwort_PAN_-5deg_20260622_213010.csv,PAN,6,-5.0,5.0,-,0.334931,-77.4804,7.2448,-84.7252,16.94504,84.7252,-0.242126,-0.264766,10
6,sprungantwort_PAN_-5deg_20260622_213010.csv,PAN,6,-5.0,5.0,-,0.366545,-77.4607,7.2448,-84.7055,16.9411,84.7055,-0.242065,-0.264705,11
6,sprungantwort_PAN_-5deg_20260622_213010.csv,PAN,6,-5.0,5.0,-,0.399617,-77.4839,7.2448,-84.7287,16.94574,84.7287,-0.242137,-0.264777,12
6,sprungantwort_PAN_-5deg_20260622_213010.csv,PAN,6,-5.0,5.0,-,0.447515,-77.4853,7.2448,-84.7301,16.94602,84.7301,-0.242141,-0.264781,13
6,sprungantwort_PAN_-5deg_20260622_213010.csv,PAN,6,-5.0,5.0,-,0.479559,-77.4376,7.2448,-84.6824,16.93648,84.6824,-0.241992,-0.264632,14
6,sprungantwort_PAN_-5deg_20260622_213010.csv,PAN,6,-5.0,5.0,-,0.511516,-77.4624,7.2448,-84.7072,16.94144,84.7072,-0.24207,-0.26471,15
6,sprungantwort_PAN_-5deg_20260622_213010.csv,PAN,6,-5.0,5.0,-,0.543612,-77.4801,7.2448,-84.7249,16.94498,84.7249,-0.242125,-0.264765,16
6,sprungantwort_PAN_-5deg_20260622_213010.csv,PAN,6,-5.0,5.0,-,0.574794,-77.4588,7.2448,-84.7036,16.94072,84.7036,-0.242059,-0.264699,17
6,sprungantwort_PAN_-5deg_20260622_213010.csv,PAN,6,-5.0,5.0,-,0.606446,-77.453,7.2448,-84.6978,16.93956,84.6978,-0.242041,-0.264681,18
6,sprungantwort_PAN_-5deg_20260622_213010.csv,PAN,6,-5.0,5.0,-,0.638695,-77.4979,7.2448,-84.7427,16.94854,84.7427,-0.242181,-0.264821,19
6,sprungantwort_PAN_-5deg_20260622_213010.csv,PAN,6,-5.0,5.0,-,0.67065,-77.464,7.2448,-84.7088,16.94176,84.7088,-0.242075,-0.264715,20
6,sprungantwort_PAN_-5deg_20260622_213010.csv,PAN,6,-5.0,5.0,-,0.70278,-77.4606,7.2448,-84.7054,16.94108,84.7054,-0.242064,-0.264704,21
6,sprungantwort_PAN_-5deg_20260622_213010.csv,PAN,6,-5.0,5.0,-,0.735741,-77.4855,7.2448,-84.7303,16.94606,84.7303,-0.242142,-0.264782,22
6,sprungantwort_PAN_-5deg_20260622_213010.csv,PAN,6,-5.0,5.0,-,0.767793,-77.4886,7.2448,-84.7334,16.94668,84.7334,-0.242152,-0.264792,23
6,sprungantwort_PAN_-5deg_20260622_213010.csv,PAN,6,-5.0,5.0,-,0.798792,-77.4775,7.2448,-84.7223,16.94446,84.7223,-0.242117,-0.264757,24
6,sprungantwort_PAN_-5deg_20260622_213010.csv,PAN,6,-5.0,5.0,-,0.847877,-77.4614,7.2448,-84.7062,16.94124,84.7062,-0.242067,-0.264707,25
6,sprungantwort_PAN_-5deg_20260622_213010.csv,PAN,6,-5.0,5.0,-,0.879619,-77.4532,7.2448,-84.698,16.9396,84.698,-0.242041,-0.264681,26
6,sprungantwort_PAN_-5deg_20260622_213010.csv,PAN,6,-5.0,5.0,-,0.910653,-77.4697,7.2448,-84.7145,16.9429,84.7145,-0.242093,-0.264733,27
6,sprungantwort_PAN_-5deg_20260622_213010.csv,PAN,6,-5.0,5.0,-,0.945188,-77.4663,7.2448,-84.7111,16.94222,84.7111,-0.242082,-0.264722,28
6,sprungantwort_PAN_-5deg_20260622_213010.csv,PAN,6,-5.0,5.0,-,0.972517,-77.4761,7.2448,-84.7209,16.94418,84.7209,-0.242113,-0.264753,29
6,sprungantwort_PAN_-5deg_20260622_213010.csv,PAN,6,-5.0,5.0,-,1.005476,-77.49,7.2448,-84.7348,16.94696,84.7348,-0.242156,-0.264796,30
6,sprungantwort_PAN_-5deg_20260622_213010.csv,PAN,6,-5.0,5.0,-,1.036527,-77.4735,7.2448,-84.7183,16.94366,84.7183,-0.242105,-0.264745,31
6,sprungantwort_PAN_-5deg_20260622_213010.csv,PAN,6,-5.0,5.0,-,1.068575,-77.4825,7.2448,-84.7273,16.94546,84.7273,-0.242133,-0.264773,32
6,sprungantwort_PAN_-5deg_20260622_213010.csv,PAN,6,-5.0,5.0,-,1.100602,-77.4831,7.2448,-84.7279,16.94558,84.7279,-0.242135,-0.264775,33
6,sprungantwort_PAN_-5deg_20260622_213010.csv,PAN,6,-5.0,5.0,-,1.133035,-77.5101,7.2448,-84.7549,16.95098,84.7549,-0.242219,-0.264859,34
6,sprungantwort_PAN_-5deg_20260622_213010.csv,PAN,6,-5.0,5.0,-,1.165494,-77.5245,7.2448,-84.7693,16.95386,84.7693,-0.242264,-0.264904,35
6,sprungantwort_PAN_-5deg_20260622_213010.csv,PAN,6,-5.0,5.0,-,1.196479,-77.517,7.2448,-84.7618,16.95236,84.7618,-0.242241,-0.264881,36
7,sprungantwort_PAN_-5deg_20260622_213010.csv,PAN,7,5.0,5.0,+,0.0,-77.5228,-77.505467,-0.017333,-0.003467,-0.017333,-0.242259,-5.4e-05,0
7,sprungantwort_PAN_-5deg_20260622_213010.csv,PAN,7,5.0,5.0,+,0.032644,-77.5078,-77.505467,-0.002333,-0.000467,-0.002333,-0.242212,-7e-06,1
7,sprungantwort_PAN_-5deg_20260622_213010.csv,PAN,7,5.0,5.0,+,0.063643,-77.5004,-77.505467,0.005067,0.001013,0.005067,-0.242189,1.6e-05,2
7,sprungantwort_PAN_-5deg_20260622_213010.csv,PAN,7,5.0,5.0,+,0.096705,-61.7734,-77.505467,15.732067,3.146413,15.732067,-0.193042,0.049163,3
7,sprungantwort_PAN_-5deg_20260622_213010.csv,PAN,7,5.0,5.0,+,0.129217,4.5222,-77.505467,82.027667,16.405533,82.027667,0.014132,0.256337,4
7,sprungantwort_PAN_-5deg_20260622_213010.csv,PAN,7,5.0,5.0,+,0.15977,7.9951,-77.505467,85.500567,17.100113,85.500567,0.024985,0.26719,5
7,sprungantwort_PAN_-5deg_20260622_213010.csv,PAN,7,5.0,5.0,+,0.192185,8.2016,-77.505467,85.707067,17.141413,85.707067,0.02563,0.267835,6
7,sprungantwort_PAN_-5deg_20260622_213010.csv,PAN,7,5.0,5.0,+,0.227849,8.1682,-77.505467,85.673667,17.134733,85.673667,0.025526,0.267731,7
7,sprungantwort_PAN_-5deg_20260622_213010.csv,PAN,7,5.0,5.0,+,0.257712,8.1233,-77.505467,85.628767,17.125753,85.628767,0.025385,0.26759,8
7,sprungantwort_PAN_-5deg_20260622_213010.csv,PAN,7,5.0,5.0,+,0.306746,8.1644,-77.505467,85.669867,17.133973,85.669867,0.025514,0.267719,9
7,sprungantwort_PAN_-5deg_20260622_213010.csv,PAN,7,5.0,5.0,+,0.338616,8.1363,-77.505467,85.641767,17.128353,85.641767,0.025426,0.267631,10
7,sprungantwort_PAN_-5deg_20260622_213010.csv,PAN,7,5.0,5.0,+,0.369687,8.1374,-77.505467,85.642867,17.128573,85.642867,0.025429,0.267634,11
7,sprungantwort_PAN_-5deg_20260622_213010.csv,PAN,7,5.0,5.0,+,0.401793,8.1269,-77.505467,85.632367,17.126473,85.632367,0.025397,0.267602,12
7,sprungantwort_PAN_-5deg_20260622_213010.csv,PAN,7,5.0,5.0,+,0.433823,8.1343,-77.505467,85.639767,17.127953,85.639767,0.02542,0.267625,13
7,sprungantwort_PAN_-5deg_20260622_213010.csv,PAN,7,5.0,5.0,+,0.465759,8.146,-77.505467,85.651467,17.130293,85.651467,0.025456,0.267661,14
7,sprungantwort_PAN_-5deg_20260622_213010.csv,PAN,7,5.0,5.0,+,0.497851,8.1353,-77.505467,85.640767,17.128153,85.640767,0.025423,0.267628,15
7,sprungantwort_PAN_-5deg_20260622_213010.csv,PAN,7,5.0,5.0,+,0.529695,8.1365,-77.505467,85.641967,17.128393,85.641967,0.025427,0.267632,16
7,sprungantwort_PAN_-5deg_20260622_213010.csv,PAN,7,5.0,5.0,+,0.561775,8.165,-77.505467,85.670467,17.134093,85.670467,0.025516,0.267721,17
7,sprungantwort_PAN_-5deg_20260622_213010.csv,PAN,7,5.0,5.0,+,0.594402,8.135,-77.505467,85.640467,17.128093,85.640467,0.025422,0.267627,18
7,sprungantwort_PAN_-5deg_20260622_213010.csv,PAN,7,5.0,5.0,+,0.625041,8.1357,-77.505467,85.641167,17.128233,85.641167,0.025424,0.267629,19
7,sprungantwort_PAN_-5deg_20260622_213010.csv,PAN,7,5.0,5.0,+,0.657811,8.1359,-77.505467,85.641367,17.128273,85.641367,0.025425,0.26763,20
7,sprungantwort_PAN_-5deg_20260622_213010.csv,PAN,7,5.0,5.0,+,0.706629,8.1513,-77.505467,85.656767,17.131353,85.656767,0.025473,0.267678,21
7,sprungantwort_PAN_-5deg_20260622_213010.csv,PAN,7,5.0,5.0,+,0.737467,8.1453,-77.505467,85.650767,17.130153,85.650767,0.025454,0.267659,22
7,sprungantwort_PAN_-5deg_20260622_213010.csv,PAN,7,5.0,5.0,+,0.769841,8.135,-77.505467,85.640467,17.128093,85.640467,0.025422,0.267627,23
7,sprungantwort_PAN_-5deg_20260622_213010.csv,PAN,7,5.0,5.0,+,0.801985,8.134,-77.505467,85.639467,17.127893,85.639467,0.025419,0.267624,24
7,sprungantwort_PAN_-5deg_20260622_213010.csv,PAN,7,5.0,5.0,+,0.832709,8.1375,-77.505467,85.642967,17.128593,85.642967,0.02543,0.267635,25
7,sprungantwort_PAN_-5deg_20260622_213010.csv,PAN,7,5.0,5.0,+,0.865906,8.148,-77.505467,85.653467,17.130693,85.653467,0.025463,0.267668,26
7,sprungantwort_PAN_-5deg_20260622_213010.csv,PAN,7,5.0,5.0,+,0.898465,8.1293,-77.505467,85.634767,17.126953,85.634767,0.025404,0.267609,27
7,sprungantwort_PAN_-5deg_20260622_213010.csv,PAN,7,5.0,5.0,+,0.930566,8.1536,-77.505467,85.659067,17.131813,85.659067,0.02548,0.267685,28
7,sprungantwort_PAN_-5deg_20260622_213010.csv,PAN,7,5.0,5.0,+,0.962852,8.1405,-77.505467,85.645967,17.129193,85.645967,0.025439,0.267644,29
7,sprungantwort_PAN_-5deg_20260622_213010.csv,PAN,7,5.0,5.0,+,0.994823,8.1589,-77.505467,85.664367,17.132873,85.664367,0.025497,0.267702,30
7,sprungantwort_PAN_-5deg_20260622_213010.csv,PAN,7,5.0,5.0,+,1.027772,8.1541,-77.505467,85.659567,17.131913,85.659567,0.025482,0.267687,31
7,sprungantwort_PAN_-5deg_20260622_213010.csv,PAN,7,5.0,5.0,+,1.057159,8.1562,-77.505467,85.661667,17.132333,85.661667,0.025488,0.267693,32
7,sprungantwort_PAN_-5deg_20260622_213010.csv,PAN,7,5.0,5.0,+,1.105648,8.1795,-77.505467,85.684967,17.136993,85.684967,0.025561,0.267766,33
7,sprungantwort_PAN_-5deg_20260622_213010.csv,PAN,7,5.0,5.0,+,1.136371,8.1535,-77.505467,85.658967,17.131793,85.658967,0.02548,0.267685,34
7,sprungantwort_PAN_-5deg_20260622_213010.csv,PAN,7,5.0,5.0,+,1.169706,8.1486,-77.505467,85.654067,17.130813,85.654067,0.025464,0.267669,35
8,sprungantwort_PAN_-5deg_20260622_213010.csv,PAN,8,-5.0,5.0,-,0.0,8.147,8.145844,0.001156,-0.000231,-0.001156,0.025459,3e-06,0
8,sprungantwort_PAN_-5deg_20260622_213010.csv,PAN,8,-5.0,5.0,-,0.032288,8.1461,8.145844,0.000256,-5.1e-05,-0.000256,0.025457,1e-06,1
8,sprungantwort_PAN_-5deg_20260622_213010.csv,PAN,8,-5.0,5.0,-,0.06429,6.7519,8.145844,-1.393944,0.278789,1.393944,0.0211,-0.004356,2
8,sprungantwort_PAN_-5deg_20260622_213010.csv,PAN,8,-5.0,5.0,-,0.095088,-52.2927,8.145844,-60.438544,12.087709,60.438544,-0.163415,-0.188871,3
8,sprungantwort_PAN_-5deg_20260622_213010.csv,PAN,8,-5.0,5.0,-,0.127871,-74.3236,8.145844,-82.469444,16.493889,82.469444,-0.232261,-0.257717,4
8,sprungantwort_PAN_-5deg_20260622_213010.csv,PAN,8,-5.0,5.0,-,0.160181,-73.8826,8.145844,-82.028444,16.405689,82.028444,-0.230883,-0.256339,5
8,sprungantwort_PAN_-5deg_20260622_213010.csv,PAN,8,-5.0,5.0,-,0.207156,-73.7896,8.145844,-81.935444,16.387089,81.935444,-0.230592,-0.256048,6
8,sprungantwort_PAN_-5deg_20260622_213010.csv,PAN,8,-5.0,5.0,-,0.238318,-73.9654,8.145844,-82.111244,16.422249,82.111244,-0.231142,-0.256598,7
8,sprungantwort_PAN_-5deg_20260622_213010.csv,PAN,8,-5.0,5.0,-,0.270231,-73.9271,8.145844,-82.072944,16.414589,82.072944,-0.231022,-0.256478,8
8,sprungantwort_PAN_-5deg_20260622_213010.csv,PAN,8,-5.0,5.0,-,0.303207,-73.8308,8.145844,-81.976644,16.395329,81.976644,-0.230721,-0.256177,9
8,sprungantwort_PAN_-5deg_20260622_213010.csv,PAN,8,-5.0,5.0,-,0.335206,-73.9305,8.145844,-82.076344,16.415269,82.076344,-0.231033,-0.256489,10
8,sprungantwort_PAN_-5deg_20260622_213010.csv,PAN,8,-5.0,5.0,-,0.366197,-73.9228,8.145844,-82.068644,16.413729,82.068644,-0.231009,-0.256465,11
8,sprungantwort_PAN_-5deg_20260622_213010.csv,PAN,8,-5.0,5.0,-,0.399089,-73.8964,8.145844,-82.042244,16.408449,82.042244,-0.230926,-0.256382,12
8,sprungantwort_PAN_-5deg_20260622_213010.csv,PAN,8,-5.0,5.0,-,0.431139,-73.9091,8.145844,-82.054944,16.410989,82.054944,-0.230966,-0.256422,13
8,sprungantwort_PAN_-5deg_20260622_213010.csv,PAN,8,-5.0,5.0,-,0.463514,-73.9112,8.145844,-82.057044,16.411409,82.057044,-0.230972,-0.256428,14
8,sprungantwort_PAN_-5deg_20260622_213010.csv,PAN,8,-5.0,5.0,-,0.497052,-73.9006,8.145844,-82.046444,16.409289,82.046444,-0.230939,-0.256395,15
8,sprungantwort_PAN_-5deg_20260622_213010.csv,PAN,8,-5.0,5.0,-,0.528108,-73.9278,8.145844,-82.073644,16.414729,82.073644,-0.231024,-0.25648,16
8,sprungantwort_PAN_-5deg_20260622_213010.csv,PAN,8,-5.0,5.0,-,0.559055,-73.9257,8.145844,-82.071544,16.414309,82.071544,-0.231018,-0.256474,17
8,sprungantwort_PAN_-5deg_20260622_213010.csv,PAN,8,-5.0,5.0,-,0.608026,-73.9009,8.145844,-82.046744,16.409349,82.046744,-0.23094,-0.256396,18
8,sprungantwort_PAN_-5deg_20260622_213010.csv,PAN,8,-5.0,5.0,-,0.638339,-73.9038,8.145844,-82.049644,16.409929,82.049644,-0.230949,-0.256405,19
8,sprungantwort_PAN_-5deg_20260622_213010.csv,PAN,8,-5.0,5.0,-,0.671278,-73.9333,8.145844,-82.079144,16.415829,82.079144,-0.231041,-0.256497,20
8,sprungantwort_PAN_-5deg_20260622_213010.csv,PAN,8,-5.0,5.0,-,0.703698,-73.9295,8.145844,-82.075344,16.415069,82.075344,-0.23103,-0.256486,21
8,sprungantwort_PAN_-5deg_20260622_213010.csv,PAN,8,-5.0,5.0,-,0.735383,-73.8961,8.145844,-82.041944,16.408389,82.041944,-0.230925,-0.256381,22
8,sprungantwort_PAN_-5deg_20260622_213010.csv,PAN,8,-5.0,5.0,-,0.766906,-73.9214,8.145844,-82.067244,16.413449,82.067244,-0.231004,-0.25646,23
8,sprungantwort_PAN_-5deg_20260622_213010.csv,PAN,8,-5.0,5.0,-,0.7994,-73.9445,8.145844,-82.090344,16.418069,82.090344,-0.231077,-0.256533,24
8,sprungantwort_PAN_-5deg_20260622_213010.csv,PAN,8,-5.0,5.0,-,0.831078,-73.9279,8.145844,-82.073744,16.414749,82.073744,-0.231025,-0.256481,25
8,sprungantwort_PAN_-5deg_20260622_213010.csv,PAN,8,-5.0,5.0,-,0.863078,-73.9065,8.145844,-82.052344,16.410469,82.052344,-0.230958,-0.256414,26
8,sprungantwort_PAN_-5deg_20260622_213010.csv,PAN,8,-5.0,5.0,-,0.895626,-73.938,8.145844,-82.083844,16.416769,82.083844,-0.231056,-0.256512,27
8,sprungantwort_PAN_-5deg_20260622_213010.csv,PAN,8,-5.0,5.0,-,0.926165,-73.9284,8.145844,-82.074244,16.414849,82.074244,-0.231026,-0.256482,28
8,sprungantwort_PAN_-5deg_20260622_213010.csv,PAN,8,-5.0,5.0,-,0.959067,-73.9315,8.145844,-82.077344,16.415469,82.077344,-0.231036,-0.256492,29
8,sprungantwort_PAN_-5deg_20260622_213010.csv,PAN,8,-5.0,5.0,-,1.00712,-73.9092,8.145844,-82.055044,16.411009,82.055044,-0.230966,-0.256422,30
8,sprungantwort_PAN_-5deg_20260622_213010.csv,PAN,8,-5.0,5.0,-,1.038468,-73.9322,8.145844,-82.078044,16.415609,82.078044,-0.231038,-0.256494,31
8,sprungantwort_PAN_-5deg_20260622_213010.csv,PAN,8,-5.0,5.0,-,1.072144,-73.9342,8.145844,-82.080044,16.416009,82.080044,-0.231044,-0.2565,32
8,sprungantwort_PAN_-5deg_20260622_213010.csv,PAN,8,-5.0,5.0,-,1.103125,-73.9265,8.145844,-82.072344,16.414469,82.072344,-0.23102,-0.256476,33
8,sprungantwort_PAN_-5deg_20260622_213010.csv,PAN,8,-5.0,5.0,-,1.135189,-73.9302,8.145844,-82.076044,16.415209,82.076044,-0.231032,-0.256488,34
8,sprungantwort_PAN_-5deg_20260622_213010.csv,PAN,8,-5.0,5.0,-,1.167113,-73.9235,8.145844,-82.069344,16.413869,82.069344,-0.231011,-0.256467,35
8,sprungantwort_PAN_-5deg_20260622_213010.csv,PAN,8,-5.0,5.0,-,1.199059,-73.9104,8.145844,-82.056244,16.411249,82.056244,-0.23097,-0.256426,36
9,sprungantwort_PAN_-5deg_20260622_213010.csv,PAN,9,5.0,5.0,+,0.0,-73.9194,-73.92079,0.00139,0.000278,0.00139,-0.230998,5e-06,0
9,sprungantwort_PAN_-5deg_20260622_213010.csv,PAN,9,5.0,5.0,+,0.04656,-73.9337,-73.92079,-0.01291,-0.002582,-0.01291,-0.231043,-4e-05,1
9,sprungantwort_PAN_-5deg_20260622_213010.csv,PAN,9,5.0,5.0,+,0.078489,-72.0135,-73.92079,1.90729,0.381458,1.90729,-0.225042,0.005961,2
9,sprungantwort_PAN_-5deg_20260622_213010.csv,PAN,9,5.0,5.0,+,0.110592,-9.4173,-73.92079,64.50349,12.900698,64.50349,-0.029429,0.201574,3
9,sprungantwort_PAN_-5deg_20260622_213010.csv,PAN,9,5.0,5.0,+,0.142638,9.6605,-73.92079,83.58129,16.716258,83.58129,0.030189,0.261192,4
9,sprungantwort_PAN_-5deg_20260622_213010.csv,PAN,9,5.0,5.0,+,0.174664,9.3648,-73.92079,83.28559,16.657118,83.28559,0.029265,0.260268,5
9,sprungantwort_PAN_-5deg_20260622_213010.csv,PAN,9,5.0,5.0,+,0.207695,9.2737,-73.92079,83.19449,16.638898,83.19449,0.02898,0.259983,6
9,sprungantwort_PAN_-5deg_20260622_213010.csv,PAN,9,5.0,5.0,+,0.239699,9.3088,-73.92079,83.22959,16.645918,83.22959,0.02909,0.260093,7
9,sprungantwort_PAN_-5deg_20260622_213010.csv,PAN,9,5.0,5.0,+,0.271741,9.323,-73.92079,83.24379,16.648758,83.24379,0.029134,0.260137,8
9,sprungantwort_PAN_-5deg_20260622_213010.csv,PAN,9,5.0,5.0,+,0.302784,9.2898,-73.92079,83.21059,16.642118,83.21059,0.029031,0.260034,9
9,sprungantwort_PAN_-5deg_20260622_213010.csv,PAN,9,5.0,5.0,+,0.335408,9.3012,-73.92079,83.22199,16.644398,83.22199,0.029066,0.260069,10
9,sprungantwort_PAN_-5deg_20260622_213010.csv,PAN,9,5.0,5.0,+,0.366834,9.2919,-73.92079,83.21269,16.642538,83.21269,0.029037,0.26004,11
9,sprungantwort_PAN_-5deg_20260622_213010.csv,PAN,9,5.0,5.0,+,0.397847,9.2681,-73.92079,83.18889,16.637778,83.18889,0.028963,0.259966,12
9,sprungantwort_PAN_-5deg_20260622_213010.csv,PAN,9,5.0,5.0,+,0.447075,9.2843,-73.92079,83.20509,16.641018,83.20509,0.029014,0.260017,13
9,sprungantwort_PAN_-5deg_20260622_213010.csv,PAN,9,5.0,5.0,+,0.479656,9.3131,-73.92079,83.23389,16.646778,83.23389,0.029103,0.260106,14
9,sprungantwort_PAN_-5deg_20260622_213010.csv,PAN,9,5.0,5.0,+,0.511623,9.2869,-73.92079,83.20769,16.641538,83.20769,0.029022,0.260025,15
9,sprungantwort_PAN_-5deg_20260622_213010.csv,PAN,9,5.0,5.0,+,0.542717,9.28,-73.92079,83.20079,16.640158,83.20079,0.029,0.260003,16
9,sprungantwort_PAN_-5deg_20260622_213010.csv,PAN,9,5.0,5.0,+,0.575618,9.256,-73.92079,83.17679,16.635358,83.17679,0.028925,0.259928,17
9,sprungantwort_PAN_-5deg_20260622_213010.csv,PAN,9,5.0,5.0,+,0.606756,9.2891,-73.92079,83.20989,16.641978,83.20989,0.029028,0.260031,18
9,sprungantwort_PAN_-5deg_20260622_213010.csv,PAN,9,5.0,5.0,+,0.638787,9.285,-73.92079,83.20579,16.641158,83.20579,0.029016,0.260019,19
9,sprungantwort_PAN_-5deg_20260622_213010.csv,PAN,9,5.0,5.0,+,0.670792,9.2894,-73.92079,83.21019,16.642038,83.21019,0.029029,0.260032,20
9,sprungantwort_PAN_-5deg_20260622_213010.csv,PAN,9,5.0,5.0,+,0.702102,9.2982,-73.92079,83.21899,16.643798,83.21899,0.029057,0.26006,21
9,sprungantwort_PAN_-5deg_20260622_213010.csv,PAN,9,5.0,5.0,+,0.734356,9.2775,-73.92079,83.19829,16.639658,83.19829,0.028992,0.259995,22
9,sprungantwort_PAN_-5deg_20260622_213010.csv,PAN,9,5.0,5.0,+,0.767876,9.2888,-73.92079,83.20959,16.641918,83.20959,0.029027,0.26003,23
9,sprungantwort_PAN_-5deg_20260622_213010.csv,PAN,9,5.0,5.0,+,0.798908,9.2863,-73.92079,83.20709,16.641418,83.20709,0.02902,0.260023,24
9,sprungantwort_PAN_-5deg_20260622_213010.csv,PAN,9,5.0,5.0,+,0.847481,9.2912,-73.92079,83.21199,16.642398,83.21199,0.029035,0.260038,25
9,sprungantwort_PAN_-5deg_20260622_213010.csv,PAN,9,5.0,5.0,+,0.880548,9.2831,-73.92079,83.20389,16.640778,83.20389,0.02901,0.260013,26
9,sprungantwort_PAN_-5deg_20260622_213010.csv,PAN,9,5.0,5.0,+,0.909857,9.2851,-73.92079,83.20589,16.641178,83.20589,0.029016,0.260019,27
9,sprungantwort_PAN_-5deg_20260622_213010.csv,PAN,9,5.0,5.0,+,0.942493,9.3021,-73.92079,83.22289,16.644578,83.22289,0.029069,0.260072,28
9,sprungantwort_PAN_-5deg_20260622_213010.csv,PAN,9,5.0,5.0,+,0.975196,9.2862,-73.92079,83.20699,16.641398,83.20699,0.029019,0.260022,29
9,sprungantwort_PAN_-5deg_20260622_213010.csv,PAN,9,5.0,5.0,+,1.007608,9.2888,-73.92079,83.20959,16.641918,83.20959,0.029028,0.260031,30
9,sprungantwort_PAN_-5deg_20260622_213010.csv,PAN,9,5.0,5.0,+,1.038639,9.2781,-73.92079,83.19889,16.639778,83.19889,0.028994,0.259997,31
9,sprungantwort_PAN_-5deg_20260622_213010.csv,PAN,9,5.0,5.0,+,1.07166,9.3086,-73.92079,83.22939,16.645878,83.22939,0.029089,0.260092,32
9,sprungantwort_PAN_-5deg_20260622_213010.csv,PAN,9,5.0,5.0,+,1.102685,9.3064,-73.92079,83.22719,16.645438,83.22719,0.029083,0.260086,33
9,sprungantwort_PAN_-5deg_20260622_213010.csv,PAN,9,5.0,5.0,+,1.134221,9.3096,-73.92079,83.23039,16.646078,83.23039,0.029093,0.260096,34
9,sprungantwort_PAN_-5deg_20260622_213010.csv,PAN,9,5.0,5.0,+,1.167737,9.2867,-73.92079,83.20749,16.641498,83.20749,0.029021,0.260024,35
9,sprungantwort_PAN_-5deg_20260622_213010.csv,PAN,9,5.0,5.0,+,1.197764,9.284,-73.92079,83.20479,16.640958,83.20479,0.029012,0.260015,36
10,sprungantwort_PAN_-5deg_20260622_214009.csv,PAN,0,-5.0,5.0,-,0.0,-0.362,-0.35713,-0.00487,0.000974,0.00487,-0.001131,-1.5e-05,0
10,sprungantwort_PAN_-5deg_20260622_214009.csv,PAN,0,-5.0,5.0,-,0.047666,-0.3378,-0.35713,0.01933,-0.003866,-0.01933,-0.001056,6e-05,1
10,sprungantwort_PAN_-5deg_20260622_214009.csv,PAN,0,-5.0,5.0,-,0.078793,-12.2603,-0.35713,-11.90317,2.380634,11.90317,-0.038314,-0.037198,2
10,sprungantwort_PAN_-5deg_20260622_214009.csv,PAN,0,-5.0,5.0,-,0.111314,-90.5927,-0.35713,-90.23557,18.047114,90.23557,-0.283102,-0.281986,3
10,sprungantwort_PAN_-5deg_20260622_214009.csv,PAN,0,-5.0,5.0,-,0.143204,-99.8733,-0.35713,-99.51617,19.903234,99.51617,-0.312104,-0.310988,4
10,sprungantwort_PAN_-5deg_20260622_214009.csv,PAN,0,-5.0,5.0,-,0.17526,-99.8932,-0.35713,-99.53607,19.907214,99.53607,-0.312166,-0.31105,5
10,sprungantwort_PAN_-5deg_20260622_214009.csv,PAN,0,-5.0,5.0,-,0.207283,-99.7943,-0.35713,-99.43717,19.887434,99.43717,-0.311857,-0.310741,6
10,sprungantwort_PAN_-5deg_20260622_214009.csv,PAN,0,-5.0,5.0,-,0.238292,-99.947,-0.35713,-99.58987,19.917974,99.58987,-0.312334,-0.311218,7
10,sprungantwort_PAN_-5deg_20260622_214009.csv,PAN,0,-5.0,5.0,-,0.270422,-99.9904,-0.35713,-99.63327,19.926654,99.63327,-0.31247,-0.311354,8
10,sprungantwort_PAN_-5deg_20260622_214009.csv,PAN,0,-5.0,5.0,-,0.30345,-99.8556,-0.35713,-99.49847,19.899694,99.49847,-0.312049,-0.310933,9
10,sprungantwort_PAN_-5deg_20260622_214009.csv,PAN,0,-5.0,5.0,-,0.33451,-99.9866,-0.35713,-99.62947,19.925894,99.62947,-0.312458,-0.311342,10
10,sprungantwort_PAN_-5deg_20260622_214009.csv,PAN,0,-5.0,5.0,-,0.369189,-99.9923,-0.35713,-99.63517,19.927034,99.63517,-0.312476,-0.31136,11
10,sprungantwort_PAN_-5deg_20260622_214009.csv,PAN,0,-5.0,5.0,-,0.400813,-99.8717,-0.35713,-99.51457,19.902914,99.51457,-0.312099,-0.310983,12
10,sprungantwort_PAN_-5deg_20260622_214009.csv,PAN,0,-5.0,5.0,-,0.448882,-99.9122,-0.35713,-99.55507,19.911014,99.55507,-0.312226,-0.31111,13
10,sprungantwort_PAN_-5deg_20260622_214009.csv,PAN,0,-5.0,5.0,-,0.480824,-99.9497,-0.35713,-99.59257,19.918514,99.59257,-0.312343,-0.311227,14
10,sprungantwort_PAN_-5deg_20260622_214009.csv,PAN,0,-5.0,5.0,-,0.513264,-99.9201,-0.35713,-99.56297,19.912594,99.56297,-0.31225,-0.311134,15
10,sprungantwort_PAN_-5deg_20260622_214009.csv,PAN,0,-5.0,5.0,-,0.544773,-99.9478,-0.35713,-99.59067,19.918134,99.59067,-0.312337,-0.311221,16
10,sprungantwort_PAN_-5deg_20260622_214009.csv,PAN,0,-5.0,5.0,-,0.57682,-99.9454,-0.35713,-99.58827,19.917654,99.58827,-0.312329,-0.311213,17
10,sprungantwort_PAN_-5deg_20260622_214009.csv,PAN,0,-5.0,5.0,-,0.610003,-99.9376,-0.35713,-99.58047,19.916094,99.58047,-0.312305,-0.311189,18
10,sprungantwort_PAN_-5deg_20260622_214009.csv,PAN,0,-5.0,5.0,-,0.641369,-99.9291,-0.35713,-99.57197,19.914394,99.57197,-0.312278,-0.311162,19
10,sprungantwort_PAN_-5deg_20260622_214009.csv,PAN,0,-5.0,5.0,-,0.67346,-99.9119,-0.35713,-99.55477,19.910954,99.55477,-0.312225,-0.311109,20
10,sprungantwort_PAN_-5deg_20260622_214009.csv,PAN,0,-5.0,5.0,-,0.704972,-99.9281,-0.35713,-99.57097,19.914194,99.57097,-0.312275,-0.311159,21
10,sprungantwort_PAN_-5deg_20260622_214009.csv,PAN,0,-5.0,5.0,-,0.736916,-99.8881,-0.35713,-99.53097,19.906194,99.53097,-0.31215,-0.311034,22
10,sprungantwort_PAN_-5deg_20260622_214009.csv,PAN,0,-5.0,5.0,-,0.767449,-99.9284,-0.35713,-99.57127,19.914254,99.57127,-0.312276,-0.31116,23
10,sprungantwort_PAN_-5deg_20260622_214009.csv,PAN,0,-5.0,5.0,-,0.799857,-99.9732,-0.35713,-99.61607,19.923214,99.61607,-0.312416,-0.3113,24
10,sprungantwort_PAN_-5deg_20260622_214009.csv,PAN,0,-5.0,5.0,-,0.848877,-99.9916,-0.35713,-99.63447,19.926894,99.63447,-0.312474,-0.311358,25
10,sprungantwort_PAN_-5deg_20260622_214009.csv,PAN,0,-5.0,5.0,-,0.880891,-99.9936,-0.35713,-99.63647,19.927294,99.63647,-0.31248,-0.311364,26
10,sprungantwort_PAN_-5deg_20260622_214009.csv,PAN,0,-5.0,5.0,-,0.914035,-99.9374,-0.35713,-99.58027,19.916054,99.58027,-0.312304,-0.311188,27
10,sprungantwort_PAN_-5deg_20260622_214009.csv,PAN,0,-5.0,5.0,-,0.945077,-99.9367,-0.35713,-99.57957,19.915914,99.57957,-0.312302,-0.311186,28
10,sprungantwort_PAN_-5deg_20260622_214009.csv,PAN,0,-5.0,5.0,-,0.977611,-99.9584,-0.35713,-99.60127,19.920254,99.60127,-0.31237,-0.311254,29
10,sprungantwort_PAN_-5deg_20260622_214009.csv,PAN,0,-5.0,5.0,-,1.009414,-99.9981,-0.35713,-99.64097,19.928194,99.64097,-0.312494,-0.311378,30
10,sprungantwort_PAN_-5deg_20260622_214009.csv,PAN,0,-5.0,5.0,-,1.040423,-99.9707,-0.35713,-99.61357,19.922714,99.61357,-0.312409,-0.311293,31
10,sprungantwort_PAN_-5deg_20260622_214009.csv,PAN,0,-5.0,5.0,-,1.072901,-99.993,-0.35713,-99.63587,19.927174,99.63587,-0.312478,-0.311362,32
10,sprungantwort_PAN_-5deg_20260622_214009.csv,PAN,0,-5.0,5.0,-,1.107138,-99.9583,-0.35713,-99.60117,19.920234,99.60117,-0.31237,-0.311254,33
10,sprungantwort_PAN_-5deg_20260622_214009.csv,PAN,0,-5.0,5.0,-,1.137681,-99.9611,-0.35713,-99.60397,19.920794,99.60397,-0.312378,-0.311262,34
10,sprungantwort_PAN_-5deg_20260622_214009.csv,PAN,0,-5.0,5.0,-,1.168985,-99.9759,-0.35713,-99.61877,19.923754,99.61877,-0.312425,-0.311309,35
11,sprungantwort_PAN_-5deg_20260622_214009.csv,PAN,1,5.0,5.0,+,0.0,-99.915,-99.895644,-0.019356,-0.003871,-0.019356,-0.312234,-6e-05,0
11,sprungantwort_PAN_-5deg_20260622_214009.csv,PAN,1,5.0,5.0,+,0.030739,-99.8777,-99.895644,0.017944,0.003589,0.017944,-0.312118,5.6e-05,1
11,sprungantwort_PAN_-5deg_20260622_214009.csv,PAN,1,5.0,5.0,+,0.062741,-99.8756,-99.895644,0.020044,0.004009,0.020044,-0.312111,6.3e-05,2
11,sprungantwort_PAN_-5deg_20260622_214009.csv,PAN,1,5.0,5.0,+,0.095251,-81.633,-99.895644,18.262644,3.652529,18.262644,-0.255103,0.057071,3
11,sprungantwort_PAN_-5deg_20260622_214009.csv,PAN,1,5.0,5.0,+,0.127262,-14.9899,-99.895644,84.905744,16.981149,84.905744,-0.046843,0.265331,4
11,sprungantwort_PAN_-5deg_20260622_214009.csv,PAN,1,5.0,5.0,+,0.159278,-12.0346,-99.895644,87.861044,17.572209,87.861044,-0.037608,0.274566,5
11,sprungantwort_PAN_-5deg_20260622_214009.csv,PAN,1,5.0,5.0,+,0.190839,-11.8865,-99.895644,88.009144,17.601829,88.009144,-0.037145,0.275029,6
11,sprungantwort_PAN_-5deg_20260622_214009.csv,PAN,1,5.0,5.0,+,0.223848,-11.8753,-99.895644,88.020344,17.604069,88.020344,-0.03711,0.275064,7
11,sprungantwort_PAN_-5deg_20260622_214009.csv,PAN,1,5.0,5.0,+,0.255849,-11.9609,-99.895644,87.934744,17.586949,87.934744,-0.037378,0.274796,8
11,sprungantwort_PAN_-5deg_20260622_214009.csv,PAN,1,5.0,5.0,+,0.287161,-11.9076,-99.895644,87.988044,17.597609,87.988044,-0.037211,0.274963,9
11,sprungantwort_PAN_-5deg_20260622_214009.csv,PAN,1,5.0,5.0,+,0.336159,-11.8911,-99.895644,88.004544,17.600909,88.004544,-0.03716,0.275014,10
11,sprungantwort_PAN_-5deg_20260622_214009.csv,PAN,1,5.0,5.0,+,0.366216,-11.9397,-99.895644,87.955944,17.591189,87.955944,-0.037311,0.274863,11
11,sprungantwort_PAN_-5deg_20260622_214009.csv,PAN,1,5.0,5.0,+,0.398717,-11.7791,-99.895644,88.116544,17.623309,88.116544,-0.03681,0.275364,12
11,sprungantwort_PAN_-5deg_20260622_214009.csv,PAN,1,5.0,5.0,+,0.43086,-11.5749,-99.895644,88.320744,17.664149,88.320744,-0.036172,0.276002,13
11,sprungantwort_PAN_-5deg_20260622_214009.csv,PAN,1,5.0,5.0,+,0.462573,-11.5041,-99.895644,88.391544,17.678309,88.391544,-0.03595,0.276224,14
11,sprungantwort_PAN_-5deg_20260622_214009.csv,PAN,1,5.0,5.0,+,0.495187,-11.4294,-99.895644,88.466244,17.693249,88.466244,-0.035717,0.276457,15
11,sprungantwort_PAN_-5deg_20260622_214009.csv,PAN,1,5.0,5.0,+,0.526246,-11.4656,-99.895644,88.430044,17.686009,88.430044,-0.03583,0.276344,16
11,sprungantwort_PAN_-5deg_20260622_214009.csv,PAN,1,5.0,5.0,+,0.558191,-11.5949,-99.895644,88.300744,17.660149,88.300744,-0.036234,0.27594,17
11,sprungantwort_PAN_-5deg_20260622_214009.csv,PAN,1,5.0,5.0,+,0.590836,-11.6292,-99.895644,88.266444,17.653289,88.266444,-0.036341,0.275833,18
11,sprungantwort_PAN_-5deg_20260622_214009.csv,PAN,1,5.0,5.0,+,0.622877,-11.5669,-99.895644,88.328744,17.665749,88.328744,-0.036147,0.276027,19
11,sprungantwort_PAN_-5deg_20260622_214009.csv,PAN,1,5.0,5.0,+,0.65489,-11.4817,-99.895644,88.413944,17.682789,88.413944,-0.03588,0.276294,20
11,sprungantwort_PAN_-5deg_20260622_214009.csv,PAN,1,5.0,5.0,+,0.688337,-11.4258,-99.895644,88.469844,17.693969,88.469844,-0.035706,0.276468,21
11,sprungantwort_PAN_-5deg_20260622_214009.csv,PAN,1,5.0,5.0,+,0.73643,-11.5583,-99.895644,88.337344,17.667469,88.337344,-0.03612,0.276054,22
11,sprungantwort_PAN_-5deg_20260622_214009.csv,PAN,1,5.0,5.0,+,0.769398,-11.5511,-99.895644,88.344544,17.668909,88.344544,-0.036097,0.276077,23
11,sprungantwort_PAN_-5deg_20260622_214009.csv,PAN,1,5.0,5.0,+,0.800464,-11.4598,-99.895644,88.435844,17.687169,88.435844,-0.035812,0.276362,24
11,sprungantwort_PAN_-5deg_20260622_214009.csv,PAN,1,5.0,5.0,+,0.832465,-11.4478,-99.895644,88.447844,17.689569,88.447844,-0.035774,0.2764,25
11,sprungantwort_PAN_-5deg_20260622_214009.csv,PAN,1,5.0,5.0,+,0.864477,-11.4312,-99.895644,88.464444,17.692889,88.464444,-0.035723,0.276451,26
11,sprungantwort_PAN_-5deg_20260622_214009.csv,PAN,1,5.0,5.0,+,0.89699,-11.535,-99.895644,88.360644,17.672129,88.360644,-0.036047,0.276127,27
11,sprungantwort_PAN_-5deg_20260622_214009.csv,PAN,1,5.0,5.0,+,0.928983,-11.5782,-99.895644,88.317444,17.663489,88.317444,-0.036182,0.275992,28
11,sprungantwort_PAN_-5deg_20260622_214009.csv,PAN,1,5.0,5.0,+,0.960041,-11.4948,-99.895644,88.400844,17.680169,88.400844,-0.035921,0.276253,29
11,sprungantwort_PAN_-5deg_20260622_214009.csv,PAN,1,5.0,5.0,+,0.993298,-11.3848,-99.895644,88.510844,17.702169,88.510844,-0.035578,0.276596,30
11,sprungantwort_PAN_-5deg_20260622_214009.csv,PAN,1,5.0,5.0,+,1.024319,-11.4436,-99.895644,88.452044,17.690409,88.452044,-0.035761,0.276413,31
11,sprungantwort_PAN_-5deg_20260622_214009.csv,PAN,1,5.0,5.0,+,1.057295,-11.5558,-99.895644,88.339844,17.667969,88.339844,-0.036112,0.276062,32
11,sprungantwort_PAN_-5deg_20260622_214009.csv,PAN,1,5.0,5.0,+,1.088814,-11.5404,-99.895644,88.355244,17.671049,88.355244,-0.036064,0.27611,33
11,sprungantwort_PAN_-5deg_20260622_214009.csv,PAN,1,5.0,5.0,+,1.136799,-11.5188,-99.895644,88.376844,17.675369,88.376844,-0.035996,0.276178,34
11,sprungantwort_PAN_-5deg_20260622_214009.csv,PAN,1,5.0,5.0,+,1.168829,-11.4944,-99.895644,88.401244,17.680249,88.401244,-0.03592,0.276254,35
12,sprungantwort_PAN_-5deg_20260622_214009.csv,PAN,2,-5.0,5.0,-,0.0,-11.5303,-11.564089,0.033789,-0.006758,-0.033789,-0.036032,0.000106,0
12,sprungantwort_PAN_-5deg_20260622_214009.csv,PAN,2,-5.0,5.0,-,0.03166,-11.5687,-11.564089,-0.004611,0.000922,0.004611,-0.036152,-1.4e-05,1
12,sprungantwort_PAN_-5deg_20260622_214009.csv,PAN,2,-5.0,5.0,-,0.063665,-13.4867,-11.564089,-1.922611,0.384522,1.922611,-0.042146,-0.006008,2
12,sprungantwort_PAN_-5deg_20260622_214009.csv,PAN,2,-5.0,5.0,-,0.095179,-70.5045,-11.564089,-58.940411,11.788082,58.940411,-0.220327,-0.184189,3
12,sprungantwort_PAN_-5deg_20260622_214009.csv,PAN,2,-5.0,5.0,-,0.128174,-90.4764,-11.564089,-78.912311,15.782462,78.912311,-0.282739,-0.246601,4
12,sprungantwort_PAN_-5deg_20260622_214009.csv,PAN,2,-5.0,5.0,-,0.160179,-93.6753,-11.564089,-82.111211,16.422242,82.111211,-0.292735,-0.256597,5
12,sprungantwort_PAN_-5deg_20260622_214009.csv,PAN,2,-5.0,5.0,-,0.192719,-94.7741,-11.564089,-83.210011,16.642002,83.210011,-0.296169,-0.260031,6
12,sprungantwort_PAN_-5deg_20260622_214009.csv,PAN,2,-5.0,5.0,-,0.239664,-94.8524,-11.564089,-83.288311,16.657662,83.288311,-0.296414,-0.260276,7
12,sprungantwort_PAN_-5deg_20260622_214009.csv,PAN,2,-5.0,5.0,-,0.271752,-94.6868,-11.564089,-83.122711,16.624542,83.122711,-0.295896,-0.259758,8
12,sprungantwort_PAN_-5deg_20260622_214009.csv,PAN,2,-5.0,5.0,-,0.304173,-94.6659,-11.564089,-83.101811,16.620362,83.101811,-0.295831,-0.259693,9
12,sprungantwort_PAN_-5deg_20260622_214009.csv,PAN,2,-5.0,5.0,-,0.335658,-94.7594,-11.564089,-83.195311,16.639062,83.195311,-0.296123,-0.259985,10
12,sprungantwort_PAN_-5deg_20260622_214009.csv,PAN,2,-5.0,5.0,-,0.367664,-94.8272,-11.564089,-83.263111,16.652622,83.263111,-0.296335,-0.260197,11
12,sprungantwort_PAN_-5deg_20260622_214009.csv,PAN,2,-5.0,5.0,-,0.399173,-94.8126,-11.564089,-83.248511,16.649702,83.248511,-0.296289,-0.260151,12
12,sprungantwort_PAN_-5deg_20260622_214009.csv,PAN,2,-5.0,5.0,-,0.431169,-94.7595,-11.564089,-83.195411,16.639082,83.195411,-0.296123,-0.259985,13
12,sprungantwort_PAN_-5deg_20260622_214009.csv,PAN,2,-5.0,5.0,-,0.463187,-94.7231,-11.564089,-83.159011,16.631802,83.159011,-0.29601,-0.259872,14
12,sprungantwort_PAN_-5deg_20260622_214009.csv,PAN,2,-5.0,5.0,-,0.495685,-94.7607,-11.564089,-83.196611,16.639322,83.196611,-0.296127,-0.259989,15
12,sprungantwort_PAN_-5deg_20260622_214009.csv,PAN,2,-5.0,5.0,-,0.527687,-94.8647,-11.564089,-83.300611,16.660122,83.300611,-0.296452,-0.260314,16
12,sprungantwort_PAN_-5deg_20260622_214009.csv,PAN,2,-5.0,5.0,-,0.559689,-94.7889,-11.564089,-83.224811,16.644962,83.224811,-0.296215,-0.260077,17
12,sprungantwort_PAN_-5deg_20260622_214009.csv,PAN,2,-5.0,5.0,-,0.592206,-94.7593,-11.564089,-83.195211,16.639042,83.195211,-0.296123,-0.259985,18
12,sprungantwort_PAN_-5deg_20260622_214009.csv,PAN,2,-5.0,5.0,-,0.639214,-94.6411,-11.564089,-83.077011,16.615402,83.077011,-0.295753,-0.259615,19
12,sprungantwort_PAN_-5deg_20260622_214009.csv,PAN,2,-5.0,5.0,-,0.671325,-94.6967,-11.564089,-83.132611,16.626522,83.132611,-0.295927,-0.259789,20
12,sprungantwort_PAN_-5deg_20260622_214009.csv,PAN,2,-5.0,5.0,-,0.703364,-94.7838,-11.564089,-83.219711,16.643942,83.219711,-0.296199,-0.260061,21
12,sprungantwort_PAN_-5deg_20260622_214009.csv,PAN,2,-5.0,5.0,-,0.735621,-94.8053,-11.564089,-83.241211,16.648242,83.241211,-0.296266,-0.260128,22
12,sprungantwort_PAN_-5deg_20260622_214009.csv,PAN,2,-5.0,5.0,-,0.76772,-94.777,-11.564089,-83.212911,16.642582,83.212911,-0.296178,-0.26004,23
12,sprungantwort_PAN_-5deg_20260622_214009.csv,PAN,2,-5.0,5.0,-,0.799669,-94.7324,-11.564089,-83.168311,16.633662,83.168311,-0.296039,-0.259901,24
12,sprungantwort_PAN_-5deg_20260622_214009.csv,PAN,2,-5.0,5.0,-,0.831614,-94.75,-11.564089,-83.185911,16.637182,83.185911,-0.296094,-0.259956,25
12,sprungantwort_PAN_-5deg_20260622_214009.csv,PAN,2,-5.0,5.0,-,0.862771,-94.7988,-11.564089,-83.234711,16.646942,83.234711,-0.296246,-0.260108,26
12,sprungantwort_PAN_-5deg_20260622_214009.csv,PAN,2,-5.0,5.0,-,0.894681,-94.8006,-11.564089,-83.236511,16.647302,83.236511,-0.296252,-0.260114,27
12,sprungantwort_PAN_-5deg_20260622_214009.csv,PAN,2,-5.0,5.0,-,0.928106,-94.7815,-11.564089,-83.217411,16.643482,83.217411,-0.296192,-0.260054,28
12,sprungantwort_PAN_-5deg_20260622_214009.csv,PAN,2,-5.0,5.0,-,0.959107,-94.7476,-11.564089,-83.183511,16.636702,83.183511,-0.296086,-0.259948,29
12,sprungantwort_PAN_-5deg_20260622_214009.csv,PAN,2,-5.0,5.0,-,0.990716,-94.773,-11.564089,-83.208911,16.641782,83.208911,-0.296165,-0.260027,30
12,sprungantwort_PAN_-5deg_20260622_214009.csv,PAN,2,-5.0,5.0,-,1.039664,-94.8129,-11.564089,-83.248811,16.649762,83.248811,-0.29629,-0.260152,31
12,sprungantwort_PAN_-5deg_20260622_214009.csv,PAN,2,-5.0,5.0,-,1.07168,-94.8208,-11.564089,-83.256711,16.651342,83.256711,-0.296315,-0.260177,32
12,sprungantwort_PAN_-5deg_20260622_214009.csv,PAN,2,-5.0,5.0,-,1.104263,-94.785,-11.564089,-83.220911,16.644182,83.220911,-0.296203,-0.260065,33
12,sprungantwort_PAN_-5deg_20260622_214009.csv,PAN,2,-5.0,5.0,-,1.135325,-94.7637,-11.564089,-83.199611,16.639922,83.199611,-0.296136,-0.259998,34
12,sprungantwort_PAN_-5deg_20260622_214009.csv,PAN,2,-5.0,5.0,-,1.167349,-94.7897,-11.564089,-83.225611,16.645122,83.225611,-0.296218,-0.26008,35
13,sprungantwort_PAN_-5deg_20260622_214009.csv,PAN,3,5.0,5.0,+,0.0,-94.7769,-94.771867,-0.005033,-0.001007,-0.005033,-0.296178,-1.6e-05,0
13,sprungantwort_PAN_-5deg_20260622_214009.csv,PAN,3,5.0,5.0,+,0.030658,-94.7927,-94.771867,-0.020833,-0.004167,-0.020833,-0.296227,-6.5e-05,1
13,sprungantwort_PAN_-5deg_20260622_214009.csv,PAN,3,5.0,5.0,+,0.062661,-94.7485,-94.771867,0.023367,0.004673,0.023367,-0.296089,7.3e-05,2
13,sprungantwort_PAN_-5deg_20260622_214009.csv,PAN,3,5.0,5.0,+,0.096175,-79.0961,-94.771867,15.675767,3.135153,15.675767,-0.247175,0.048987,3
13,sprungantwort_PAN_-5deg_20260622_214009.csv,PAN,3,5.0,5.0,+,0.143175,-16.8845,-94.771867,77.887367,15.577473,77.887367,-0.052764,0.243398,4
13,sprungantwort_PAN_-5deg_20260622_214009.csv,PAN,3,5.0,5.0,+,0.175753,-14.3449,-94.771867,80.426967,16.085393,80.426967,-0.044828,0.251334,5
13,sprungantwort_PAN_-5deg_20260622_214009.csv,PAN,3,5.0,5.0,+,0.207458,-14.2052,-94.771867,80.566667,16.113333,80.566667,-0.044391,0.251771,6
13,sprungantwort_PAN_-5deg_20260622_214009.csv,PAN,3,5.0,5.0,+,0.239395,-14.1825,-94.771867,80.589367,16.117873,80.589367,-0.04432,0.251842,7
13,sprungantwort_PAN_-5deg_20260622_214009.csv,PAN,3,5.0,5.0,+,0.271449,-14.2202,-94.771867,80.551667,16.110333,80.551667,-0.044438,0.251724,8
13,sprungantwort_PAN_-5deg_20260622_214009.csv,PAN,3,5.0,5.0,+,0.30296,-14.2371,-94.771867,80.534767,16.106953,80.534767,-0.044491,0.251671,9
13,sprungantwort_PAN_-5deg_20260622_214009.csv,PAN,3,5.0,5.0,+,0.33486,-14.2507,-94.771867,80.521167,16.104233,80.521167,-0.044534,0.251628,10
13,sprungantwort_PAN_-5deg_20260622_214009.csv,PAN,3,5.0,5.0,+,0.366964,-14.2682,-94.771867,80.503667,16.100733,80.503667,-0.044588,0.251574,11
13,sprungantwort_PAN_-5deg_20260622_214009.csv,PAN,3,5.0,5.0,+,0.399481,-14.26,-94.771867,80.511867,16.102373,80.511867,-0.044562,0.2516,12
13,sprungantwort_PAN_-5deg_20260622_214009.csv,PAN,3,5.0,5.0,+,0.431476,-14.1678,-94.771867,80.604067,16.120813,80.604067,-0.044274,0.251888,13
13,sprungantwort_PAN_-5deg_20260622_214009.csv,PAN,3,5.0,5.0,+,0.463372,-14.2317,-94.771867,80.540167,16.108033,80.540167,-0.044474,0.251688,14
13,sprungantwort_PAN_-5deg_20260622_214009.csv,PAN,3,5.0,5.0,+,0.496444,-14.2471,-94.771867,80.524767,16.104953,80.524767,-0.044522,0.25164,15
13,sprungantwort_PAN_-5deg_20260622_214009.csv,PAN,3,5.0,5.0,+,0.542277,-14.253,-94.771867,80.518867,16.103773,80.518867,-0.044541,0.251621,16
13,sprungantwort_PAN_-5deg_20260622_214009.csv,PAN,3,5.0,5.0,+,0.575356,-14.2043,-94.771867,80.567567,16.113513,80.567567,-0.044388,0.251774,17
13,sprungantwort_PAN_-5deg_20260622_214009.csv,PAN,3,5.0,5.0,+,0.606907,-14.1758,-94.771867,80.596067,16.119213,80.596067,-0.044299,0.251863,18
13,sprungantwort_PAN_-5deg_20260622_214009.csv,PAN,3,5.0,5.0,+,0.638908,-14.1745,-94.771867,80.597367,16.119473,80.597367,-0.044295,0.251867,19
13,sprungantwort_PAN_-5deg_20260622_214009.csv,PAN,3,5.0,5.0,+,0.671911,-14.1781,-94.771867,80.593767,16.118753,80.593767,-0.044307,0.251855,20
13,sprungantwort_PAN_-5deg_20260622_214009.csv,PAN,3,5.0,5.0,+,0.702841,-14.2211,-94.771867,80.550767,16.110153,80.550767,-0.044441,0.251721,21
13,sprungantwort_PAN_-5deg_20260622_214009.csv,PAN,3,5.0,5.0,+,0.73477,-14.1897,-94.771867,80.582167,16.116433,80.582167,-0.044343,0.251819,22
13,sprungantwort_PAN_-5deg_20260622_214009.csv,PAN,3,5.0,5.0,+,0.76678,-14.213,-94.771867,80.558867,16.111773,80.558867,-0.044416,0.251746,23
13,sprungantwort_PAN_-5deg_20260622_214009.csv,PAN,3,5.0,5.0,+,0.799331,-14.203,-94.771867,80.568867,16.113773,80.568867,-0.044384,0.251778,24
13,sprungantwort_PAN_-5deg_20260622_214009.csv,PAN,3,5.0,5.0,+,0.830297,-14.1898,-94.771867,80.582067,16.116413,80.582067,-0.044343,0.251819,25
13,sprungantwort_PAN_-5deg_20260622_214009.csv,PAN,3,5.0,5.0,+,0.863541,-14.174,-94.771867,80.597867,16.119573,80.597867,-0.044294,0.251868,26
13,sprungantwort_PAN_-5deg_20260622_214009.csv,PAN,3,5.0,5.0,+,0.895067,-14.1619,-94.771867,80.609967,16.121993,80.609967,-0.044256,0.251906,27
13,sprungantwort_PAN_-5deg_20260622_214009.csv,PAN,3,5.0,5.0,+,0.943068,-14.1608,-94.771867,80.611067,16.122213,80.611067,-0.044252,0.25191,28
13,sprungantwort_PAN_-5deg_20260622_214009.csv,PAN,3,5.0,5.0,+,0.975596,-14.1926,-94.771867,80.579267,16.115853,80.579267,-0.044352,0.25181,29
13,sprungantwort_PAN_-5deg_20260622_214009.csv,PAN,3,5.0,5.0,+,1.007018,-14.1692,-94.771867,80.602667,16.120533,80.602667,-0.044279,0.251883,30
13,sprungantwort_PAN_-5deg_20260622_214009.csv,PAN,3,5.0,5.0,+,1.039125,-14.1916,-94.771867,80.580267,16.116053,80.580267,-0.044349,0.251813,31
13,sprungantwort_PAN_-5deg_20260622_214009.csv,PAN,3,5.0,5.0,+,1.071123,-14.1324,-94.771867,80.639467,16.127893,80.639467,-0.044164,0.251998,32
13,sprungantwort_PAN_-5deg_20260622_214009.csv,PAN,3,5.0,5.0,+,1.103634,-14.148,-94.771867,80.623867,16.124773,80.623867,-0.044213,0.251949,33
13,sprungantwort_PAN_-5deg_20260622_214009.csv,PAN,3,5.0,5.0,+,1.135644,-14.1704,-94.771867,80.601467,16.120293,80.601467,-0.044283,0.251879,34
13,sprungantwort_PAN_-5deg_20260622_214009.csv,PAN,3,5.0,5.0,+,1.167636,-14.2131,-94.771867,80.558767,16.111753,80.558767,-0.044416,0.251746,35
13,sprungantwort_PAN_-5deg_20260622_214009.csv,PAN,3,5.0,5.0,+,1.199163,-14.1619,-94.771867,80.609967,16.121993,80.609967,-0.044256,0.251906,36
14,sprungantwort_PAN_-5deg_20260622_214009.csv,PAN,4,-5.0,5.0,-,0.0,-14.2127,-14.185278,-0.027422,0.005484,0.027422,-0.044415,-8.6e-05,0
14,sprungantwort_PAN_-5deg_20260622_214009.csv,PAN,4,-5.0,5.0,-,0.032353,-14.1661,-14.185278,0.019178,-0.003836,-0.019178,-0.044269,6e-05,1
14,sprungantwort_PAN_-5deg_20260622_214009.csv,PAN,4,-5.0,5.0,-,0.063904,-14.2245,-14.185278,-0.039222,0.007844,0.039222,-0.044451,-0.000122,2
14,sprungantwort_PAN_-5deg_20260622_214009.csv,PAN,4,-5.0,5.0,-,0.095928,-48.4853,-14.185278,-34.300022,6.860004,34.300022,-0.151516,-0.107187,3
14,sprungantwort_PAN_-5deg_20260622_214009.csv,PAN,4,-5.0,5.0,-,0.127914,-94.8352,-14.185278,-80.649922,16.129984,80.649922,-0.29636,-0.252031,4
14,sprungantwort_PAN_-5deg_20260622_214009.csv,PAN,4,-5.0,5.0,-,0.161439,-95.4558,-14.185278,-81.270522,16.254104,81.270522,-0.298299,-0.25397,5
14,sprungantwort_PAN_-5deg_20260622_214009.csv,PAN,4,-5.0,5.0,-,0.192436,-96.826,-14.185278,-82.640722,16.528144,82.640722,-0.302581,-0.258252,6
14,sprungantwort_PAN_-5deg_20260622_214009.csv,PAN,4,-5.0,5.0,-,0.224468,-96.8482,-14.185278,-82.662922,16.532584,82.662922,-0.302651,-0.258322,7
14,sprungantwort_PAN_-5deg_20260622_214009.csv,PAN,4,-5.0,5.0,-,0.255946,-96.8212,-14.185278,-82.635922,16.527184,82.635922,-0.302566,-0.258237,8
14,sprungantwort_PAN_-5deg_20260622_214009.csv,PAN,4,-5.0,5.0,-,0.287857,-96.8463,-14.185278,-82.661022,16.532204,82.661022,-0.302645,-0.258316,9
14,sprungantwort_PAN_-5deg_20260622_214009.csv,PAN,4,-5.0,5.0,-,0.319947,-96.8099,-14.185278,-82.624622,16.524924,82.624622,-0.302531,-0.258202,10
14,sprungantwort_PAN_-5deg_20260622_214009.csv,PAN,4,-5.0,5.0,-,0.351465,-96.8386,-14.185278,-82.653322,16.530664,82.653322,-0.302621,-0.258292,11
14,sprungantwort_PAN_-5deg_20260622_214009.csv,PAN,4,-5.0,5.0,-,0.40036,-96.8745,-14.185278,-82.689222,16.537844,82.689222,-0.302733,-0.258404,12
14,sprungantwort_PAN_-5deg_20260622_214009.csv,PAN,4,-5.0,5.0,-,0.431421,-96.8335,-14.185278,-82.648222,16.529644,82.648222,-0.302605,-0.258276,13
14,sprungantwort_PAN_-5deg_20260622_214009.csv,PAN,4,-5.0,5.0,-,0.46398,-96.8626,-14.185278,-82.677322,16.535464,82.677322,-0.302696,-0.258367,14
14,sprungantwort_PAN_-5deg_20260622_214009.csv,PAN,4,-5.0,5.0,-,0.495993,-96.8518,-14.185278,-82.666522,16.533304,82.666522,-0.302662,-0.258333,15
14,sprungantwort_PAN_-5deg_20260622_214009.csv,PAN,4,-5.0,5.0,-,0.527585,-96.8591,-14.185278,-82.673822,16.534764,82.673822,-0.302685,-0.258356,16
14,sprungantwort_PAN_-5deg_20260622_214009.csv,PAN,4,-5.0,5.0,-,0.560141,-96.859,-14.185278,-82.673722,16.534744,82.673722,-0.302684,-0.258355,17
14,sprungantwort_PAN_-5deg_20260622_214009.csv,PAN,4,-5.0,5.0,-,0.592242,-96.8697,-14.185278,-82.684422,16.536884,82.684422,-0.302718,-0.258389,18
14,sprungantwort_PAN_-5deg_20260622_214009.csv,PAN,4,-5.0,5.0,-,0.623247,-96.8534,-14.185278,-82.668122,16.533624,82.668122,-0.302667,-0.258338,19
14,sprungantwort_PAN_-5deg_20260622_214009.csv,PAN,4,-5.0,5.0,-,0.655748,-96.8767,-14.185278,-82.691422,16.538284,82.691422,-0.30274,-0.258411,20
14,sprungantwort_PAN_-5deg_20260622_214009.csv,PAN,4,-5.0,5.0,-,0.687732,-96.8556,-14.185278,-82.670322,16.534064,82.670322,-0.302674,-0.258345,21
14,sprungantwort_PAN_-5deg_20260622_214009.csv,PAN,4,-5.0,5.0,-,0.719753,-96.8531,-14.185278,-82.667822,16.533564,82.667822,-0.302666,-0.258337,22
14,sprungantwort_PAN_-5deg_20260622_214009.csv,PAN,4,-5.0,5.0,-,0.752229,-96.8458,-14.185278,-82.660522,16.532104,82.660522,-0.302643,-0.258314,23
14,sprungantwort_PAN_-5deg_20260622_214009.csv,PAN,4,-5.0,5.0,-,0.800271,-96.8358,-14.185278,-82.650522,16.530104,82.650522,-0.302612,-0.258283,24
14,sprungantwort_PAN_-5deg_20260622_214009.csv,PAN,4,-5.0,5.0,-,0.832319,-96.8587,-14.185278,-82.673422,16.534684,82.673422,-0.302684,-0.258355,25
14,sprungantwort_PAN_-5deg_20260622_214009.csv,PAN,4,-5.0,5.0,-,0.863789,-96.8465,-14.185278,-82.661222,16.532244,82.661222,-0.302645,-0.258316,26
14,sprungantwort_PAN_-5deg_20260622_214009.csv,PAN,4,-5.0,5.0,-,0.895785,-96.8803,-14.185278,-82.695022,16.539004,82.695022,-0.302751,-0.258422,27
14,sprungantwort_PAN_-5deg_20260622_214009.csv,PAN,4,-5.0,5.0,-,0.927788,-96.8488,-14.185278,-82.663522,16.532704,82.663522,-0.302652,-0.258323,28
14,sprungantwort_PAN_-5deg_20260622_214009.csv,PAN,4,-5.0,5.0,-,0.958695,-96.8726,-14.185278,-82.687322,16.537464,82.687322,-0.302727,-0.258398,29
14,sprungantwort_PAN_-5deg_20260622_214009.csv,PAN,4,-5.0,5.0,-,0.992317,-96.8619,-14.185278,-82.676622,16.535324,82.676622,-0.302693,-0.258364,30
14,sprungantwort_PAN_-5deg_20260622_214009.csv,PAN,4,-5.0,5.0,-,1.023046,-96.8738,-14.185278,-82.688522,16.537704,82.688522,-0.302731,-0.258402,31
14,sprungantwort_PAN_-5deg_20260622_214009.csv,PAN,4,-5.0,5.0,-,1.056173,-96.8813,-14.185278,-82.696022,16.539204,82.696022,-0.302754,-0.258425,32
14,sprungantwort_PAN_-5deg_20260622_214009.csv,PAN,4,-5.0,5.0,-,1.08817,-96.8559,-14.185278,-82.670622,16.534124,82.670622,-0.302675,-0.258346,33
14,sprungantwort_PAN_-5deg_20260622_214009.csv,PAN,4,-5.0,5.0,-,1.120174,-96.8723,-14.185278,-82.687022,16.537404,82.687022,-0.302726,-0.258397,34
14,sprungantwort_PAN_-5deg_20260622_214009.csv,PAN,4,-5.0,5.0,-,1.151692,-96.853,-14.185278,-82.667722,16.533544,82.667722,-0.302666,-0.258337,35
14,sprungantwort_PAN_-5deg_20260622_214009.csv,PAN,4,-5.0,5.0,-,1.199689,-96.8524,-14.185278,-82.667122,16.533424,82.667122,-0.302664,-0.258335,36
15,sprungantwort_PAN_-5deg_20260622_214009.csv,PAN,5,5.0,5.0,+,0.0,-96.8741,-96.870978,-0.003122,-0.000624,-0.003122,-0.302732,-1e-05,0
15,sprungantwort_PAN_-5deg_20260622_214009.csv,PAN,5,5.0,5.0,+,0.032131,-96.8979,-96.870978,-0.026922,-0.005384,-0.026922,-0.302806,-8.4e-05,1
15,sprungantwort_PAN_-5deg_20260622_214009.csv,PAN,5,5.0,5.0,+,0.064179,-96.7371,-96.870978,0.133878,0.026776,0.133878,-0.302303,0.000419,2
15,sprungantwort_PAN_-5deg_20260622_214009.csv,PAN,5,5.0,5.0,+,0.097,-54.1249,-96.870978,42.746078,8.549216,42.746078,-0.16914,0.133582,3
15,sprungantwort_PAN_-5deg_20260622_214009.csv,PAN,5,5.0,5.0,+,0.128579,-9.6041,-96.870978,87.266878,17.453376,87.266878,-0.030013,0.272709,4
15,sprungantwort_PAN_-5deg_20260622_214009.csv,PAN,5,5.0,5.0,+,0.159518,-9.6652,-96.870978,87.205778,17.441156,87.205778,-0.030204,0.272518,5
15,sprungantwort_PAN_-5deg_20260622_214009.csv,PAN,5,5.0,5.0,+,0.192204,-9.7657,-96.870978,87.105278,17.421056,87.105278,-0.030518,0.272204,6
15,sprungantwort_PAN_-5deg_20260622_214009.csv,PAN,5,5.0,5.0,+,0.224724,-9.6756,-96.870978,87.195378,17.439076,87.195378,-0.030236,0.272486,7
15,sprungantwort_PAN_-5deg_20260622_214009.csv,PAN,5,5.0,5.0,+,0.273729,-9.6784,-96.870978,87.192578,17.438516,87.192578,-0.030245,0.272477,8
15,sprungantwort_PAN_-5deg_20260622_214009.csv,PAN,5,5.0,5.0,+,0.304692,-9.7384,-96.870978,87.132578,17.426516,87.132578,-0.030433,0.272289,9
15,sprungantwort_PAN_-5deg_20260622_214009.csv,PAN,5,5.0,5.0,+,0.336251,-9.7373,-96.870978,87.133678,17.426736,87.133678,-0.030429,0.272293,10
15,sprungantwort_PAN_-5deg_20260622_214009.csv,PAN,5,5.0,5.0,+,0.368275,-9.713,-96.870978,87.157978,17.431596,87.157978,-0.030353,0.272369,11
15,sprungantwort_PAN_-5deg_20260622_214009.csv,PAN,5,5.0,5.0,+,0.400895,-9.7501,-96.870978,87.120878,17.424176,87.120878,-0.030469,0.272253,12
15,sprungantwort_PAN_-5deg_20260622_214009.csv,PAN,5,5.0,5.0,+,0.432179,-9.7613,-96.870978,87.109678,17.421936,87.109678,-0.030504,0.272218,13
15,sprungantwort_PAN_-5deg_20260622_214009.csv,PAN,5,5.0,5.0,+,0.465176,-9.7219,-96.870978,87.149078,17.429816,87.149078,-0.030381,0.272341,14
15,sprungantwort_PAN_-5deg_20260622_214009.csv,PAN,5,5.0,5.0,+,0.495632,-9.751,-96.870978,87.119978,17.423996,87.119978,-0.030472,0.27225,15
15,sprungantwort_PAN_-5deg_20260622_214009.csv,PAN,5,5.0,5.0,+,0.528697,-9.7679,-96.870978,87.103078,17.420616,87.103078,-0.030525,0.272197,16
15,sprungantwort_PAN_-5deg_20260622_214009.csv,PAN,5,5.0,5.0,+,0.560694,-9.7248,-96.870978,87.146178,17.429236,87.146178,-0.03039,0.272332,17
15,sprungantwort_PAN_-5deg_20260622_214009.csv,PAN,5,5.0,5.0,+,0.592701,-9.736,-96.870978,87.134978,17.426996,87.134978,-0.030425,0.272297,18
15,sprungantwort_PAN_-5deg_20260622_214009.csv,PAN,5,5.0,5.0,+,0.623074,-9.7224,-96.870978,87.148578,17.429716,87.148578,-0.030383,0.272339,19
15,sprungantwort_PAN_-5deg_20260622_214009.csv,PAN,5,5.0,5.0,+,0.672174,-9.7292,-96.870978,87.141778,17.428356,87.141778,-0.030404,0.272318,20
15,sprungantwort_PAN_-5deg_20260622_214009.csv,PAN,5,5.0,5.0,+,0.705226,-9.7354,-96.870978,87.135578,17.427116,87.135578,-0.030423,0.272299,21
15,sprungantwort_PAN_-5deg_20260622_214009.csv,PAN,5,5.0,5.0,+,0.736682,-9.723,-96.870978,87.147978,17.429596,87.147978,-0.030384,0.272338,22
15,sprungantwort_PAN_-5deg_20260622_214009.csv,PAN,5,5.0,5.0,+,0.769287,-9.7305,-96.870978,87.140478,17.428096,87.140478,-0.030408,0.272314,23
15,sprungantwort_PAN_-5deg_20260622_214009.csv,PAN,5,5.0,5.0,+,0.800251,-9.7329,-96.870978,87.138078,17.427616,87.138078,-0.030415,0.272307,24
15,sprungantwort_PAN_-5deg_20260622_214009.csv,PAN,5,5.0,5.0,+,0.832721,-9.7476,-96.870978,87.123378,17.424676,87.123378,-0.030461,0.272261,25
15,sprungantwort_PAN_-5deg_20260622_214009.csv,PAN,5,5.0,5.0,+,0.864638,-9.7356,-96.870978,87.135378,17.427076,87.135378,-0.030424,0.272298,26
15,sprungantwort_PAN_-5deg_20260622_214009.csv,PAN,5,5.0,5.0,+,0.896103,-9.7276,-96.870978,87.143378,17.428676,87.143378,-0.030399,0.272323,27
15,sprungantwort_PAN_-5deg_20260622_214009.csv,PAN,5,5.0,5.0,+,0.92776,-9.7362,-96.870978,87.134778,17.426956,87.134778,-0.030426,0.272296,28
15,sprungantwort_PAN_-5deg_20260622_214009.csv,PAN,5,5.0,5.0,+,0.959714,-9.7429,-96.870978,87.128078,17.425616,87.128078,-0.030446,0.272276,29
15,sprungantwort_PAN_-5deg_20260622_214009.csv,PAN,5,5.0,5.0,+,0.99172,-9.7364,-96.870978,87.134578,17.426916,87.134578,-0.030426,0.272296,30
15,sprungantwort_PAN_-5deg_20260622_214009.csv,PAN,5,5.0,5.0,+,1.025668,-9.7262,-96.870978,87.144778,17.428956,87.144778,-0.030394,0.272328,31
15,sprungantwort_PAN_-5deg_20260622_214009.csv,PAN,5,5.0,5.0,+,1.072713,-9.7365,-96.870978,87.134478,17.426896,87.134478,-0.030427,0.272295,32
15,sprungantwort_PAN_-5deg_20260622_214009.csv,PAN,5,5.0,5.0,+,1.104764,-9.7246,-96.870978,87.146378,17.429276,87.146378,-0.030389,0.272333,33
15,sprungantwort_PAN_-5deg_20260622_214009.csv,PAN,5,5.0,5.0,+,1.136847,-9.7209,-96.870978,87.150078,17.430016,87.150078,-0.030378,0.272344,34
15,sprungantwort_PAN_-5deg_20260622_214009.csv,PAN,5,5.0,5.0,+,1.167712,-9.7137,-96.870978,87.157278,17.431456,87.157278,-0.030355,0.272367,35
16,sprungantwort_PAN_-5deg_20260622_214009.csv,PAN,6,-5.0,5.0,-,0.0,-9.7123,-9.696133,-0.016167,0.003233,0.016167,-0.030351,-5.1e-05,0
16,sprungantwort_PAN_-5deg_20260622_214009.csv,PAN,6,-5.0,5.0,-,0.031679,-9.7113,-9.696133,-0.015167,0.003033,0.015167,-0.030348,-4.8e-05,1
16,sprungantwort_PAN_-5deg_20260622_214009.csv,PAN,6,-5.0,5.0,-,0.063545,-14.594,-9.696133,-4.897867,0.979573,4.897867,-0.045606,-0.015306,2
16,sprungantwort_PAN_-5deg_20260622_214009.csv,PAN,6,-5.0,5.0,-,0.095546,-78.7382,-9.696133,-69.042067,13.808413,69.042067,-0.246057,-0.215757,3
16,sprungantwort_PAN_-5deg_20260622_214009.csv,PAN,6,-5.0,5.0,-,0.12725,-91.4286,-9.696133,-81.732467,16.346493,81.732467,-0.285714,-0.255414,4
16,sprungantwort_PAN_-5deg_20260622_214009.csv,PAN,6,-5.0,5.0,-,0.176751,-97.1936,-9.696133,-87.497467,17.499493,87.497467,-0.30373,-0.27343,5
16,sprungantwort_PAN_-5deg_20260622_214009.csv,PAN,6,-5.0,5.0,-,0.207679,-97.8478,-9.696133,-88.151667,17.630333,88.151667,-0.305775,-0.275475,6
16,sprungantwort_PAN_-5deg_20260622_214009.csv,PAN,6,-5.0,5.0,-,0.240558,-98.0389,-9.696133,-88.342767,17.668553,88.342767,-0.306372,-0.276072,7
16,sprungantwort_PAN_-5deg_20260622_214009.csv,PAN,6,-5.0,5.0,-,0.271989,-98.0009,-9.696133,-88.304767,17.660953,88.304767,-0.306253,-0.275953,8
16,sprungantwort_PAN_-5deg_20260622_214009.csv,PAN,6,-5.0,5.0,-,0.303908,-97.9471,-9.696133,-88.250967,17.650193,88.250967,-0.306085,-0.275785,9
16,sprungantwort_PAN_-5deg_20260622_214009.csv,PAN,6,-5.0,5.0,-,0.336486,-97.9581,-9.696133,-88.261967,17.652393,88.261967,-0.306119,-0.275819,10
16,sprungantwort_PAN_-5deg_20260622_214009.csv,PAN,6,-5.0,5.0,-,0.367483,-97.9774,-9.696133,-88.281267,17.656253,88.281267,-0.306179,-0.275879,11
16,sprungantwort_PAN_-5deg_20260622_214009.csv,PAN,6,-5.0,5.0,-,0.399484,-97.9702,-9.696133,-88.274067,17.654813,88.274067,-0.306157,-0.275857,12
16,sprungantwort_PAN_-5deg_20260622_214009.csv,PAN,6,-5.0,5.0,-,0.432136,-97.9964,-9.696133,-88.300267,17.660053,88.300267,-0.306239,-0.275939,13
16,sprungantwort_PAN_-5deg_20260622_214009.csv,PAN,6,-5.0,5.0,-,0.464138,-98.0355,-9.696133,-88.339367,17.667873,88.339367,-0.306361,-0.276061,14
16,sprungantwort_PAN_-5deg_20260622_214009.csv,PAN,6,-5.0,5.0,-,0.496226,-97.9836,-9.696133,-88.287467,17.657493,88.287467,-0.306199,-0.275899,15
16,sprungantwort_PAN_-5deg_20260622_214009.csv,PAN,6,-5.0,5.0,-,0.527737,-97.9805,-9.696133,-88.284367,17.656873,88.284367,-0.306189,-0.275889,16
16,sprungantwort_PAN_-5deg_20260622_214009.csv,PAN,6,-5.0,5.0,-,0.57574,-97.9688,-9.696133,-88.272667,17.654533,88.272667,-0.306152,-0.275852,17
16,sprungantwort_PAN_-5deg_20260622_214009.csv,PAN,6,-5.0,5.0,-,0.607649,-97.9635,-9.696133,-88.267367,17.653473,88.267367,-0.306136,-0.275836,18
16,sprungantwort_PAN_-5deg_20260622_214009.csv,PAN,6,-5.0,5.0,-,0.63987,-97.9719,-9.696133,-88.275767,17.655153,88.275767,-0.306162,-0.275862,19
16,sprungantwort_PAN_-5deg_20260622_214009.csv,PAN,6,-5.0,5.0,-,0.671855,-98.0103,-9.696133,-88.314167,17.662833,88.314167,-0.306282,-0.275982,20
16,sprungantwort_PAN_-5deg_20260622_214009.csv,PAN,6,-5.0,5.0,-,0.70395,-97.9715,-9.696133,-88.275367,17.655073,88.275367,-0.306161,-0.275861,21
16,sprungantwort_PAN_-5deg_20260622_214009.csv,PAN,6,-5.0,5.0,-,0.735481,-98.0027,-9.696133,-88.306567,17.661313,88.306567,-0.306258,-0.275958,22
16,sprungantwort_PAN_-5deg_20260622_214009.csv,PAN,6,-5.0,5.0,-,0.76831,-98.0069,-9.696133,-88.310767,17.662153,88.310767,-0.306272,-0.275972,23
16,sprungantwort_PAN_-5deg_20260622_214009.csv,PAN,6,-5.0,5.0,-,0.800307,-98.0376,-9.696133,-88.341467,17.668293,88.341467,-0.306368,-0.276068,24
16,sprungantwort_PAN_-5deg_20260622_214009.csv,PAN,6,-5.0,5.0,-,0.831832,-97.9786,-9.696133,-88.282467,17.656493,88.282467,-0.306183,-0.275883,25
16,sprungantwort_PAN_-5deg_20260622_214009.csv,PAN,6,-5.0,5.0,-,0.863386,-97.9712,-9.696133,-88.275067,17.655013,88.275067,-0.30616,-0.27586,26
16,sprungantwort_PAN_-5deg_20260622_214009.csv,PAN,6,-5.0,5.0,-,0.895333,-97.994,-9.696133,-88.297867,17.659573,88.297867,-0.306231,-0.275931,27
16,sprungantwort_PAN_-5deg_20260622_214009.csv,PAN,6,-5.0,5.0,-,0.928463,-97.9725,-9.696133,-88.276367,17.655273,88.276367,-0.306164,-0.275864,28
16,sprungantwort_PAN_-5deg_20260622_214009.csv,PAN,6,-5.0,5.0,-,0.974976,-97.9948,-9.696133,-88.298667,17.659733,88.298667,-0.306234,-0.275934,29
16,sprungantwort_PAN_-5deg_20260622_214009.csv,PAN,6,-5.0,5.0,-,1.008622,-98.008,-9.696133,-88.311867,17.662373,88.311867,-0.306275,-0.275975,30
16,sprungantwort_PAN_-5deg_20260622_214009.csv,PAN,6,-5.0,5.0,-,1.040226,-97.9749,-9.696133,-88.278767,17.655753,88.278767,-0.306171,-0.275871,31
16,sprungantwort_PAN_-5deg_20260622_214009.csv,PAN,6,-5.0,5.0,-,1.072303,-97.9491,-9.696133,-88.252967,17.650593,88.252967,-0.306091,-0.275791,32
16,sprungantwort_PAN_-5deg_20260622_214009.csv,PAN,6,-5.0,5.0,-,1.103221,-97.9837,-9.696133,-88.287567,17.657513,88.287567,-0.306199,-0.275899,33
16,sprungantwort_PAN_-5deg_20260622_214009.csv,PAN,6,-5.0,5.0,-,1.135636,-97.956,-9.696133,-88.259867,17.651973,88.259867,-0.306113,-0.275813,34
16,sprungantwort_PAN_-5deg_20260622_214009.csv,PAN,6,-5.0,5.0,-,1.167633,-97.9697,-9.696133,-88.273567,17.654713,88.273567,-0.306155,-0.275855,35
16,sprungantwort_PAN_-5deg_20260622_214009.csv,PAN,6,-5.0,5.0,-,1.199564,-97.9436,-9.696133,-88.247467,17.649493,88.247467,-0.306074,-0.275774,36
17,sprungantwort_PAN_-5deg_20260622_214009.csv,PAN,7,5.0,5.0,+,0.0,-97.9183,-97.91539,-0.00291,-0.000582,-0.00291,-0.305995,-9e-06,0
17,sprungantwort_PAN_-5deg_20260622_214009.csv,PAN,7,5.0,5.0,+,0.031464,-97.9142,-97.91539,0.00119,0.000238,0.00119,-0.305982,4e-06,1
17,sprungantwort_PAN_-5deg_20260622_214009.csv,PAN,7,5.0,5.0,+,0.063972,-97.9317,-97.91539,-0.01631,-0.003262,-0.01631,-0.306037,-5.1e-05,2
17,sprungantwort_PAN_-5deg_20260622_214009.csv,PAN,7,5.0,5.0,+,0.094362,-86.2175,-97.91539,11.69789,2.339578,11.69789,-0.26943,0.036556,3
17,sprungantwort_PAN_-5deg_20260622_214009.csv,PAN,7,5.0,5.0,+,0.127472,-17.4425,-97.91539,80.47289,16.094578,80.47289,-0.054508,0.251478,4
17,sprungantwort_PAN_-5deg_20260622_214009.csv,PAN,7,5.0,5.0,+,0.158998,-11.7897,-97.91539,86.12569,17.225138,86.12569,-0.036843,0.269142,5
17,sprungantwort_PAN_-5deg_20260622_214009.csv,PAN,7,5.0,5.0,+,0.190992,-11.6793,-97.91539,86.23609,17.247218,86.23609,-0.036498,0.269488,6
17,sprungantwort_PAN_-5deg_20260622_214009.csv,PAN,7,5.0,5.0,+,0.222993,-11.7185,-97.91539,86.19689,17.239378,86.19689,-0.03662,0.269366,7
17,sprungantwort_PAN_-5deg_20260622_214009.csv,PAN,7,5.0,5.0,+,0.255516,-11.7521,-97.91539,86.16329,17.232658,86.16329,-0.036725,0.26926,8
17,sprungantwort_PAN_-5deg_20260622_214009.csv,PAN,7,5.0,5.0,+,0.287497,-11.7465,-97.91539,86.16889,17.233778,86.16889,-0.036708,0.269278,9
17,sprungantwort_PAN_-5deg_20260622_214009.csv,PAN,7,5.0,5.0,+,0.319504,-11.7349,-97.91539,86.18049,17.236098,86.18049,-0.036672,0.269314,10
17,sprungantwort_PAN_-5deg_20260622_214009.csv,PAN,7,5.0,5.0,+,0.352027,-11.7588,-97.91539,86.15659,17.231318,86.15659,-0.036746,0.26924,11
17,sprungantwort_PAN_-5deg_20260622_214009.csv,PAN,7,5.0,5.0,+,0.399032,-11.7667,-97.91539,86.14869,17.229738,86.14869,-0.036771,0.269214,12
17,sprungantwort_PAN_-5deg_20260622_214009.csv,PAN,7,5.0,5.0,+,0.432096,-11.7384,-97.91539,86.17699,17.235398,86.17699,-0.036682,0.269304,13
17,sprungantwort_PAN_-5deg_20260622_214009.csv,PAN,7,5.0,5.0,+,0.462501,-11.7701,-97.91539,86.14529,17.229058,86.14529,-0.036781,0.269204,14
17,sprungantwort_PAN_-5deg_20260622_214009.csv,PAN,7,5.0,5.0,+,0.495628,-11.7271,-97.91539,86.18829,17.237658,86.18829,-0.036647,0.269339,15
17,sprungantwort_PAN_-5deg_20260622_214009.csv,PAN,7,5.0,5.0,+,0.527629,-11.7599,-97.91539,86.15549,17.231098,86.15549,-0.03675,0.269236,16
17,sprungantwort_PAN_-5deg_20260622_214009.csv,PAN,7,5.0,5.0,+,0.559419,-11.7758,-97.91539,86.13959,17.227918,86.13959,-0.036799,0.269186,17
17,sprungantwort_PAN_-5deg_20260622_214009.csv,PAN,7,5.0,5.0,+,0.591417,-11.7518,-97.91539,86.16359,17.232718,86.16359,-0.036725,0.26926,18
17,sprungantwort_PAN_-5deg_20260622_214009.csv,PAN,7,5.0,5.0,+,0.623427,-11.7577,-97.91539,86.15769,17.231538,86.15769,-0.036743,0.269243,19
17,sprungantwort_PAN_-5deg_20260622_214009.csv,PAN,7,5.0,5.0,+,0.654938,-11.7609,-97.91539,86.15449,17.230898,86.15449,-0.036753,0.269233,20
17,sprungantwort_PAN_-5deg_20260622_214009.csv,PAN,7,5.0,5.0,+,0.687936,-11.7595,-97.91539,86.15589,17.231178,86.15589,-0.036748,0.269238,21
17,sprungantwort_PAN_-5deg_20260622_214009.csv,PAN,7,5.0,5.0,+,0.71994,-11.7616,-97.91539,86.15379,17.230758,86.15379,-0.036755,0.269231,22
17,sprungantwort_PAN_-5deg_20260622_214009.csv,PAN,7,5.0,5.0,+,0.751453,-11.7828,-97.91539,86.13259,17.226518,86.13259,-0.036821,0.269164,23
17,sprungantwort_PAN_-5deg_20260622_214009.csv,PAN,7,5.0,5.0,+,0.799447,-11.7686,-97.91539,86.14679,17.229358,86.14679,-0.036777,0.269208,24
17,sprungantwort_PAN_-5deg_20260622_214009.csv,PAN,7,5.0,5.0,+,0.831454,-11.7577,-97.91539,86.15769,17.231538,86.15769,-0.036743,0.269243,25
17,sprungantwort_PAN_-5deg_20260622_214009.csv,PAN,7,5.0,5.0,+,0.862974,-11.7623,-97.91539,86.15309,17.230618,86.15309,-0.036757,0.269229,26
17,sprungantwort_PAN_-5deg_20260622_214009.csv,PAN,7,5.0,5.0,+,0.895979,-11.746,-97.91539,86.16939,17.233878,86.16939,-0.036706,0.26928,27
17,sprungantwort_PAN_-5deg_20260622_214009.csv,PAN,7,5.0,5.0,+,0.927956,-11.7521,-97.91539,86.16329,17.232658,86.16329,-0.036725,0.26926,28
17,sprungantwort_PAN_-5deg_20260622_214009.csv,PAN,7,5.0,5.0,+,0.95947,-11.745,-97.91539,86.17039,17.234078,86.17039,-0.036703,0.269283,29
17,sprungantwort_PAN_-5deg_20260622_214009.csv,PAN,7,5.0,5.0,+,0.991472,-11.741,-97.91539,86.17439,17.234878,86.17439,-0.036691,0.269294,30
17,sprungantwort_PAN_-5deg_20260622_214009.csv,PAN,7,5.0,5.0,+,1.023481,-11.7547,-97.91539,86.16069,17.232138,86.16069,-0.036733,0.269252,31
17,sprungantwort_PAN_-5deg_20260622_214009.csv,PAN,7,5.0,5.0,+,1.056116,-11.7272,-97.91539,86.18819,17.237638,86.18819,-0.036647,0.269339,32
17,sprungantwort_PAN_-5deg_20260622_214009.csv,PAN,7,5.0,5.0,+,1.087095,-11.7625,-97.91539,86.15289,17.230578,86.15289,-0.036758,0.269228,33
17,sprungantwort_PAN_-5deg_20260622_214009.csv,PAN,7,5.0,5.0,+,1.119089,-11.7403,-97.91539,86.17509,17.235018,86.17509,-0.036688,0.269298,34
17,sprungantwort_PAN_-5deg_20260622_214009.csv,PAN,7,5.0,5.0,+,1.151515,-11.7507,-97.91539,86.16469,17.232938,86.16469,-0.036721,0.269264,35
18,sprungantwort_PAN_-5deg_20260622_214009.csv,PAN,8,-5.0,5.0,-,0.0,-11.7524,-11.752933,0.000533,-0.000107,-0.000533,-0.036726,2e-06,0
18,sprungantwort_PAN_-5deg_20260622_214009.csv,PAN,8,-5.0,5.0,-,0.031645,-11.7533,-11.752933,-0.000367,7.3e-05,0.000367,-0.036729,-1e-06,1
18,sprungantwort_PAN_-5deg_20260622_214009.csv,PAN,8,-5.0,5.0,-,0.06315,-11.7852,-11.752933,-0.032267,0.006453,0.032267,-0.036829,-0.000101,2
18,sprungantwort_PAN_-5deg_20260622_214009.csv,PAN,8,-5.0,5.0,-,0.095144,-49.0201,-11.752933,-37.267167,7.453433,37.267167,-0.153188,-0.11646,3
18,sprungantwort_PAN_-5deg_20260622_214009.csv,PAN,8,-5.0,5.0,-,0.128048,-90.7477,-11.752933,-78.994767,15.798953,78.994767,-0.283587,-0.246859,4
18,sprungantwort_PAN_-5deg_20260622_214009.csv,PAN,8,-5.0,5.0,-,0.159679,-92.9965,-11.752933,-81.243567,16.248713,81.243567,-0.290614,-0.253886,5
18,sprungantwort_PAN_-5deg_20260622_214009.csv,PAN,8,-5.0,5.0,-,0.19166,-95.3923,-11.752933,-83.639367,16.727873,83.639367,-0.298101,-0.261373,6
18,sprungantwort_PAN_-5deg_20260622_214009.csv,PAN,8,-5.0,5.0,-,0.223667,-95.3204,-11.752933,-83.567467,16.713493,83.567467,-0.297876,-0.261148,7
18,sprungantwort_PAN_-5deg_20260622_214009.csv,PAN,8,-5.0,5.0,-,0.255196,-95.3026,-11.752933,-83.549667,16.709933,83.549667,-0.297821,-0.261093,8
18,sprungantwort_PAN_-5deg_20260622_214009.csv,PAN,8,-5.0,5.0,-,0.303173,-95.3679,-11.752933,-83.614967,16.722993,83.614967,-0.298025,-0.261297,9
18,sprungantwort_PAN_-5deg_20260622_214009.csv,PAN,8,-5.0,5.0,-,0.336772,-95.3467,-11.752933,-83.593767,16.718753,83.593767,-0.297958,-0.26123,10
18,sprungantwort_PAN_-5deg_20260622_214009.csv,PAN,8,-5.0,5.0,-,0.367282,-95.3355,-11.752933,-83.582567,16.716513,83.582567,-0.297923,-0.261195,11
18,sprungantwort_PAN_-5deg_20260622_214009.csv,PAN,8,-5.0,5.0,-,0.399103,-95.3459,-11.752933,-83.592967,16.718593,83.592967,-0.297956,-0.261228,12
18,sprungantwort_PAN_-5deg_20260622_214009.csv,PAN,8,-5.0,5.0,-,0.431294,-95.3365,-11.752933,-83.583567,16.716713,83.583567,-0.297927,-0.261199,13
18,sprungantwort_PAN_-5deg_20260622_214009.csv,PAN,8,-5.0,5.0,-,0.463816,-95.325,-11.752933,-83.572067,16.714413,83.572067,-0.29789,-0.261162,14
18,sprungantwort_PAN_-5deg_20260622_214009.csv,PAN,8,-5.0,5.0,-,0.495623,-95.3221,-11.752933,-83.569167,16.713833,83.569167,-0.297882,-0.261154,15
18,sprungantwort_PAN_-5deg_20260622_214009.csv,PAN,8,-5.0,5.0,-,0.526731,-95.3236,-11.752933,-83.570667,16.714133,83.570667,-0.297886,-0.261158,16
18,sprungantwort_PAN_-5deg_20260622_214009.csv,PAN,8,-5.0,5.0,-,0.559271,-95.3645,-11.752933,-83.611567,16.722313,83.611567,-0.298014,-0.261286,17
18,sprungantwort_PAN_-5deg_20260622_214009.csv,PAN,8,-5.0,5.0,-,0.592056,-95.3841,-11.752933,-83.631167,16.726233,83.631167,-0.298075,-0.261347,18
18,sprungantwort_PAN_-5deg_20260622_214009.csv,PAN,8,-5.0,5.0,-,0.624221,-95.3897,-11.752933,-83.636767,16.727353,83.636767,-0.298093,-0.261365,19
18,sprungantwort_PAN_-5deg_20260622_214009.csv,PAN,8,-5.0,5.0,-,0.656694,-95.3928,-11.752933,-83.639867,16.727973,83.639867,-0.298102,-0.261374,20
18,sprungantwort_PAN_-5deg_20260622_214009.csv,PAN,8,-5.0,5.0,-,0.702636,-95.3393,-11.752933,-83.586367,16.717273,83.586367,-0.297935,-0.261207,21
18,sprungantwort_PAN_-5deg_20260622_214009.csv,PAN,8,-5.0,5.0,-,0.735573,-95.3699,-11.752933,-83.616967,16.723393,83.616967,-0.298031,-0.261303,22
18,sprungantwort_PAN_-5deg_20260622_214009.csv,PAN,8,-5.0,5.0,-,0.768013,-95.3664,-11.752933,-83.613467,16.722693,83.613467,-0.29802,-0.261292,23
18,sprungantwort_PAN_-5deg_20260622_214009.csv,PAN,8,-5.0,5.0,-,0.800098,-95.3348,-11.752933,-83.581867,16.716373,83.581867,-0.297921,-0.261193,24
18,sprungantwort_PAN_-5deg_20260622_214009.csv,PAN,8,-5.0,5.0,-,0.831108,-95.3634,-11.752933,-83.610467,16.722093,83.610467,-0.298011,-0.261283,25
18,sprungantwort_PAN_-5deg_20260622_214009.csv,PAN,8,-5.0,5.0,-,0.864516,-95.3898,-11.752933,-83.636867,16.727373,83.636867,-0.298093,-0.261365,26
18,sprungantwort_PAN_-5deg_20260622_214009.csv,PAN,8,-5.0,5.0,-,0.895613,-95.3964,-11.752933,-83.643467,16.728693,83.643467,-0.298114,-0.261386,27
18,sprungantwort_PAN_-5deg_20260622_214009.csv,PAN,8,-5.0,5.0,-,0.92763,-95.393,-11.752933,-83.640067,16.728013,83.640067,-0.298103,-0.261375,28
18,sprungantwort_PAN_-5deg_20260622_214009.csv,PAN,8,-5.0,5.0,-,0.959256,-95.3996,-11.752933,-83.646667,16.729333,83.646667,-0.298124,-0.261396,29
18,sprungantwort_PAN_-5deg_20260622_214009.csv,PAN,8,-5.0,5.0,-,0.99126,-95.4118,-11.752933,-83.658867,16.731773,83.658867,-0.298162,-0.261434,30
18,sprungantwort_PAN_-5deg_20260622_214009.csv,PAN,8,-5.0,5.0,-,1.023264,-95.3921,-11.752933,-83.639167,16.727833,83.639167,-0.2981,-0.261372,31
18,sprungantwort_PAN_-5deg_20260622_214009.csv,PAN,8,-5.0,5.0,-,1.055757,-95.3999,-11.752933,-83.646967,16.729393,83.646967,-0.298125,-0.261397,32
18,sprungantwort_PAN_-5deg_20260622_214009.csv,PAN,8,-5.0,5.0,-,1.103766,-95.3731,-11.752933,-83.620167,16.724033,83.620167,-0.298041,-0.261313,33
18,sprungantwort_PAN_-5deg_20260622_214009.csv,PAN,8,-5.0,5.0,-,1.135765,-95.3826,-11.752933,-83.629667,16.725933,83.629667,-0.298071,-0.261343,34
18,sprungantwort_PAN_-5deg_20260622_214009.csv,PAN,8,-5.0,5.0,-,1.166636,-95.3738,-11.752933,-83.620867,16.724173,83.620867,-0.298043,-0.261315,35
18,sprungantwort_PAN_-5deg_20260622_214009.csv,PAN,8,-5.0,5.0,-,1.199274,-95.359,-11.752933,-83.606067,16.721213,83.606067,-0.297997,-0.261269,36
19,sprungantwort_PAN_-5deg_20260622_214009.csv,PAN,9,5.0,5.0,+,0.0,-95.4188,-95.399578,-0.019222,-0.003844,-0.019222,-0.298184,-6e-05,0
19,sprungantwort_PAN_-5deg_20260622_214009.csv,PAN,9,5.0,5.0,+,0.032028,-95.4231,-95.399578,-0.023522,-0.004704,-0.023522,-0.298197,-7.3e-05,1
19,sprungantwort_PAN_-5deg_20260622_214009.csv,PAN,9,5.0,5.0,+,0.064611,-95.3854,-95.399578,0.014178,0.002836,0.014178,-0.298079,4.5e-05,2
19,sprungantwort_PAN_-5deg_20260622_214009.csv,PAN,9,5.0,5.0,+,0.095601,-63.379,-95.399578,32.020578,6.404116,32.020578,-0.198059,0.100065,3
19,sprungantwort_PAN_-5deg_20260622_214009.csv,PAN,9,5.0,5.0,+,0.128129,-16.4453,-95.399578,78.954278,15.790856,78.954278,-0.051391,0.246733,4
19,sprungantwort_PAN_-5deg_20260622_214009.csv,PAN,9,5.0,5.0,+,0.176053,-16.2924,-95.399578,79.107178,15.821436,79.107178,-0.050914,0.24721,5
19,sprungantwort_PAN_-5deg_20260622_214009.csv,PAN,9,5.0,5.0,+,0.20702,-16.3965,-95.399578,79.003078,15.800616,79.003078,-0.051239,0.246885,6
19,sprungantwort_PAN_-5deg_20260622_214009.csv,PAN,9,5.0,5.0,+,0.238666,-16.2315,-95.399578,79.168078,15.833616,79.168078,-0.050723,0.247401,7
19,sprungantwort_PAN_-5deg_20260622_214009.csv,PAN,9,5.0,5.0,+,0.27203,-16.2898,-95.399578,79.109778,15.821956,79.109778,-0.050906,0.247218,8
19,sprungantwort_PAN_-5deg_20260622_214009.csv,PAN,9,5.0,5.0,+,0.303159,-16.3156,-95.399578,79.083978,15.816796,79.083978,-0.050986,0.247138,9
19,sprungantwort_PAN_-5deg_20260622_214009.csv,PAN,9,5.0,5.0,+,0.335726,-16.2737,-95.399578,79.125878,15.825176,79.125878,-0.050855,0.247269,10
19,sprungantwort_PAN_-5deg_20260622_214009.csv,PAN,9,5.0,5.0,+,0.367725,-16.2347,-95.399578,79.164878,15.832976,79.164878,-0.050733,0.247391,11
19,sprungantwort_PAN_-5deg_20260622_214009.csv,PAN,9,5.0,5.0,+,0.398753,-16.2843,-95.399578,79.115278,15.823056,79.115278,-0.050888,0.247236,12
19,sprungantwort_PAN_-5deg_20260622_214009.csv,PAN,9,5.0,5.0,+,0.431084,-16.2876,-95.399578,79.111978,15.822396,79.111978,-0.050899,0.247225,13
19,sprungantwort_PAN_-5deg_20260622_214009.csv,PAN,9,5.0,5.0,+,0.463085,-16.2925,-95.399578,79.107078,15.821416,79.107078,-0.050914,0.24721,14
19,sprungantwort_PAN_-5deg_20260622_214009.csv,PAN,9,5.0,5.0,+,0.494216,-16.3044,-95.399578,79.095178,15.819036,79.095178,-0.050951,0.247173,15
19,sprungantwort_PAN_-5deg_20260622_214009.csv,PAN,9,5.0,5.0,+,0.52812,-16.2824,-95.399578,79.117178,15.823436,79.117178,-0.050883,0.247241,16
19,sprungantwort_PAN_-5deg_20260622_214009.csv,PAN,9,5.0,5.0,+,0.576117,-16.2501,-95.399578,79.149478,15.829896,79.149478,-0.050782,0.247342,17
19,sprungantwort_PAN_-5deg_20260622_214009.csv,PAN,9,5.0,5.0,+,0.608189,-16.2677,-95.399578,79.131878,15.826376,79.131878,-0.050837,0.247287,18
19,sprungantwort_PAN_-5deg_20260622_214009.csv,PAN,9,5.0,5.0,+,0.640965,-16.2837,-95.399578,79.115878,15.823176,79.115878,-0.050887,0.247237,19
19,sprungantwort_PAN_-5deg_20260622_214009.csv,PAN,9,5.0,5.0,+,0.671822,-16.265,-95.399578,79.134578,15.826916,79.134578,-0.050828,0.247296,20
19,sprungantwort_PAN_-5deg_20260622_214009.csv,PAN,9,5.0,5.0,+,0.70575,-16.2709,-95.399578,79.128678,15.825736,79.128678,-0.050846,0.247278,21
19,sprungantwort_PAN_-5deg_20260622_214009.csv,PAN,9,5.0,5.0,+,0.736347,-16.2632,-95.399578,79.136378,15.827276,79.136378,-0.050823,0.247301,22
19,sprungantwort_PAN_-5deg_20260622_214009.csv,PAN,9,5.0,5.0,+,0.768349,-16.213,-95.399578,79.186578,15.837316,79.186578,-0.050665,0.247459,23
19,sprungantwort_PAN_-5deg_20260622_214009.csv,PAN,9,5.0,5.0,+,0.799615,-16.1936,-95.399578,79.205978,15.841196,79.205978,-0.050605,0.247519,24
19,sprungantwort_PAN_-5deg_20260622_214009.csv,PAN,9,5.0,5.0,+,0.832187,-16.2165,-95.399578,79.183078,15.836616,79.183078,-0.050677,0.247447,25
19,sprungantwort_PAN_-5deg_20260622_214009.csv,PAN,9,5.0,5.0,+,0.863123,-16.2539,-95.399578,79.145678,15.829136,79.145678,-0.050793,0.247331,26
19,sprungantwort_PAN_-5deg_20260622_214009.csv,PAN,9,5.0,5.0,+,0.896132,-16.2432,-95.399578,79.156378,15.831276,79.156378,-0.05076,0.247364,27
19,sprungantwort_PAN_-5deg_20260622_214009.csv,PAN,9,5.0,5.0,+,0.927603,-16.2335,-95.399578,79.166078,15.833216,79.166078,-0.05073,0.247394,28
19,sprungantwort_PAN_-5deg_20260622_214009.csv,PAN,9,5.0,5.0,+,0.975605,-16.2677,-95.399578,79.131878,15.826376,79.131878,-0.050836,0.247288,29
19,sprungantwort_PAN_-5deg_20260622_214009.csv,PAN,9,5.0,5.0,+,1.00692,-16.2573,-95.399578,79.142278,15.828456,79.142278,-0.050804,0.24732,30
19,sprungantwort_PAN_-5deg_20260622_214009.csv,PAN,9,5.0,5.0,+,1.039571,-16.2458,-95.399578,79.153778,15.830756,79.153778,-0.050768,0.247356,31
19,sprungantwort_PAN_-5deg_20260622_214009.csv,PAN,9,5.0,5.0,+,1.072156,-16.231,-95.399578,79.168578,15.833716,79.168578,-0.050722,0.247402,32
19,sprungantwort_PAN_-5deg_20260622_214009.csv,PAN,9,5.0,5.0,+,1.10416,-16.2267,-95.399578,79.172878,15.834576,79.172878,-0.050708,0.247416,33
19,sprungantwort_PAN_-5deg_20260622_214009.csv,PAN,9,5.0,5.0,+,1.135676,-16.2163,-95.399578,79.183278,15.836656,79.183278,-0.050676,0.247448,34
19,sprungantwort_PAN_-5deg_20260622_214009.csv,PAN,9,5.0,5.0,+,1.167683,-16.2588,-95.399578,79.140778,15.828156,79.140778,-0.050809,0.247315,35
20,sprungantwort_PAN_-5deg_20260622_214009.csv,PAN,10,-5.0,5.0,-,0.0,-16.2632,-16.27283,0.00963,-0.001926,-0.00963,-0.050822,3.1e-05,0
20,sprungantwort_PAN_-5deg_20260622_214009.csv,PAN,10,-5.0,5.0,-,0.046879,-16.2807,-16.27283,-0.00787,0.001574,0.00787,-0.050877,-2.4e-05,1
20,sprungantwort_PAN_-5deg_20260622_214009.csv,PAN,10,-5.0,5.0,-,0.079785,-31.7013,-16.27283,-15.42847,3.085694,15.42847,-0.099067,-0.048214,2
20,sprungantwort_PAN_-5deg_20260622_214009.csv,PAN,10,-5.0,5.0,-,0.112941,-95.2977,-16.27283,-79.02487,15.804974,79.02487,-0.297805,-0.246952,3
20,sprungantwort_PAN_-5deg_20260622_214009.csv,PAN,10,-5.0,5.0,-,0.143907,-98.6638,-16.27283,-82.39097,16.478194,82.39097,-0.308324,-0.257471,4
20,sprungantwort_PAN_-5deg_20260622_214009.csv,PAN,10,-5.0,5.0,-,0.175927,-98.8455,-16.27283,-82.57267,16.514534,82.57267,-0.308892,-0.258039,5
20,sprungantwort_PAN_-5deg_20260622_214009.csv,PAN,10,-5.0,5.0,-,0.207416,-98.6801,-16.27283,-82.40727,16.481454,82.40727,-0.308375,-0.257522,6
20,sprungantwort_PAN_-5deg_20260622_214009.csv,PAN,10,-5.0,5.0,-,0.239417,-98.7011,-16.27283,-82.42827,16.485654,82.42827,-0.308441,-0.257588,7
20,sprungantwort_PAN_-5deg_20260622_214009.csv,PAN,10,-5.0,5.0,-,0.27142,-98.8145,-16.27283,-82.54167,16.508334,82.54167,-0.308795,-0.257942,8
20,sprungantwort_PAN_-5deg_20260622_214009.csv,PAN,10,-5.0,5.0,-,0.303941,-98.6933,-16.27283,-82.42047,16.484094,82.42047,-0.308417,-0.257564,9
20,sprungantwort_PAN_-5deg_20260622_214009.csv,PAN,10,-5.0,5.0,-,0.336921,-98.7095,-16.27283,-82.43667,16.487334,82.43667,-0.308467,-0.257614,10
20,sprungantwort_PAN_-5deg_20260622_214009.csv,PAN,10,-5.0,5.0,-,0.367924,-98.7576,-16.27283,-82.48477,16.496954,82.48477,-0.308617,-0.257764,11
20,sprungantwort_PAN_-5deg_20260622_214009.csv,PAN,10,-5.0,5.0,-,0.400438,-98.7106,-16.27283,-82.43777,16.487554,82.43777,-0.308471,-0.257618,12
20,sprungantwort_PAN_-5deg_20260622_214009.csv,PAN,10,-5.0,5.0,-,0.448444,-98.7346,-16.27283,-82.46177,16.492354,82.46177,-0.308545,-0.257692,13
20,sprungantwort_PAN_-5deg_20260622_214009.csv,PAN,10,-5.0,5.0,-,0.480478,-98.753,-16.27283,-82.48017,16.496034,82.48017,-0.308603,-0.25775,14
20,sprungantwort_PAN_-5deg_20260622_214009.csv,PAN,10,-5.0,5.0,-,0.511975,-98.7547,-16.27283,-82.48187,16.496374,82.48187,-0.308609,-0.257756,15
20,sprungantwort_PAN_-5deg_20260622_214009.csv,PAN,10,-5.0,5.0,-,0.543949,-98.7399,-16.27283,-82.46707,16.493414,82.46707,-0.308562,-0.257709,16
20,sprungantwort_PAN_-5deg_20260622_214009.csv,PAN,10,-5.0,5.0,-,0.575859,-98.7672,-16.27283,-82.49437,16.498874,82.49437,-0.308647,-0.257794,17
20,sprungantwort_PAN_-5deg_20260622_214009.csv,PAN,10,-5.0,5.0,-,0.60838,-98.7618,-16.27283,-82.48897,16.497794,82.48897,-0.308631,-0.257778,18
20,sprungantwort_PAN_-5deg_20260622_214009.csv,PAN,10,-5.0,5.0,-,0.641385,-98.7491,-16.27283,-82.47627,16.495254,82.47627,-0.308591,-0.257738,19
20,sprungantwort_PAN_-5deg_20260622_214009.csv,PAN,10,-5.0,5.0,-,0.67239,-98.7363,-16.27283,-82.46347,16.492694,82.46347,-0.308551,-0.257698,20
20,sprungantwort_PAN_-5deg_20260622_214009.csv,PAN,10,-5.0,5.0,-,0.703881,-98.7488,-16.27283,-82.47597,16.495194,82.47597,-0.30859,-0.257737,21
20,sprungantwort_PAN_-5deg_20260622_214009.csv,PAN,10,-5.0,5.0,-,0.736886,-98.75,-16.27283,-82.47717,16.495434,82.47717,-0.308594,-0.257741,22
20,sprungantwort_PAN_-5deg_20260622_214009.csv,PAN,10,-5.0,5.0,-,0.767885,-98.7474,-16.27283,-82.47457,16.494914,82.47457,-0.308585,-0.257732,23
20,sprungantwort_PAN_-5deg_20260622_214009.csv,PAN,10,-5.0,5.0,-,0.800403,-98.7539,-16.27283,-82.48107,16.496214,82.48107,-0.308606,-0.257753,24
20,sprungantwort_PAN_-5deg_20260622_214009.csv,PAN,10,-5.0,5.0,-,0.8484,-98.7659,-16.27283,-82.49307,16.498614,82.49307,-0.308643,-0.25779,25
20,sprungantwort_PAN_-5deg_20260622_214009.csv,PAN,10,-5.0,5.0,-,0.880405,-98.7416,-16.27283,-82.46877,16.493754,82.46877,-0.308568,-0.257716,26
20,sprungantwort_PAN_-5deg_20260622_214009.csv,PAN,10,-5.0,5.0,-,0.911825,-98.7446,-16.27283,-82.47177,16.494354,82.47177,-0.308577,-0.257724,27
20,sprungantwort_PAN_-5deg_20260622_214009.csv,PAN,10,-5.0,5.0,-,0.943924,-98.7101,-16.27283,-82.43727,16.487454,82.43727,-0.308469,-0.257616,28
20,sprungantwort_PAN_-5deg_20260622_214009.csv,PAN,10,-5.0,5.0,-,0.975911,-98.7194,-16.27283,-82.44657,16.489314,82.44657,-0.308498,-0.257645,29
20,sprungantwort_PAN_-5deg_20260622_214009.csv,PAN,10,-5.0,5.0,-,1.007421,-98.7582,-16.27283,-82.48537,16.497074,82.48537,-0.308619,-0.257766,30
20,sprungantwort_PAN_-5deg_20260622_214009.csv,PAN,10,-5.0,5.0,-,1.039429,-98.7447,-16.27283,-82.47187,16.494374,82.47187,-0.308577,-0.257724,31
20,sprungantwort_PAN_-5deg_20260622_214009.csv,PAN,10,-5.0,5.0,-,1.072423,-98.7544,-16.27283,-82.48157,16.496314,82.48157,-0.308607,-0.257754,32
20,sprungantwort_PAN_-5deg_20260622_214009.csv,PAN,10,-5.0,5.0,-,1.102948,-98.7403,-16.27283,-82.46747,16.493494,82.46747,-0.308564,-0.257711,33
20,sprungantwort_PAN_-5deg_20260622_214009.csv,PAN,10,-5.0,5.0,-,1.135446,-98.7368,-16.27283,-82.46397,16.492794,82.46397,-0.308552,-0.257699,34
20,sprungantwort_PAN_-5deg_20260622_214009.csv,PAN,10,-5.0,5.0,-,1.168056,-98.7483,-16.27283,-82.47547,16.495094,82.47547,-0.308589,-0.257736,35
20,sprungantwort_PAN_-5deg_20260622_214009.csv,PAN,10,-5.0,5.0,-,1.199562,-98.7348,-16.27283,-82.46197,16.492394,82.46197,-0.308546,-0.257693,36
21,sprungantwort_PAN_-5deg_20260622_214009.csv,PAN,11,5.0,5.0,+,0.0,-98.7176,-98.748011,0.030411,0.006082,0.030411,-0.308493,9.5e-05,0
21,sprungantwort_PAN_-5deg_20260622_214009.csv,PAN,11,5.0,5.0,+,0.030436,-98.7527,-98.748011,-0.004689,-0.000938,-0.004689,-0.308602,-1.4e-05,1
21,sprungantwort_PAN_-5deg_20260622_214009.csv,PAN,11,5.0,5.0,+,0.062951,-98.7339,-98.748011,0.014111,0.002822,0.014111,-0.308544,4.4e-05,2
21,sprungantwort_PAN_-5deg_20260622_214009.csv,PAN,11,5.0,5.0,+,0.092889,-92.4809,-98.748011,6.267111,1.253422,6.267111,-0.289003,0.019585,3
21,sprungantwort_PAN_-5deg_20260622_214009.csv,PAN,11,5.0,5.0,+,0.126937,-24.6679,-98.748011,74.080111,14.816022,74.080111,-0.077087,0.231501,4
21,sprungantwort_PAN_-5deg_20260622_214009.csv,PAN,11,5.0,5.0,+,0.158479,-13.9102,-98.748011,84.837811,16.967562,84.837811,-0.04347,0.265118,5
21,sprungantwort_PAN_-5deg_20260622_214009.csv,PAN,11,5.0,5.0,+,0.190461,-13.8749,-98.748011,84.873111,16.974622,84.873111,-0.043359,0.265229,6
21,sprungantwort_PAN_-5deg_20260622_214009.csv,PAN,11,5.0,5.0,+,0.222526,-13.9797,-98.748011,84.768311,16.953662,84.768311,-0.043687,0.264901,7
21,sprungantwort_PAN_-5deg_20260622_214009.csv,PAN,11,5.0,5.0,+,0.253978,-13.996,-98.748011,84.752011,16.950402,84.752011,-0.043737,0.264851,8
21,sprungantwort_PAN_-5deg_20260622_214009.csv,PAN,11,5.0,5.0,+,0.302875,-13.9504,-98.748011,84.797611,16.959522,84.797611,-0.043595,0.264993,9
21,sprungantwort_PAN_-5deg_20260622_214009.csv,PAN,11,5.0,5.0,+,0.332966,-13.9511,-98.748011,84.796911,16.959382,84.796911,-0.043597,0.264991,10
21,sprungantwort_PAN_-5deg_20260622_214009.csv,PAN,11,5.0,5.0,+,0.36648,-13.9786,-98.748011,84.769411,16.953882,84.769411,-0.043683,0.264905,11
21,sprungantwort_PAN_-5deg_20260622_214009.csv,PAN,11,5.0,5.0,+,0.398608,-13.9354,-98.748011,84.812611,16.962522,84.812611,-0.043548,0.26504,12
21,sprungantwort_PAN_-5deg_20260622_214009.csv,PAN,11,5.0,5.0,+,0.431142,-13.9581,-98.748011,84.789911,16.957982,84.789911,-0.043619,0.264969,13
21,sprungantwort_PAN_-5deg_20260622_214009.csv,PAN,11,5.0,5.0,+,0.461912,-14.0162,-98.748011,84.731811,16.946362,84.731811,-0.043801,0.264787,14
21,sprungantwort_PAN_-5deg_20260622_214009.csv,PAN,11,5.0,5.0,+,0.494539,-13.9916,-98.748011,84.756411,16.951282,84.756411,-0.043724,0.264864,15
21,sprungantwort_PAN_-5deg_20260622_214009.csv,PAN,11,5.0,5.0,+,0.52637,-14.0263,-98.748011,84.721711,16.944342,84.721711,-0.043832,0.264756,16
21,sprungantwort_PAN_-5deg_20260622_214009.csv,PAN,11,5.0,5.0,+,0.557865,-14.0,-98.748011,84.748011,16.949602,84.748011,-0.04375,0.264838,17
21,sprungantwort_PAN_-5deg_20260622_214009.csv,PAN,11,5.0,5.0,+,0.589889,-14.0046,-98.748011,84.743411,16.948682,84.743411,-0.043764,0.264824,18
21,sprungantwort_PAN_-5deg_20260622_214009.csv,PAN,11,5.0,5.0,+,0.622873,-14.0209,-98.748011,84.727111,16.945422,84.727111,-0.043815,0.264773,19
21,sprungantwort_PAN_-5deg_20260622_214009.csv,PAN,11,5.0,5.0,+,0.65542,-14.0421,-98.748011,84.705911,16.941182,84.705911,-0.043882,0.264706,20
21,sprungantwort_PAN_-5deg_20260622_214009.csv,PAN,11,5.0,5.0,+,0.703461,-14.0045,-98.748011,84.743511,16.948702,84.743511,-0.043764,0.264824,21
21,sprungantwort_PAN_-5deg_20260622_214009.csv,PAN,11,5.0,5.0,+,0.734463,-14.0286,-98.748011,84.719411,16.943882,84.719411,-0.043839,0.264749,22
21,sprungantwort_PAN_-5deg_20260622_214009.csv,PAN,11,5.0,5.0,+,0.766165,-14.0165,-98.748011,84.731511,16.946302,84.731511,-0.043802,0.264786,23
21,sprungantwort_PAN_-5deg_20260622_214009.csv,PAN,11,5.0,5.0,+,0.79843,-14.0008,-98.748011,84.747211,16.949442,84.747211,-0.043753,0.264835,24
21,sprungantwort_PAN_-5deg_20260622_214009.csv,PAN,11,5.0,5.0,+,0.830325,-14.0114,-98.748011,84.736611,16.947322,84.736611,-0.043786,0.264802,25
21,sprungantwort_PAN_-5deg_20260622_214009.csv,PAN,11,5.0,5.0,+,0.861918,-14.0299,-98.748011,84.718111,16.943622,84.718111,-0.043843,0.264745,26
21,sprungantwort_PAN_-5deg_20260622_214009.csv,PAN,11,5.0,5.0,+,0.894015,-13.9982,-98.748011,84.749811,16.949962,84.749811,-0.043744,0.264844,27
21,sprungantwort_PAN_-5deg_20260622_214009.csv,PAN,11,5.0,5.0,+,0.925973,-13.9939,-98.748011,84.754111,16.950822,84.754111,-0.043731,0.264857,28
21,sprungantwort_PAN_-5deg_20260622_214009.csv,PAN,11,5.0,5.0,+,0.958452,-13.9923,-98.748011,84.755711,16.951142,84.755711,-0.043726,0.264862,29
21,sprungantwort_PAN_-5deg_20260622_214009.csv,PAN,11,5.0,5.0,+,0.99072,-13.9983,-98.748011,84.749711,16.949942,84.749711,-0.043745,0.264843,30
21,sprungantwort_PAN_-5deg_20260622_214009.csv,PAN,11,5.0,5.0,+,1.0237,-14.0078,-98.748011,84.740211,16.948042,84.740211,-0.043774,0.264814,31
21,sprungantwort_PAN_-5deg_20260622_214009.csv,PAN,11,5.0,5.0,+,1.054511,-14.0261,-98.748011,84.721911,16.944382,84.721911,-0.043832,0.264756,32
21,sprungantwort_PAN_-5deg_20260622_214009.csv,PAN,11,5.0,5.0,+,1.101577,-14.0103,-98.748011,84.737711,16.947542,84.737711,-0.043782,0.264806,33
21,sprungantwort_PAN_-5deg_20260622_214009.csv,PAN,11,5.0,5.0,+,1.133608,-14.0127,-98.748011,84.735311,16.947062,84.735311,-0.04379,0.264798,34
21,sprungantwort_PAN_-5deg_20260622_214009.csv,PAN,11,5.0,5.0,+,1.166107,-13.9976,-98.748011,84.750411,16.950082,84.750411,-0.043743,0.264845,35
21,sprungantwort_PAN_-5deg_20260622_214009.csv,PAN,11,5.0,5.0,+,1.198194,-14.0167,-98.748011,84.731311,16.946262,84.731311,-0.043802,0.264786,36
22,sprungantwort_PAN_-5deg_20260622_214009.csv,PAN,12,-5.0,5.0,-,0.0,-14.0218,-14.009167,-0.012633,0.002527,0.012633,-0.043818,-3.9e-05,0
22,sprungantwort_PAN_-5deg_20260622_214009.csv,PAN,12,-5.0,5.0,-,0.030657,-14.0118,-14.009167,-0.002633,0.000527,0.002633,-0.043787,-8e-06,1
22,sprungantwort_PAN_-5deg_20260622_214009.csv,PAN,12,-5.0,5.0,-,0.062644,-16.1604,-14.009167,-2.151233,0.430247,2.151233,-0.050501,-0.006722,2
22,sprungantwort_PAN_-5deg_20260622_214009.csv,PAN,12,-5.0,5.0,-,0.095789,-75.1239,-14.009167,-61.114733,12.222947,61.114733,-0.234762,-0.190983,3
22,sprungantwort_PAN_-5deg_20260622_214009.csv,PAN,12,-5.0,5.0,-,0.12667,-92.6589,-14.009167,-78.649733,15.729947,78.649733,-0.289559,-0.24578,4
22,sprungantwort_PAN_-5deg_20260622_214009.csv,PAN,12,-5.0,5.0,-,0.174182,-92.5983,-14.009167,-78.589133,15.717827,78.589133,-0.28937,-0.245591,5
22,sprungantwort_PAN_-5deg_20260622_214009.csv,PAN,12,-5.0,5.0,-,0.207148,-92.6353,-14.009167,-78.626133,15.725227,78.626133,-0.289485,-0.245706,6
22,sprungantwort_PAN_-5deg_20260622_214009.csv,PAN,12,-5.0,5.0,-,0.238681,-92.7918,-14.009167,-78.782633,15.756527,78.782633,-0.289975,-0.246196,7
22,sprungantwort_PAN_-5deg_20260622_214009.csv,PAN,12,-5.0,5.0,-,0.27073,-92.7483,-14.009167,-78.739133,15.747827,78.739133,-0.289839,-0.24606,8
22,sprungantwort_PAN_-5deg_20260622_214009.csv,PAN,12,-5.0,5.0,-,0.302108,-92.693,-14.009167,-78.683833,15.736767,78.683833,-0.289666,-0.245887,9
22,sprungantwort_PAN_-5deg_20260622_214009.csv,PAN,12,-5.0,5.0,-,0.334723,-92.7375,-14.009167,-78.728333,15.745667,78.728333,-0.289805,-0.246026,10
22,sprungantwort_PAN_-5deg_20260622_214009.csv,PAN,12,-5.0,5.0,-,0.366719,-92.7627,-14.009167,-78.753533,15.750707,78.753533,-0.289884,-0.246105,11
22,sprungantwort_PAN_-5deg_20260622_214009.csv,PAN,12,-5.0,5.0,-,0.398724,-92.7106,-14.009167,-78.701433,15.740287,78.701433,-0.28972,-0.245941,12
22,sprungantwort_PAN_-5deg_20260622_214009.csv,PAN,12,-5.0,5.0,-,0.431236,-92.7065,-14.009167,-78.697333,15.739467,78.697333,-0.289708,-0.245929,13
22,sprungantwort_PAN_-5deg_20260622_214009.csv,PAN,12,-5.0,5.0,-,0.464189,-92.7439,-14.009167,-78.734733,15.746947,78.734733,-0.289825,-0.246046,14
22,sprungantwort_PAN_-5deg_20260622_214009.csv,PAN,12,-5.0,5.0,-,0.49516,-92.7194,-14.009167,-78.710233,15.742047,78.710233,-0.289748,-0.245969,15
22,sprungantwort_PAN_-5deg_20260622_214009.csv,PAN,12,-5.0,5.0,-,0.528271,-92.7378,-14.009167,-78.728633,15.745727,78.728633,-0.289806,-0.246027,16
22,sprungantwort_PAN_-5deg_20260622_214009.csv,PAN,12,-5.0,5.0,-,0.574787,-92.7229,-14.009167,-78.713733,15.742747,78.713733,-0.289759,-0.24598,17
22,sprungantwort_PAN_-5deg_20260622_214009.csv,PAN,12,-5.0,5.0,-,0.606799,-92.7378,-14.009167,-78.728633,15.745727,78.728633,-0.289806,-0.246027,18
22,sprungantwort_PAN_-5deg_20260622_214009.csv,PAN,12,-5.0,5.0,-,0.638233,-92.7606,-14.009167,-78.751433,15.750287,78.751433,-0.289877,-0.246098,19
22,sprungantwort_PAN_-5deg_20260622_214009.csv,PAN,12,-5.0,5.0,-,0.670289,-92.7723,-14.009167,-78.763133,15.752627,78.763133,-0.289913,-0.246134,20
22,sprungantwort_PAN_-5deg_20260622_214009.csv,PAN,12,-5.0,5.0,-,0.702284,-92.7555,-14.009167,-78.746333,15.749267,78.746333,-0.289861,-0.246082,21
22,sprungantwort_PAN_-5deg_20260622_214009.csv,PAN,12,-5.0,5.0,-,0.734325,-92.7585,-14.009167,-78.749333,15.749867,78.749333,-0.28987,-0.246091,22
22,sprungantwort_PAN_-5deg_20260622_214009.csv,PAN,12,-5.0,5.0,-,0.767128,-92.7439,-14.009167,-78.734733,15.746947,78.734733,-0.289825,-0.246046,23
22,sprungantwort_PAN_-5deg_20260622_214009.csv,PAN,12,-5.0,5.0,-,0.798507,-92.7446,-14.009167,-78.735433,15.747087,78.735433,-0.289827,-0.246048,24
22,sprungantwort_PAN_-5deg_20260622_214009.csv,PAN,12,-5.0,5.0,-,0.831386,-92.7681,-14.009167,-78.758933,15.751787,78.758933,-0.2899,-0.246121,25
22,sprungantwort_PAN_-5deg_20260622_214009.csv,PAN,12,-5.0,5.0,-,0.863377,-92.7595,-14.009167,-78.750333,15.750067,78.750333,-0.289873,-0.246094,26
22,sprungantwort_PAN_-5deg_20260622_214009.csv,PAN,12,-5.0,5.0,-,0.896376,-92.7813,-14.009167,-78.772133,15.754427,78.772133,-0.289942,-0.246163,27
22,sprungantwort_PAN_-5deg_20260622_214009.csv,PAN,12,-5.0,5.0,-,0.928564,-92.7788,-14.009167,-78.769633,15.753927,78.769633,-0.289934,-0.246155,28
22,sprungantwort_PAN_-5deg_20260622_214009.csv,PAN,12,-5.0,5.0,-,0.975449,-92.7552,-14.009167,-78.746033,15.749207,78.746033,-0.28986,-0.246081,29
22,sprungantwort_PAN_-5deg_20260622_214009.csv,PAN,12,-5.0,5.0,-,1.006571,-92.7453,-14.009167,-78.736133,15.747227,78.736133,-0.289829,-0.24605,30
22,sprungantwort_PAN_-5deg_20260622_214009.csv,PAN,12,-5.0,5.0,-,1.03914,-92.7745,-14.009167,-78.765333,15.753067,78.765333,-0.28992,-0.246141,31
22,sprungantwort_PAN_-5deg_20260622_214009.csv,PAN,12,-5.0,5.0,-,1.071133,-92.7155,-14.009167,-78.706333,15.741267,78.706333,-0.289736,-0.245957,32
22,sprungantwort_PAN_-5deg_20260622_214009.csv,PAN,12,-5.0,5.0,-,1.103133,-92.7599,-14.009167,-78.750733,15.750147,78.750733,-0.289875,-0.246096,33
22,sprungantwort_PAN_-5deg_20260622_214009.csv,PAN,12,-5.0,5.0,-,1.135651,-92.7411,-14.009167,-78.731933,15.746387,78.731933,-0.289816,-0.246037,34
22,sprungantwort_PAN_-5deg_20260622_214009.csv,PAN,12,-5.0,5.0,-,1.166644,-92.7463,-14.009167,-78.737133,15.747427,78.737133,-0.289832,-0.246053,35
22,sprungantwort_PAN_-5deg_20260622_214009.csv,PAN,12,-5.0,5.0,-,1.198704,-92.756,-14.009167,-78.746833,15.749367,78.746833,-0.289863,-0.246084,36
23,sprungantwort_PAN_-5deg_20260622_214009.csv,PAN,13,5.0,5.0,+,0.0,-92.7605,-92.76151,0.00101,0.000202,0.00101,-0.289877,3e-06,0
23,sprungantwort_PAN_-5deg_20260622_214009.csv,PAN,13,5.0,5.0,+,0.031807,-92.7753,-92.76151,-0.01379,-0.002758,-0.01379,-0.289923,-4.3e-05,1
23,sprungantwort_PAN_-5deg_20260622_214009.csv,PAN,13,5.0,5.0,+,0.06333,-92.7303,-92.76151,0.03121,0.006242,0.03121,-0.289782,9.8e-05,2
23,sprungantwort_PAN_-5deg_20260622_214009.csv,PAN,13,5.0,5.0,+,0.095349,-85.2065,-92.76151,7.55501,1.511002,7.55501,-0.26627,0.02361,3
23,sprungantwort_PAN_-5deg_20260622_214009.csv,PAN,13,5.0,5.0,+,0.128625,-20.6877,-92.76151,72.07381,14.414762,72.07381,-0.064649,0.225231,4
23,sprungantwort_PAN_-5deg_20260622_214009.csv,PAN,13,5.0,5.0,+,0.160116,-14.3074,-92.76151,78.45411,15.690822,78.45411,-0.044711,0.245169,5
23,sprungantwort_PAN_-5deg_20260622_214009.csv,PAN,13,5.0,5.0,+,0.192118,-14.1808,-92.76151,78.58071,15.716142,78.58071,-0.044315,0.245565,6
23,sprungantwort_PAN_-5deg_20260622_214009.csv,PAN,13,5.0,5.0,+,0.225127,-14.2468,-92.76151,78.51471,15.702942,78.51471,-0.044521,0.245359,7
23,sprungantwort_PAN_-5deg_20260622_214009.csv,PAN,13,5.0,5.0,+,0.255644,-14.2641,-92.76151,78.49741,15.699482,78.49741,-0.044575,0.245305,8
23,sprungantwort_PAN_-5deg_20260622_214009.csv,PAN,13,5.0,5.0,+,0.287647,-14.2686,-92.76151,78.49291,15.698582,78.49291,-0.044589,0.245291,9
23,sprungantwort_PAN_-5deg_20260622_214009.csv,PAN,13,5.0,5.0,+,0.319615,-14.3081,-92.76151,78.45341,15.690682,78.45341,-0.044713,0.245167,10
23,sprungantwort_PAN_-5deg_20260622_214009.csv,PAN,13,5.0,5.0,+,0.351634,-14.272,-92.76151,78.48951,15.697902,78.48951,-0.0446,0.24528,11
23,sprungantwort_PAN_-5deg_20260622_214009.csv,PAN,13,5.0,5.0,+,0.399168,-14.2655,-92.76151,78.49601,15.699202,78.49601,-0.04458,0.2453,12
23,sprungantwort_PAN_-5deg_20260622_214009.csv,PAN,13,5.0,5.0,+,0.432164,-14.2794,-92.76151,78.48211,15.696422,78.48211,-0.044623,0.245257,13
23,sprungantwort_PAN_-5deg_20260622_214009.csv,PAN,13,5.0,5.0,+,0.463689,-14.2449,-92.76151,78.51661,15.703322,78.51661,-0.044515,0.245365,14
23,sprungantwort_PAN_-5deg_20260622_214009.csv,PAN,13,5.0,5.0,+,0.494621,-14.2853,-92.76151,78.47621,15.695242,78.47621,-0.044642,0.245238,15
23,sprungantwort_PAN_-5deg_20260622_214009.csv,PAN,13,5.0,5.0,+,0.527618,-14.2504,-92.76151,78.51111,15.702222,78.51111,-0.044533,0.245347,16
23,sprungantwort_PAN_-5deg_20260622_214009.csv,PAN,13,5.0,5.0,+,0.559862,-14.2646,-92.76151,78.49691,15.699382,78.49691,-0.044577,0.245303,17
23,sprungantwort_PAN_-5deg_20260622_214009.csv,PAN,13,5.0,5.0,+,0.591868,-14.2463,-92.76151,78.51521,15.703042,78.51521,-0.04452,0.24536,18
23,sprungantwort_PAN_-5deg_20260622_214009.csv,PAN,13,5.0,5.0,+,0.623752,-14.2559,-92.76151,78.50561,15.701122,78.50561,-0.04455,0.24533,19
23,sprungantwort_PAN_-5deg_20260622_214009.csv,PAN,13,5.0,5.0,+,0.654842,-14.2671,-92.76151,78.49441,15.698882,78.49441,-0.044585,0.245295,20
23,sprungantwort_PAN_-5deg_20260622_214009.csv,PAN,13,5.0,5.0,+,0.687482,-14.255,-92.76151,78.50651,15.701302,78.50651,-0.044547,0.245333,21
23,sprungantwort_PAN_-5deg_20260622_214009.csv,PAN,13,5.0,5.0,+,0.718437,-14.2556,-92.76151,78.50591,15.701182,78.50591,-0.044549,0.245331,22
23,sprungantwort_PAN_-5deg_20260622_214009.csv,PAN,13,5.0,5.0,+,0.751504,-14.2653,-92.76151,78.49621,15.699242,78.49621,-0.044579,0.245301,23
23,sprungantwort_PAN_-5deg_20260622_214009.csv,PAN,13,5.0,5.0,+,0.798973,-14.2462,-92.76151,78.51531,15.703062,78.51531,-0.044519,0.245361,24
23,sprungantwort_PAN_-5deg_20260622_214009.csv,PAN,13,5.0,5.0,+,0.832063,-14.2635,-92.76151,78.49801,15.699602,78.49801,-0.044574,0.245306,25
23,sprungantwort_PAN_-5deg_20260622_214009.csv,PAN,13,5.0,5.0,+,0.863618,-14.2582,-92.76151,78.50331,15.700662,78.50331,-0.044557,0.245323,26
23,sprungantwort_PAN_-5deg_20260622_214009.csv,PAN,13,5.0,5.0,+,0.895598,-14.2363,-92.76151,78.52521,15.705042,78.52521,-0.044488,0.245392,27
23,sprungantwort_PAN_-5deg_20260622_214009.csv,PAN,13,5.0,5.0,+,0.927532,-14.2381,-92.76151,78.52341,15.704682,78.52341,-0.044494,0.245386,28
23,sprungantwort_PAN_-5deg_20260622_214009.csv,PAN,13,5.0,5.0,+,0.960102,-14.2104,-92.76151,78.55111,15.710222,78.55111,-0.044408,0.245472,29
23,sprungantwort_PAN_-5deg_20260622_214009.csv,PAN,13,5.0,5.0,+,0.992139,-14.241,-92.76151,78.52051,15.704102,78.52051,-0.044503,0.245377,30
23,sprungantwort_PAN_-5deg_20260622_214009.csv,PAN,13,5.0,5.0,+,1.024103,-14.2512,-92.76151,78.51031,15.702062,78.51031,-0.044535,0.245345,31
23,sprungantwort_PAN_-5deg_20260622_214009.csv,PAN,13,5.0,5.0,+,1.055613,-14.2454,-92.76151,78.51611,15.703222,78.51611,-0.044517,0.245363,32
23,sprungantwort_PAN_-5deg_20260622_214009.csv,PAN,13,5.0,5.0,+,1.087625,-14.2453,-92.76151,78.51621,15.703242,78.51621,-0.044517,0.245363,33
23,sprungantwort_PAN_-5deg_20260622_214009.csv,PAN,13,5.0,5.0,+,1.119625,-14.2449,-92.76151,78.51661,15.703322,78.51661,-0.044515,0.245365,34
23,sprungantwort_PAN_-5deg_20260622_214009.csv,PAN,13,5.0,5.0,+,1.152346,-14.2416,-92.76151,78.51991,15.703982,78.51991,-0.044505,0.245375,35
24,sprungantwort_PAN_-5deg_20260622_214009.csv,PAN,14,-5.0,5.0,-,0.0,-14.2248,-14.2259,0.0011,-0.00022,-0.0011,-0.044453,3e-06,0
24,sprungantwort_PAN_-5deg_20260622_214009.csv,PAN,14,-5.0,5.0,-,0.030705,-14.2498,-14.2259,-0.0239,0.00478,0.0239,-0.044531,-7.5e-05,1
24,sprungantwort_PAN_-5deg_20260622_214009.csv,PAN,14,-5.0,5.0,-,0.063236,-14.2614,-14.2259,-0.0355,0.0071,0.0355,-0.044567,-0.000111,2
24,sprungantwort_PAN_-5deg_20260622_214009.csv,PAN,14,-5.0,5.0,-,0.095225,-44.8273,-14.2259,-30.6014,6.12028,30.6014,-0.140085,-0.095629,3
24,sprungantwort_PAN_-5deg_20260622_214009.csv,PAN,14,-5.0,5.0,-,0.127237,-91.9744,-14.2259,-77.7485,15.5497,77.7485,-0.28742,-0.242964,4
24,sprungantwort_PAN_-5deg_20260622_214009.csv,PAN,14,-5.0,5.0,-,0.159229,-93.2735,-14.2259,-79.0476,15.80952,79.0476,-0.29148,-0.247024,5
24,sprungantwort_PAN_-5deg_20260622_214009.csv,PAN,14,-5.0,5.0,-,0.191749,-96.5339,-14.2259,-82.308,16.4616,82.308,-0.301668,-0.257212,6
24,sprungantwort_PAN_-5deg_20260622_214009.csv,PAN,14,-5.0,5.0,-,0.223441,-96.5493,-14.2259,-82.3234,16.46468,82.3234,-0.301717,-0.257261,7
24,sprungantwort_PAN_-5deg_20260622_214009.csv,PAN,14,-5.0,5.0,-,0.25549,-96.5494,-14.2259,-82.3235,16.4647,82.3235,-0.301717,-0.257261,8
24,sprungantwort_PAN_-5deg_20260622_214009.csv,PAN,14,-5.0,5.0,-,0.303019,-96.5818,-14.2259,-82.3559,16.47118,82.3559,-0.301818,-0.257362,9
24,sprungantwort_PAN_-5deg_20260622_214009.csv,PAN,14,-5.0,5.0,-,0.335014,-96.5663,-14.2259,-82.3404,16.46808,82.3404,-0.30177,-0.257314,10
24,sprungantwort_PAN_-5deg_20260622_214009.csv,PAN,14,-5.0,5.0,-,0.367562,-96.5264,-14.2259,-82.3005,16.4601,82.3005,-0.301645,-0.257189,11
24,sprungantwort_PAN_-5deg_20260622_214009.csv,PAN,14,-5.0,5.0,-,0.399478,-96.6096,-14.2259,-82.3837,16.47674,82.3837,-0.301905,-0.257449,12
24,sprungantwort_PAN_-5deg_20260622_214009.csv,PAN,14,-5.0,5.0,-,0.432128,-96.5675,-14.2259,-82.3416,16.46832,82.3416,-0.301773,-0.257317,13
24,sprungantwort_PAN_-5deg_20260622_214009.csv,PAN,14,-5.0,5.0,-,0.464601,-96.5637,-14.2259,-82.3378,16.46756,82.3378,-0.301761,-0.257305,14
24,sprungantwort_PAN_-5deg_20260622_214009.csv,PAN,14,-5.0,5.0,-,0.495527,-96.5645,-14.2259,-82.3386,16.46772,82.3386,-0.301764,-0.257308,15
24,sprungantwort_PAN_-5deg_20260622_214009.csv,PAN,14,-5.0,5.0,-,0.527403,-96.5648,-14.2259,-82.3389,16.46778,82.3389,-0.301765,-0.257309,16
24,sprungantwort_PAN_-5deg_20260622_214009.csv,PAN,14,-5.0,5.0,-,0.558499,-96.5767,-14.2259,-82.3508,16.47016,82.3508,-0.301802,-0.257346,17
24,sprungantwort_PAN_-5deg_20260622_214009.csv,PAN,14,-5.0,5.0,-,0.59122,-96.5836,-14.2259,-82.3577,16.47154,82.3577,-0.301824,-0.257368,18
24,sprungantwort_PAN_-5deg_20260622_214009.csv,PAN,14,-5.0,5.0,-,0.623189,-96.5784,-14.2259,-82.3525,16.4705,82.3525,-0.301808,-0.257352,19
24,sprungantwort_PAN_-5deg_20260622_214009.csv,PAN,14,-5.0,5.0,-,0.655331,-96.5719,-14.2259,-82.346,16.4692,82.346,-0.301787,-0.257331,20
24,sprungantwort_PAN_-5deg_20260622_214009.csv,PAN,14,-5.0,5.0,-,0.702868,-96.5664,-14.2259,-82.3405,16.4681,82.3405,-0.30177,-0.257314,21
24,sprungantwort_PAN_-5deg_20260622_214009.csv,PAN,14,-5.0,5.0,-,0.73486,-96.5785,-14.2259,-82.3526,16.47052,82.3526,-0.301808,-0.257352,22
24,sprungantwort_PAN_-5deg_20260622_214009.csv,PAN,14,-5.0,5.0,-,0.767481,-96.615,-14.2259,-82.3891,16.47782,82.3891,-0.301922,-0.257466,23
24,sprungantwort_PAN_-5deg_20260622_214009.csv,PAN,14,-5.0,5.0,-,0.80058,-96.5964,-14.2259,-82.3705,16.4741,82.3705,-0.301864,-0.257408,24
24,sprungantwort_PAN_-5deg_20260622_214009.csv,PAN,14,-5.0,5.0,-,0.832536,-96.5989,-14.2259,-82.373,16.4746,82.373,-0.301872,-0.257416,25
24,sprungantwort_PAN_-5deg_20260622_214009.csv,PAN,14,-5.0,5.0,-,0.86405,-96.5844,-14.2259,-82.3585,16.4717,82.3585,-0.301826,-0.25737,26
24,sprungantwort_PAN_-5deg_20260622_214009.csv,PAN,14,-5.0,5.0,-,0.896032,-96.5917,-14.2259,-82.3658,16.47316,82.3658,-0.301849,-0.257393,27
24,sprungantwort_PAN_-5deg_20260622_214009.csv,PAN,14,-5.0,5.0,-,0.926582,-96.6075,-14.2259,-82.3816,16.47632,82.3816,-0.301898,-0.257442,28
24,sprungantwort_PAN_-5deg_20260622_214009.csv,PAN,14,-5.0,5.0,-,0.959584,-96.5755,-14.2259,-82.3496,16.46992,82.3496,-0.301798,-0.257342,29
24,sprungantwort_PAN_-5deg_20260622_214009.csv,PAN,14,-5.0,5.0,-,0.991187,-96.6009,-14.2259,-82.375,16.475,82.375,-0.301878,-0.257422,30
24,sprungantwort_PAN_-5deg_20260622_214009.csv,PAN,14,-5.0,5.0,-,1.023639,-96.5937,-14.2259,-82.3678,16.47356,82.3678,-0.301855,-0.257399,31
24,sprungantwort_PAN_-5deg_20260622_214009.csv,PAN,14,-5.0,5.0,-,1.055608,-96.6188,-14.2259,-82.3929,16.47858,82.3929,-0.301934,-0.257478,32
24,sprungantwort_PAN_-5deg_20260622_214009.csv,PAN,14,-5.0,5.0,-,1.104119,-96.5929,-14.2259,-82.367,16.4734,82.367,-0.301853,-0.257397,33
24,sprungantwort_PAN_-5deg_20260622_214009.csv,PAN,14,-5.0,5.0,-,1.135118,-96.6016,-14.2259,-82.3757,16.47514,82.3757,-0.30188,-0.257424,34
24,sprungantwort_PAN_-5deg_20260622_214009.csv,PAN,14,-5.0,5.0,-,1.167639,-96.6035,-14.2259,-82.3776,16.47552,82.3776,-0.301886,-0.25743,35
24,sprungantwort_PAN_-5deg_20260622_214009.csv,PAN,14,-5.0,5.0,-,1.199603,-96.6085,-14.2259,-82.3826,16.47652,82.3826,-0.301902,-0.257446,36
25,sprungantwort_PAN_-5deg_20260622_214009.csv,PAN,15,5.0,5.0,+,0.0,-96.594,-96.615867,0.021867,0.004373,0.021867,-0.301856,6.9e-05,0
25,sprungantwort_PAN_-5deg_20260622_214009.csv,PAN,15,5.0,5.0,+,0.030764,-96.6034,-96.615867,0.012467,0.002493,0.012467,-0.301886,3.9e-05,1
25,sprungantwort_PAN_-5deg_20260622_214009.csv,PAN,15,5.0,5.0,+,0.063282,-96.5673,-96.615867,0.048567,0.009713,0.048567,-0.301773,0.000152,2
25,sprungantwort_PAN_-5deg_20260622_214009.csv,PAN,15,5.0,5.0,+,0.096205,-61.9451,-96.615867,34.670767,6.934153,34.670767,-0.193579,0.108346,3
25,sprungantwort_PAN_-5deg_20260622_214009.csv,PAN,15,5.0,5.0,+,0.126225,-12.4218,-96.615867,84.194067,16.838813,84.194067,-0.038818,0.263107,4
25,sprungantwort_PAN_-5deg_20260622_214009.csv,PAN,15,5.0,5.0,+,0.174801,-12.2179,-96.615867,84.397967,16.879593,84.397967,-0.038181,0.263744,5
25,sprungantwort_PAN_-5deg_20260622_214009.csv,PAN,15,5.0,5.0,+,0.206819,-12.2721,-96.615867,84.343767,16.868753,84.343767,-0.03835,0.263575,6
25,sprungantwort_PAN_-5deg_20260622_214009.csv,PAN,15,5.0,5.0,+,0.239368,-12.1462,-96.615867,84.469667,16.893933,84.469667,-0.037957,0.263968,7
25,sprungantwort_PAN_-5deg_20260622_214009.csv,PAN,15,5.0,5.0,+,0.271383,-12.2138,-96.615867,84.402067,16.880413,84.402067,-0.038168,0.263757,8
25,sprungantwort_PAN_-5deg_20260622_214009.csv,PAN,15,5.0,5.0,+,0.302653,-12.2177,-96.615867,84.398167,16.879633,84.398167,-0.03818,0.263745,9
25,sprungantwort_PAN_-5deg_20260622_214009.csv,PAN,15,5.0,5.0,+,0.334825,-12.2268,-96.615867,84.389067,16.877813,84.389067,-0.038209,0.263716,10
25,sprungantwort_PAN_-5deg_20260622_214009.csv,PAN,15,5.0,5.0,+,0.366787,-12.1855,-96.615867,84.430367,16.886073,84.430367,-0.03808,0.263845,11
25,sprungantwort_PAN_-5deg_20260622_214009.csv,PAN,15,5.0,5.0,+,0.398783,-12.207,-96.615867,84.408867,16.881773,84.408867,-0.038147,0.263778,12
25,sprungantwort_PAN_-5deg_20260622_214009.csv,PAN,15,5.0,5.0,+,0.430795,-12.1486,-96.615867,84.467267,16.893453,84.467267,-0.037964,0.263961,13
25,sprungantwort_PAN_-5deg_20260622_214009.csv,PAN,15,5.0,5.0,+,0.462818,-12.1545,-96.615867,84.461367,16.892273,84.461367,-0.037983,0.263942,14
25,sprungantwort_PAN_-5deg_20260622_214009.csv,PAN,15,5.0,5.0,+,0.494862,-12.1238,-96.615867,84.492067,16.898413,84.492067,-0.037887,0.264038,15
25,sprungantwort_PAN_-5deg_20260622_214009.csv,PAN,15,5.0,5.0,+,0.526863,-12.1511,-96.615867,84.464767,16.892953,84.464767,-0.037972,0.263953,16
25,sprungantwort_PAN_-5deg_20260622_214009.csv,PAN,15,5.0,5.0,+,0.574985,-12.1374,-96.615867,84.478467,16.895693,84.478467,-0.037929,0.263996,17
25,sprungantwort_PAN_-5deg_20260622_214009.csv,PAN,15,5.0,5.0,+,0.607091,-12.1415,-96.615867,84.474367,16.894873,84.474367,-0.037942,0.263983,18
25,sprungantwort_PAN_-5deg_20260622_214009.csv,PAN,15,5.0,5.0,+,0.639626,-12.1412,-96.615867,84.474667,16.894933,84.474667,-0.037941,0.263984,19
25,sprungantwort_PAN_-5deg_20260622_214009.csv,PAN,15,5.0,5.0,+,0.671127,-12.147,-96.615867,84.468867,16.893773,84.468867,-0.037959,0.263966,20
25,sprungantwort_PAN_-5deg_20260622_214009.csv,PAN,15,5.0,5.0,+,0.703134,-12.1464,-96.615867,84.469467,16.893893,84.469467,-0.037958,0.263967,21
25,sprungantwort_PAN_-5deg_20260622_214009.csv,PAN,15,5.0,5.0,+,0.735211,-12.1234,-96.615867,84.492467,16.898493,84.492467,-0.037886,0.264039,22
25,sprungantwort_PAN_-5deg_20260622_214009.csv,PAN,15,5.0,5.0,+,0.767205,-12.1541,-96.615867,84.461767,16.892353,84.461767,-0.037981,0.263944,23
25,sprungantwort_PAN_-5deg_20260622_214009.csv,PAN,15,5.0,5.0,+,0.799201,-12.1683,-96.615867,84.447567,16.889513,84.447567,-0.038026,0.263899,24
25,sprungantwort_PAN_-5deg_20260622_214009.csv,PAN,15,5.0,5.0,+,0.831165,-12.1913,-96.615867,84.424567,16.884913,84.424567,-0.038098,0.263827,25
25,sprungantwort_PAN_-5deg_20260622_214009.csv,PAN,15,5.0,5.0,+,0.862805,-12.1666,-96.615867,84.449267,16.889853,84.449267,-0.038021,0.263904,26
25,sprungantwort_PAN_-5deg_20260622_214009.csv,PAN,15,5.0,5.0,+,0.894806,-12.1813,-96.615867,84.434567,16.886913,84.434567,-0.038067,0.263858,27
25,sprungantwort_PAN_-5deg_20260622_214009.csv,PAN,15,5.0,5.0,+,0.927822,-12.1642,-96.615867,84.451667,16.890333,84.451667,-0.038013,0.263912,28
25,sprungantwort_PAN_-5deg_20260622_214009.csv,PAN,15,5.0,5.0,+,0.974238,-12.1589,-96.615867,84.456967,16.891393,84.456967,-0.037996,0.263929,29
25,sprungantwort_PAN_-5deg_20260622_214009.csv,PAN,15,5.0,5.0,+,1.005394,-12.1717,-96.615867,84.444167,16.888833,84.444167,-0.038036,0.263889,30
25,sprungantwort_PAN_-5deg_20260622_214009.csv,PAN,15,5.0,5.0,+,1.039851,-12.1598,-96.615867,84.456067,16.891213,84.456067,-0.037999,0.263926,31
25,sprungantwort_PAN_-5deg_20260622_214009.csv,PAN,15,5.0,5.0,+,1.070917,-12.1757,-96.615867,84.440167,16.888033,84.440167,-0.038049,0.263876,32
25,sprungantwort_PAN_-5deg_20260622_214009.csv,PAN,15,5.0,5.0,+,1.103806,-12.1637,-96.615867,84.452167,16.890433,84.452167,-0.038012,0.263913,33
25,sprungantwort_PAN_-5deg_20260622_214009.csv,PAN,15,5.0,5.0,+,1.135369,-12.1555,-96.615867,84.460367,16.892073,84.460367,-0.037986,0.263939,34
25,sprungantwort_PAN_-5deg_20260622_214009.csv,PAN,15,5.0,5.0,+,1.167371,-12.1718,-96.615867,84.444067,16.888813,84.444067,-0.038037,0.263888,35
25,sprungantwort_PAN_-5deg_20260622_214009.csv,PAN,15,5.0,5.0,+,1.199277,-12.172,-96.615867,84.443867,16.888773,84.443867,-0.038037,0.263888,36
26,sprungantwort_PAN_-5deg_20260622_214009.csv,PAN,16,-5.0,5.0,-,0.0,-12.175,-12.16322,-0.01178,0.002356,0.01178,-0.038047,-3.7e-05,0
26,sprungantwort_PAN_-5deg_20260622_214009.csv,PAN,16,-5.0,5.0,-,0.03004,-12.1719,-12.16322,-0.00868,0.001736,0.00868,-0.038037,-2.7e-05,1
26,sprungantwort_PAN_-5deg_20260622_214009.csv,PAN,16,-5.0,5.0,-,0.063594,-12.1889,-12.16322,-0.02568,0.005136,0.02568,-0.03809,-8e-05,2
26,sprungantwort_PAN_-5deg_20260622_214009.csv,PAN,16,-5.0,5.0,-,0.096167,-44.4241,-12.16322,-32.26088,6.452176,32.26088,-0.138825,-0.100815,3
26,sprungantwort_PAN_-5deg_20260622_214009.csv,PAN,16,-5.0,5.0,-,0.127044,-86.4554,-12.16322,-74.29218,14.858436,74.29218,-0.270173,-0.232163,4
26,sprungantwort_PAN_-5deg_20260622_214009.csv,PAN,16,-5.0,5.0,-,0.159549,-90.1703,-12.16322,-78.00708,15.601416,78.00708,-0.281782,-0.243772,5
26,sprungantwort_PAN_-5deg_20260622_214009.csv,PAN,16,-5.0,5.0,-,0.191539,-95.0496,-12.16322,-82.88638,16.577276,82.88638,-0.29703,-0.25902,6
26,sprungantwort_PAN_-5deg_20260622_214009.csv,PAN,16,-5.0,5.0,-,0.223537,-94.8726,-12.16322,-82.70938,16.541876,82.70938,-0.296477,-0.258467,7
26,sprungantwort_PAN_-5deg_20260622_214009.csv,PAN,16,-5.0,5.0,-,0.255155,-94.8712,-12.16322,-82.70798,16.541596,82.70798,-0.296472,-0.258462,8
26,sprungantwort_PAN_-5deg_20260622_214009.csv,PAN,16,-5.0,5.0,-,0.286635,-94.9531,-12.16322,-82.78988,16.557976,82.78988,-0.296728,-0.258718,9
26,sprungantwort_PAN_-5deg_20260622_214009.csv,PAN,16,-5.0,5.0,-,0.318642,-94.9235,-12.16322,-82.76028,16.552056,82.76028,-0.296636,-0.258626,10
26,sprungantwort_PAN_-5deg_20260622_214009.csv,PAN,16,-5.0,5.0,-,0.350737,-94.8083,-12.16322,-82.64508,16.529016,82.64508,-0.296276,-0.258266,11
26,sprungantwort_PAN_-5deg_20260622_214009.csv,PAN,16,-5.0,5.0,-,0.397295,-94.884,-12.16322,-82.72078,16.544156,82.72078,-0.296513,-0.258503,12
26,sprungantwort_PAN_-5deg_20260622_214009.csv,PAN,16,-5.0,5.0,-,0.431083,-94.8499,-12.16322,-82.68668,16.537336,82.68668,-0.296406,-0.258396,13
26,sprungantwort_PAN_-5deg_20260622_214009.csv,PAN,16,-5.0,5.0,-,0.462863,-94.8827,-12.16322,-82.71948,16.543896,82.71948,-0.296508,-0.258498,14
26,sprungantwort_PAN_-5deg_20260622_214009.csv,PAN,16,-5.0,5.0,-,0.494813,-94.8883,-12.16322,-82.72508,16.545016,82.72508,-0.296526,-0.258516,15
26,sprungantwort_PAN_-5deg_20260622_214009.csv,PAN,16,-5.0,5.0,-,0.526923,-94.8797,-12.16322,-82.71648,16.543296,82.71648,-0.296499,-0.258489,16
26,sprungantwort_PAN_-5deg_20260622_214009.csv,PAN,16,-5.0,5.0,-,0.55888,-94.8318,-12.16322,-82.66858,16.533716,82.66858,-0.296349,-0.258339,17
26,sprungantwort_PAN_-5deg_20260622_214009.csv,PAN,16,-5.0,5.0,-,0.590411,-94.883,-12.16322,-82.71978,16.543956,82.71978,-0.296509,-0.258499,18
26,sprungantwort_PAN_-5deg_20260622_214009.csv,PAN,16,-5.0,5.0,-,0.622019,-94.8647,-12.16322,-82.70148,16.540296,82.70148,-0.296452,-0.258442,19
26,sprungantwort_PAN_-5deg_20260622_214009.csv,PAN,16,-5.0,5.0,-,0.654723,-94.8783,-12.16322,-82.71508,16.543016,82.71508,-0.296495,-0.258485,20
26,sprungantwort_PAN_-5deg_20260622_214009.csv,PAN,16,-5.0,5.0,-,0.686211,-94.8677,-12.16322,-82.70448,16.540896,82.70448,-0.296462,-0.258452,21
26,sprungantwort_PAN_-5deg_20260622_214009.csv,PAN,16,-5.0,5.0,-,0.719198,-94.9102,-12.16322,-82.74698,16.549396,82.74698,-0.296594,-0.258584,22
26,sprungantwort_PAN_-5deg_20260622_214009.csv,PAN,16,-5.0,5.0,-,0.751217,-94.8761,-12.16322,-82.71288,16.542576,82.71288,-0.296488,-0.258478,23
26,sprungantwort_PAN_-5deg_20260622_214009.csv,PAN,16,-5.0,5.0,-,0.79926,-94.8784,-12.16322,-82.71518,16.543036,82.71518,-0.296495,-0.258485,24
26,sprungantwort_PAN_-5deg_20260622_214009.csv,PAN,16,-5.0,5.0,-,0.831209,-94.9007,-12.16322,-82.73748,16.547496,82.73748,-0.296565,-0.258555,25
26,sprungantwort_PAN_-5deg_20260622_214009.csv,PAN,16,-5.0,5.0,-,0.862782,-94.9015,-12.16322,-82.73828,16.547656,82.73828,-0.296567,-0.258557,26
26,sprungantwort_PAN_-5deg_20260622_214009.csv,PAN,16,-5.0,5.0,-,0.894732,-94.8966,-12.16322,-82.73338,16.546676,82.73338,-0.296552,-0.258542,27
26,sprungantwort_PAN_-5deg_20260622_214009.csv,PAN,16,-5.0,5.0,-,0.926735,-94.9022,-12.16322,-82.73898,16.547796,82.73898,-0.296569,-0.258559,28
26,sprungantwort_PAN_-5deg_20260622_214009.csv,PAN,16,-5.0,5.0,-,0.958913,-94.8776,-12.16322,-82.71438,16.542876,82.71438,-0.296492,-0.258482,29
26,sprungantwort_PAN_-5deg_20260622_214009.csv,PAN,16,-5.0,5.0,-,0.991162,-94.8877,-12.16322,-82.72448,16.544896,82.72448,-0.296524,-0.258514,30
26,sprungantwort_PAN_-5deg_20260622_214009.csv,PAN,16,-5.0,5.0,-,1.023087,-94.8971,-12.16322,-82.73388,16.546776,82.73388,-0.296553,-0.258543,31
26,sprungantwort_PAN_-5deg_20260622_214009.csv,PAN,16,-5.0,5.0,-,1.056144,-94.8612,-12.16322,-82.69798,16.539596,82.69798,-0.296441,-0.258431,32
26,sprungantwort_PAN_-5deg_20260622_214009.csv,PAN,16,-5.0,5.0,-,1.087034,-94.901,-12.16322,-82.73778,16.547556,82.73778,-0.296566,-0.258556,33
26,sprungantwort_PAN_-5deg_20260622_214009.csv,PAN,16,-5.0,5.0,-,1.119476,-94.875,-12.16322,-82.71178,16.542356,82.71178,-0.296485,-0.258475,34
26,sprungantwort_PAN_-5deg_20260622_214009.csv,PAN,16,-5.0,5.0,-,1.150876,-94.8769,-12.16322,-82.71368,16.542736,82.71368,-0.29649,-0.25848,35
26,sprungantwort_PAN_-5deg_20260622_214009.csv,PAN,16,-5.0,5.0,-,1.199384,-94.8658,-12.16322,-82.70258,16.540516,82.70258,-0.296456,-0.258446,36
27,sprungantwort_PAN_-5deg_20260622_214009.csv,PAN,17,5.0,5.0,+,0.0,-94.863,-94.874244,0.011244,0.002249,0.011244,-0.296447,3.5e-05,0
27,sprungantwort_PAN_-5deg_20260622_214009.csv,PAN,17,5.0,5.0,+,0.031974,-94.8791,-94.874244,-0.004856,-0.000971,-0.004856,-0.296497,-1.5e-05,1
27,sprungantwort_PAN_-5deg_20260622_214009.csv,PAN,17,5.0,5.0,+,0.064542,-94.8724,-94.874244,0.001844,0.000369,0.001844,-0.296476,6e-06,2
27,sprungantwort_PAN_-5deg_20260622_214009.csv,PAN,17,5.0,5.0,+,0.095563,-62.1257,-94.874244,32.748544,6.549709,32.748544,-0.194143,0.102339,3
27,sprungantwort_PAN_-5deg_20260622_214009.csv,PAN,17,5.0,5.0,+,0.128418,-14.1664,-94.874244,80.707844,16.141569,80.707844,-0.04427,0.252212,4
27,sprungantwort_PAN_-5deg_20260622_214009.csv,PAN,17,5.0,5.0,+,0.159997,-13.8959,-94.874244,80.978344,16.195669,80.978344,-0.043425,0.253057,5
27,sprungantwort_PAN_-5deg_20260622_214009.csv,PAN,17,5.0,5.0,+,0.192022,-13.9582,-94.874244,80.916044,16.183209,80.916044,-0.043619,0.252863,6
27,sprungantwort_PAN_-5deg_20260622_214009.csv,PAN,17,5.0,5.0,+,0.224096,-13.8859,-94.874244,80.988344,16.197669,80.988344,-0.043393,0.253089,7
27,sprungantwort_PAN_-5deg_20260622_214009.csv,PAN,17,5.0,5.0,+,0.272162,-13.9232,-94.874244,80.951044,16.190209,80.951044,-0.04351,0.252972,8
27,sprungantwort_PAN_-5deg_20260622_214009.csv,PAN,17,5.0,5.0,+,0.303149,-13.9344,-94.874244,80.939844,16.187969,80.939844,-0.043545,0.252937,9
27,sprungantwort_PAN_-5deg_20260622_214009.csv,PAN,17,5.0,5.0,+,0.335781,-13.8928,-94.874244,80.981444,16.196289,80.981444,-0.043415,0.253067,10
27,sprungantwort_PAN_-5deg_20260622_214009.csv,PAN,17,5.0,5.0,+,0.367563,-13.9501,-94.874244,80.924144,16.184829,80.924144,-0.043594,0.252888,11
27,sprungantwort_PAN_-5deg_20260622_214009.csv,PAN,17,5.0,5.0,+,0.399028,-13.9659,-94.874244,80.908344,16.181669,80.908344,-0.043644,0.252838,12
27,sprungantwort_PAN_-5deg_20260622_214009.csv,PAN,17,5.0,5.0,+,0.432358,-13.9305,-94.874244,80.943744,16.188749,80.943744,-0.043533,0.252949,13
27,sprungantwort_PAN_-5deg_20260622_214009.csv,PAN,17,5.0,5.0,+,0.46363,-13.9174,-94.874244,80.956844,16.191369,80.956844,-0.043492,0.25299,14
27,sprungantwort_PAN_-5deg_20260622_214009.csv,PAN,17,5.0,5.0,+,0.495609,-13.9527,-94.874244,80.921544,16.184309,80.921544,-0.043602,0.25288,15
27,sprungantwort_PAN_-5deg_20260622_214009.csv,PAN,17,5.0,5.0,+,0.527109,-13.9437,-94.874244,80.930544,16.186109,80.930544,-0.043574,0.252908,16
27,sprungantwort_PAN_-5deg_20260622_214009.csv,PAN,17,5.0,5.0,+,0.559431,-13.9383,-94.874244,80.935944,16.187189,80.935944,-0.043557,0.252925,17
27,sprungantwort_PAN_-5deg_20260622_214009.csv,PAN,17,5.0,5.0,+,0.591433,-13.9268,-94.874244,80.947444,16.189489,80.947444,-0.043521,0.252961,18
27,sprungantwort_PAN_-5deg_20260622_214009.csv,PAN,17,5.0,5.0,+,0.623459,-13.9207,-94.874244,80.953544,16.190709,80.953544,-0.043502,0.25298,19
27,sprungantwort_PAN_-5deg_20260622_214009.csv,PAN,17,5.0,5.0,+,0.671461,-13.926,-94.874244,80.948244,16.189649,80.948244,-0.043519,0.252963,20
27,sprungantwort_PAN_-5deg_20260622_214009.csv,PAN,17,5.0,5.0,+,0.703486,-13.9704,-94.874244,80.903844,16.180769,80.903844,-0.043657,0.252825,21
27,sprungantwort_PAN_-5deg_20260622_214009.csv,PAN,17,5.0,5.0,+,0.736991,-13.9608,-94.874244,80.913444,16.182689,80.913444,-0.043628,0.252854,22
27,sprungantwort_PAN_-5deg_20260622_214009.csv,PAN,17,5.0,5.0,+,0.767988,-13.9542,-94.874244,80.920044,16.184009,80.920044,-0.043607,0.252875,23
27,sprungantwort_PAN_-5deg_20260622_214009.csv,PAN,17,5.0,5.0,+,0.799998,-13.9739,-94.874244,80.900344,16.180069,80.900344,-0.043669,0.252813,24
27,sprungantwort_PAN_-5deg_20260622_214009.csv,PAN,17,5.0,5.0,+,0.832003,-13.9588,-94.874244,80.915444,16.183089,80.915444,-0.043621,0.252861,25
27,sprungantwort_PAN_-5deg_20260622_214009.csv,PAN,17,5.0,5.0,+,0.864512,-13.9618,-94.874244,80.912444,16.182489,80.912444,-0.043631,0.252851,26
27,sprungantwort_PAN_-5deg_20260622_214009.csv,PAN,17,5.0,5.0,+,0.896512,-13.9642,-94.874244,80.910044,16.182009,80.910044,-0.043638,0.252844,27
27,sprungantwort_PAN_-5deg_20260622_214009.csv,PAN,17,5.0,5.0,+,0.927514,-13.9441,-94.874244,80.930144,16.186029,80.930144,-0.043575,0.252907,28
27,sprungantwort_PAN_-5deg_20260622_214009.csv,PAN,17,5.0,5.0,+,0.960029,-13.9683,-94.874244,80.905944,16.181189,80.905944,-0.043651,0.252831,29
27,sprungantwort_PAN_-5deg_20260622_214009.csv,PAN,17,5.0,5.0,+,0.991006,-13.9618,-94.874244,80.912444,16.182489,80.912444,-0.043631,0.252851,30
27,sprungantwort_PAN_-5deg_20260622_214009.csv,PAN,17,5.0,5.0,+,1.022806,-13.9538,-94.874244,80.920444,16.184089,80.920444,-0.043606,0.252876,31
27,sprungantwort_PAN_-5deg_20260622_214009.csv,PAN,17,5.0,5.0,+,1.070285,-13.9639,-94.874244,80.910344,16.182069,80.910344,-0.043637,0.252845,32
27,sprungantwort_PAN_-5deg_20260622_214009.csv,PAN,17,5.0,5.0,+,1.103304,-13.9679,-94.874244,80.906344,16.181269,80.906344,-0.04365,0.252832,33
27,sprungantwort_PAN_-5deg_20260622_214009.csv,PAN,17,5.0,5.0,+,1.136174,-13.9656,-94.874244,80.908644,16.181729,80.908644,-0.043643,0.252839,34
27,sprungantwort_PAN_-5deg_20260622_214009.csv,PAN,17,5.0,5.0,+,1.168273,-13.9645,-94.874244,80.909744,16.181949,80.909744,-0.043639,0.252843,35
28,sprungantwort_PAN_-5deg_20260622_214009.csv,PAN,18,-5.0,5.0,-,0.0,-13.9775,-13.970833,-0.006667,0.001333,0.006667,-0.04368,-2.1e-05,0
28,sprungantwort_PAN_-5deg_20260622_214009.csv,PAN,18,-5.0,5.0,-,0.032799,-13.9602,-13.970833,0.010633,-0.002127,-0.010633,-0.043625,3.4e-05,1
28,sprungantwort_PAN_-5deg_20260622_214009.csv,PAN,18,-5.0,5.0,-,0.06435,-15.2381,-13.970833,-1.267267,0.253453,1.267267,-0.047619,-0.00396,2
28,sprungantwort_PAN_-5deg_20260622_214009.csv,PAN,18,-5.0,5.0,-,0.09736,-70.76,-13.970833,-56.789167,11.357833,56.789167,-0.221125,-0.177466,3
28,sprungantwort_PAN_-5deg_20260622_214009.csv,PAN,18,-5.0,5.0,-,0.128359,-93.2427,-13.970833,-79.271867,15.854373,79.271867,-0.291383,-0.247724,4
28,sprungantwort_PAN_-5deg_20260622_214009.csv,PAN,18,-5.0,5.0,-,0.176876,-95.8661,-13.970833,-81.895267,16.379053,81.895267,-0.299582,-0.255923,5
28,sprungantwort_PAN_-5deg_20260622_214009.csv,PAN,18,-5.0,5.0,-,0.208881,-97.9781,-13.970833,-84.007267,16.801453,84.007267,-0.306182,-0.262523,6
28,sprungantwort_PAN_-5deg_20260622_214009.csv,PAN,18,-5.0,5.0,-,0.240429,-98.0436,-13.970833,-84.072767,16.814553,84.072767,-0.306386,-0.262727,7
28,sprungantwort_PAN_-5deg_20260622_214009.csv,PAN,18,-5.0,5.0,-,0.2734,-97.9396,-13.970833,-83.968767,16.793753,83.968767,-0.306061,-0.262402,8
28,sprungantwort_PAN_-5deg_20260622_214009.csv,PAN,18,-5.0,5.0,-,0.305361,-97.9595,-13.970833,-83.988667,16.797733,83.988667,-0.306123,-0.262464,9
28,sprungantwort_PAN_-5deg_20260622_214009.csv,PAN,18,-5.0,5.0,-,0.336694,-98.0147,-13.970833,-84.043867,16.808773,84.043867,-0.306296,-0.262637,10
28,sprungantwort_PAN_-5deg_20260622_214009.csv,PAN,18,-5.0,5.0,-,0.369193,-97.9456,-13.970833,-83.974767,16.794953,83.974767,-0.30608,-0.262421,11
28,sprungantwort_PAN_-5deg_20260622_214009.csv,PAN,18,-5.0,5.0,-,0.400204,-97.9647,-13.970833,-83.993867,16.798773,83.993867,-0.30614,-0.262481,12
28,sprungantwort_PAN_-5deg_20260622_214009.csv,PAN,18,-5.0,5.0,-,0.433207,-97.9695,-13.970833,-83.998667,16.799733,83.998667,-0.306155,-0.262496,13
28,sprungantwort_PAN_-5deg_20260622_214009.csv,PAN,18,-5.0,5.0,-,0.465731,-97.956,-13.970833,-83.985167,16.797033,83.985167,-0.306113,-0.262454,14
28,sprungantwort_PAN_-5deg_20260622_214009.csv,PAN,18,-5.0,5.0,-,0.496715,-97.9462,-13.970833,-83.975367,16.795073,83.975367,-0.306082,-0.262423,15
28,sprungantwort_PAN_-5deg_20260622_214009.csv,PAN,18,-5.0,5.0,-,0.529776,-97.9571,-13.970833,-83.986267,16.797253,83.986267,-0.306116,-0.262457,16
28,sprungantwort_PAN_-5deg_20260622_214009.csv,PAN,18,-5.0,5.0,-,0.577264,-97.9762,-13.970833,-84.005367,16.801073,84.005367,-0.306176,-0.262517,17
28,sprungantwort_PAN_-5deg_20260622_214009.csv,PAN,18,-5.0,5.0,-,0.608271,-97.9955,-13.970833,-84.024667,16.804933,84.024667,-0.306236,-0.262577,18
28,sprungantwort_PAN_-5deg_20260622_214009.csv,PAN,18,-5.0,5.0,-,0.640775,-97.9931,-13.970833,-84.022267,16.804453,84.022267,-0.306228,-0.262569,19
28,sprungantwort_PAN_-5deg_20260622_214009.csv,PAN,18,-5.0,5.0,-,0.672937,-97.9902,-13.970833,-84.019367,16.803873,84.019367,-0.306219,-0.26256,20
28,sprungantwort_PAN_-5deg_20260622_214009.csv,PAN,18,-5.0,5.0,-,0.705006,-97.9992,-13.970833,-84.028367,16.805673,84.028367,-0.306247,-0.262588,21
28,sprungantwort_PAN_-5deg_20260622_214009.csv,PAN,18,-5.0,5.0,-,0.736944,-97.949,-13.970833,-83.978167,16.795633,83.978167,-0.306091,-0.262432,22
28,sprungantwort_PAN_-5deg_20260622_214009.csv,PAN,18,-5.0,5.0,-,0.768308,-97.9755,-13.970833,-84.004667,16.800933,84.004667,-0.306173,-0.262514,23
28,sprungantwort_PAN_-5deg_20260622_214009.csv,PAN,18,-5.0,5.0,-,0.801447,-97.9755,-13.970833,-84.004667,16.800933,84.004667,-0.306173,-0.262514,24
28,sprungantwort_PAN_-5deg_20260622_214009.csv,PAN,18,-5.0,5.0,-,0.833365,-97.9784,-13.970833,-84.007567,16.801513,84.007567,-0.306182,-0.262523,25
28,sprungantwort_PAN_-5deg_20260622_214009.csv,PAN,18,-5.0,5.0,-,0.864471,-97.9797,-13.970833,-84.008867,16.801773,84.008867,-0.306187,-0.262528,26
28,sprungantwort_PAN_-5deg_20260622_214009.csv,PAN,18,-5.0,5.0,-,0.89616,-97.9769,-13.970833,-84.006067,16.801213,84.006067,-0.306178,-0.262519,27
28,sprungantwort_PAN_-5deg_20260622_214009.csv,PAN,18,-5.0,5.0,-,0.929241,-98.0126,-13.970833,-84.041767,16.808353,84.041767,-0.30629,-0.262631,28
28,sprungantwort_PAN_-5deg_20260622_214009.csv,PAN,18,-5.0,5.0,-,0.977757,-97.9813,-13.970833,-84.010467,16.802093,84.010467,-0.306192,-0.262533,29
28,sprungantwort_PAN_-5deg_20260622_214009.csv,PAN,18,-5.0,5.0,-,1.008748,-98.0147,-13.970833,-84.043867,16.808773,84.043867,-0.306296,-0.262637,30
28,sprungantwort_PAN_-5deg_20260622_214009.csv,PAN,18,-5.0,5.0,-,1.04126,-98.0497,-13.970833,-84.078867,16.815773,84.078867,-0.306405,-0.262746,31
28,sprungantwort_PAN_-5deg_20260622_214009.csv,PAN,18,-5.0,5.0,-,1.072271,-98.0213,-13.970833,-84.050467,16.810093,84.050467,-0.306317,-0.262658,32
28,sprungantwort_PAN_-5deg_20260622_214009.csv,PAN,18,-5.0,5.0,-,1.105272,-98.0128,-13.970833,-84.041967,16.808393,84.041967,-0.30629,-0.262631,33
28,sprungantwort_PAN_-5deg_20260622_214009.csv,PAN,18,-5.0,5.0,-,1.137237,-98.0053,-13.970833,-84.034467,16.806893,84.034467,-0.306267,-0.262608,34
28,sprungantwort_PAN_-5deg_20260622_214009.csv,PAN,18,-5.0,5.0,-,1.168774,-97.9812,-13.970833,-84.010367,16.802073,84.010367,-0.306191,-0.262532,35
29,sprungantwort_PAN_-5deg_20260622_214009.csv,PAN,19,5.0,5.0,+,0.0,-98.0276,-98.02184,-0.00576,-0.001152,-0.00576,-0.306336,-1.8e-05,0
29,sprungantwort_PAN_-5deg_20260622_214009.csv,PAN,19,5.0,5.0,+,0.047769,-98.0143,-98.02184,0.00754,0.001508,0.00754,-0.306295,2.3e-05,1
29,sprungantwort_PAN_-5deg_20260622_214009.csv,PAN,19,5.0,5.0,+,0.079854,-93.7485,-98.02184,4.27334,0.854668,4.27334,-0.292964,0.013354,2
29,sprungantwort_PAN_-5deg_20260622_214009.csv,PAN,19,5.0,5.0,+,0.110855,-25.4319,-98.02184,72.58994,14.517988,72.58994,-0.079475,0.226843,3
29,sprungantwort_PAN_-5deg_20260622_214009.csv,PAN,19,5.0,5.0,+,0.144205,-9.8998,-98.02184,88.12204,17.624408,88.12204,-0.030937,0.275381,4
29,sprungantwort_PAN_-5deg_20260622_214009.csv,PAN,19,5.0,5.0,+,0.176435,-10.1004,-98.02184,87.92144,17.584288,87.92144,-0.031564,0.274754,5
29,sprungantwort_PAN_-5deg_20260622_214009.csv,PAN,19,5.0,5.0,+,0.208449,-10.2824,-98.02184,87.73944,17.547888,87.73944,-0.032133,0.274185,6
29,sprungantwort_PAN_-5deg_20260622_214009.csv,PAN,19,5.0,5.0,+,0.239849,-10.2084,-98.02184,87.81344,17.562688,87.81344,-0.031901,0.274417,7
29,sprungantwort_PAN_-5deg_20260622_214009.csv,PAN,19,5.0,5.0,+,0.272478,-10.1944,-98.02184,87.82744,17.565488,87.82744,-0.031857,0.274461,8
29,sprungantwort_PAN_-5deg_20260622_214009.csv,PAN,19,5.0,5.0,+,0.304477,-10.1747,-98.02184,87.84714,17.569428,87.84714,-0.031796,0.274522,9
29,sprungantwort_PAN_-5deg_20260622_214009.csv,PAN,19,5.0,5.0,+,0.335276,-10.2543,-98.02184,87.76754,17.553508,87.76754,-0.032045,0.274273,10
29,sprungantwort_PAN_-5deg_20260622_214009.csv,PAN,19,5.0,5.0,+,0.367984,-10.1765,-98.02184,87.84534,17.569068,87.84534,-0.031802,0.274516,11
29,sprungantwort_PAN_-5deg_20260622_214009.csv,PAN,19,5.0,5.0,+,0.401958,-10.2138,-98.02184,87.80804,17.561608,87.80804,-0.031918,0.2744,12
29,sprungantwort_PAN_-5deg_20260622_214009.csv,PAN,19,5.0,5.0,+,0.447988,-10.2182,-98.02184,87.80364,17.560728,87.80364,-0.031932,0.274386,13
29,sprungantwort_PAN_-5deg_20260622_214009.csv,PAN,19,5.0,5.0,+,0.478992,-10.2209,-98.02184,87.80094,17.560188,87.80094,-0.03194,0.274378,14
29,sprungantwort_PAN_-5deg_20260622_214009.csv,PAN,19,5.0,5.0,+,0.514647,-10.2181,-98.02184,87.80374,17.560748,87.80374,-0.031931,0.274387,15
29,sprungantwort_PAN_-5deg_20260622_214009.csv,PAN,19,5.0,5.0,+,0.543401,-10.1995,-98.02184,87.82234,17.564468,87.82234,-0.031874,0.274444,16
29,sprungantwort_PAN_-5deg_20260622_214009.csv,PAN,19,5.0,5.0,+,0.575397,-10.2046,-98.02184,87.81724,17.563448,87.81724,-0.031889,0.274429,17
29,sprungantwort_PAN_-5deg_20260622_214009.csv,PAN,19,5.0,5.0,+,0.607273,-10.1938,-98.02184,87.82804,17.565608,87.82804,-0.031856,0.274462,18
29,sprungantwort_PAN_-5deg_20260622_214009.csv,PAN,19,5.0,5.0,+,0.639821,-10.1711,-98.02184,87.85074,17.570148,87.85074,-0.031785,0.274533,19
29,sprungantwort_PAN_-5deg_20260622_214009.csv,PAN,19,5.0,5.0,+,0.67139,-10.1692,-98.02184,87.85264,17.570528,87.85264,-0.031779,0.274539,20
29,sprungantwort_PAN_-5deg_20260622_214009.csv,PAN,19,5.0,5.0,+,0.703318,-10.1868,-98.02184,87.83504,17.567008,87.83504,-0.031834,0.274484,21
29,sprungantwort_PAN_-5deg_20260622_214009.csv,PAN,19,5.0,5.0,+,0.735831,-10.2066,-98.02184,87.81524,17.563048,87.81524,-0.031896,0.274422,22
29,sprungantwort_PAN_-5deg_20260622_214009.csv,PAN,19,5.0,5.0,+,0.767831,-10.1735,-98.02184,87.84834,17.569668,87.84834,-0.031792,0.274526,23
29,sprungantwort_PAN_-5deg_20260622_214009.csv,PAN,19,5.0,5.0,+,0.801837,-10.1797,-98.02184,87.84214,17.568428,87.84214,-0.031812,0.274506,24
29,sprungantwort_PAN_-5deg_20260622_214009.csv,PAN,19,5.0,5.0,+,0.848348,-10.1684,-98.02184,87.85344,17.570688,87.85344,-0.031776,0.274542,25
29,sprungantwort_PAN_-5deg_20260622_214009.csv,PAN,19,5.0,5.0,+,0.878885,-10.1908,-98.02184,87.83104,17.566208,87.83104,-0.031846,0.274472,26
29,sprungantwort_PAN_-5deg_20260622_214009.csv,PAN,19,5.0,5.0,+,0.912893,-10.1753,-98.02184,87.84654,17.569308,87.84654,-0.031798,0.27452,27
29,sprungantwort_PAN_-5deg_20260622_214009.csv,PAN,19,5.0,5.0,+,0.944409,-10.176,-98.02184,87.84584,17.569168,87.84584,-0.0318,0.274518,28
29,sprungantwort_PAN_-5deg_20260622_214009.csv,PAN,19,5.0,5.0,+,0.975367,-10.169,-98.02184,87.85284,17.570568,87.85284,-0.031778,0.27454,29
29,sprungantwort_PAN_-5deg_20260622_214009.csv,PAN,19,5.0,5.0,+,1.006808,-10.1715,-98.02184,87.85034,17.570068,87.85034,-0.031786,0.274532,30
29,sprungantwort_PAN_-5deg_20260622_214009.csv,PAN,19,5.0,5.0,+,1.040775,-10.1691,-98.02184,87.85274,17.570548,87.85274,-0.031778,0.27454,31
29,sprungantwort_PAN_-5deg_20260622_214009.csv,PAN,19,5.0,5.0,+,1.071647,-10.1884,-98.02184,87.83344,17.566688,87.83344,-0.031839,0.274479,32
29,sprungantwort_PAN_-5deg_20260622_214009.csv,PAN,19,5.0,5.0,+,1.102634,-10.2102,-98.02184,87.81164,17.562328,87.81164,-0.031907,0.274411,33
29,sprungantwort_PAN_-5deg_20260622_214009.csv,PAN,19,5.0,5.0,+,1.135612,-10.2223,-98.02184,87.79954,17.559908,87.79954,-0.031945,0.274373,34
29,sprungantwort_PAN_-5deg_20260622_214009.csv,PAN,19,5.0,5.0,+,1.168382,-10.1922,-98.02184,87.82964,17.565928,87.82964,-0.031851,0.274467,35
30,sprungantwort_PAN_-5deg_20260622_214117.csv,PAN,0,-5.0,5.0,-,0.0,-3.6618,-3.547722,-0.114078,0.022816,0.114078,-0.011443,-0.000356,0
30,sprungantwort_PAN_-5deg_20260622_214117.csv,PAN,0,-5.0,5.0,-,0.030696,-3.6574,-3.547722,-0.109678,0.021936,0.109678,-0.011429,-0.000342,1
30,sprungantwort_PAN_-5deg_20260622_214117.csv,PAN,0,-5.0,5.0,-,0.06317,-5.1024,-3.547722,-1.554678,0.310936,1.554678,-0.015945,-0.004858,2
30,sprungantwort_PAN_-5deg_20260622_214117.csv,PAN,0,-5.0,5.0,-,0.095091,-69.0535,-3.547722,-65.505778,13.101156,65.505778,-0.215792,-0.204705,3
30,sprungantwort_PAN_-5deg_20260622_214117.csv,PAN,0,-5.0,5.0,-,0.127102,-96.3917,-3.547722,-92.843978,18.568796,92.843978,-0.301224,-0.290137,4
30,sprungantwort_PAN_-5deg_20260622_214117.csv,PAN,0,-5.0,5.0,-,0.175677,-95.6585,-3.547722,-92.110778,18.422156,92.110778,-0.298933,-0.287846,5
30,sprungantwort_PAN_-5deg_20260622_214117.csv,PAN,0,-5.0,5.0,-,0.207636,-95.5969,-3.547722,-92.049178,18.409836,92.049178,-0.29874,-0.287653,6
30,sprungantwort_PAN_-5deg_20260622_214117.csv,PAN,0,-5.0,5.0,-,0.237504,-95.7182,-3.547722,-92.170478,18.434096,92.170478,-0.299119,-0.288032,7
30,sprungantwort_PAN_-5deg_20260622_214117.csv,PAN,0,-5.0,5.0,-,0.271805,-95.6484,-3.547722,-92.100678,18.420136,92.100678,-0.298901,-0.287814,8
30,sprungantwort_PAN_-5deg_20260622_214117.csv,PAN,0,-5.0,5.0,-,0.303517,-95.5923,-3.547722,-92.044578,18.408916,92.044578,-0.298726,-0.287639,9
30,sprungantwort_PAN_-5deg_20260622_214117.csv,PAN,0,-5.0,5.0,-,0.335663,-95.6651,-3.547722,-92.117378,18.423476,92.117378,-0.298953,-0.287866,10
30,sprungantwort_PAN_-5deg_20260622_214117.csv,PAN,0,-5.0,5.0,-,0.368084,-95.6749,-3.547722,-92.127178,18.425436,92.127178,-0.298984,-0.287897,11
30,sprungantwort_PAN_-5deg_20260622_214117.csv,PAN,0,-5.0,5.0,-,0.398012,-95.6057,-3.547722,-92.057978,18.411596,92.057978,-0.298768,-0.287681,12
30,sprungantwort_PAN_-5deg_20260622_214117.csv,PAN,0,-5.0,5.0,-,0.43114,-95.6278,-3.547722,-92.080078,18.416016,92.080078,-0.298837,-0.28775,13
30,sprungantwort_PAN_-5deg_20260622_214117.csv,PAN,0,-5.0,5.0,-,0.462699,-95.7117,-3.547722,-92.163978,18.432796,92.163978,-0.299099,-0.288012,14
30,sprungantwort_PAN_-5deg_20260622_214117.csv,PAN,0,-5.0,5.0,-,0.495632,-95.7154,-3.547722,-92.167678,18.433536,92.167678,-0.299111,-0.288024,15
30,sprungantwort_PAN_-5deg_20260622_214117.csv,PAN,0,-5.0,5.0,-,0.526073,-95.7423,-3.547722,-92.194578,18.438916,92.194578,-0.299195,-0.288108,16
30,sprungantwort_PAN_-5deg_20260622_214117.csv,PAN,0,-5.0,5.0,-,0.575078,-95.7796,-3.547722,-92.231878,18.446376,92.231878,-0.299311,-0.288224,17
30,sprungantwort_PAN_-5deg_20260622_214117.csv,PAN,0,-5.0,5.0,-,0.607686,-95.781,-3.547722,-92.233278,18.446656,92.233278,-0.299316,-0.288229,18
30,sprungantwort_PAN_-5deg_20260622_214117.csv,PAN,0,-5.0,5.0,-,0.639798,-95.794,-3.547722,-92.246278,18.449256,92.246278,-0.299356,-0.288269,19
30,sprungantwort_PAN_-5deg_20260622_214117.csv,PAN,0,-5.0,5.0,-,0.671081,-95.7991,-3.547722,-92.251378,18.450276,92.251378,-0.299372,-0.288285,20
30,sprungantwort_PAN_-5deg_20260622_214117.csv,PAN,0,-5.0,5.0,-,0.70393,-95.8768,-3.547722,-92.329078,18.465816,92.329078,-0.299615,-0.288528,21
30,sprungantwort_PAN_-5deg_20260622_214117.csv,PAN,0,-5.0,5.0,-,0.735039,-95.8448,-3.547722,-92.297078,18.459416,92.297078,-0.299515,-0.288428,22
30,sprungantwort_PAN_-5deg_20260622_214117.csv,PAN,0,-5.0,5.0,-,0.76748,-95.8622,-3.547722,-92.314478,18.462896,92.314478,-0.299569,-0.288482,23
30,sprungantwort_PAN_-5deg_20260622_214117.csv,PAN,0,-5.0,5.0,-,0.800171,-95.8466,-3.547722,-92.298878,18.459776,92.298878,-0.299521,-0.288434,24
30,sprungantwort_PAN_-5deg_20260622_214117.csv,PAN,0,-5.0,5.0,-,0.831902,-95.89,-3.547722,-92.342278,18.468456,92.342278,-0.299656,-0.288569,25
30,sprungantwort_PAN_-5deg_20260622_214117.csv,PAN,0,-5.0,5.0,-,0.864582,-95.8622,-3.547722,-92.314478,18.462896,92.314478,-0.299569,-0.288482,26
30,sprungantwort_PAN_-5deg_20260622_214117.csv,PAN,0,-5.0,5.0,-,0.894842,-95.8806,-3.547722,-92.332878,18.466576,92.332878,-0.299627,-0.28854,27
30,sprungantwort_PAN_-5deg_20260622_214117.csv,PAN,0,-5.0,5.0,-,0.92679,-95.8941,-3.547722,-92.346378,18.469276,92.346378,-0.299669,-0.288582,28
30,sprungantwort_PAN_-5deg_20260622_214117.csv,PAN,0,-5.0,5.0,-,0.975791,-95.9022,-3.547722,-92.354478,18.470896,92.354478,-0.299694,-0.288607,29
30,sprungantwort_PAN_-5deg_20260622_214117.csv,PAN,0,-5.0,5.0,-,1.007786,-95.9137,-3.547722,-92.365978,18.473196,92.365978,-0.29973,-0.288643,30
30,sprungantwort_PAN_-5deg_20260622_214117.csv,PAN,0,-5.0,5.0,-,1.039828,-95.9058,-3.547722,-92.358078,18.471616,92.358078,-0.299706,-0.288619,31
30,sprungantwort_PAN_-5deg_20260622_214117.csv,PAN,0,-5.0,5.0,-,1.069824,-95.9238,-3.547722,-92.376078,18.475216,92.376078,-0.299762,-0.288675,32
30,sprungantwort_PAN_-5deg_20260622_214117.csv,PAN,0,-5.0,5.0,-,1.103635,-95.9096,-3.547722,-92.361878,18.472376,92.361878,-0.299718,-0.288631,33
30,sprungantwort_PAN_-5deg_20260622_214117.csv,PAN,0,-5.0,5.0,-,1.134985,-95.917,-3.547722,-92.369278,18.473856,92.369278,-0.299741,-0.288654,34
30,sprungantwort_PAN_-5deg_20260622_214117.csv,PAN,0,-5.0,5.0,-,1.1671,-95.9138,-3.547722,-92.366078,18.473216,92.366078,-0.299731,-0.288644,35
30,sprungantwort_PAN_-5deg_20260622_214117.csv,PAN,0,-5.0,5.0,-,1.19917,-95.9418,-3.547722,-92.394078,18.478816,92.394078,-0.299818,-0.288731,36
31,sprungantwort_PAN_-5deg_20260622_214117.csv,PAN,1,5.0,5.0,+,0.0,-96.0854,-96.01259,-0.07281,-0.014562,-0.07281,-0.300267,-0.000228,0
31,sprungantwort_PAN_-5deg_20260622_214117.csv,PAN,1,5.0,5.0,+,0.030527,-96.0942,-96.01259,-0.08161,-0.016322,-0.08161,-0.300294,-0.000255,1
31,sprungantwort_PAN_-5deg_20260622_214117.csv,PAN,1,5.0,5.0,+,0.063774,-96.0291,-96.01259,-0.01651,-0.003302,-0.01651,-0.300091,-5.2e-05,2
31,sprungantwort_PAN_-5deg_20260622_214117.csv,PAN,1,5.0,5.0,+,0.095861,-73.1041,-96.01259,22.90849,4.581698,22.90849,-0.22845,0.071589,3
31,sprungantwort_PAN_-5deg_20260622_214117.csv,PAN,1,5.0,5.0,+,0.125544,-9.1827,-96.01259,86.82989,17.365978,86.82989,-0.028696,0.271343,4
31,sprungantwort_PAN_-5deg_20260622_214117.csv,PAN,1,5.0,5.0,+,0.159877,-6.3422,-96.01259,89.67039,17.934078,89.67039,-0.019819,0.28022,5
31,sprungantwort_PAN_-5deg_20260622_214117.csv,PAN,1,5.0,5.0,+,0.190945,-6.2237,-96.01259,89.78889,17.957778,89.78889,-0.019449,0.28059,6
31,sprungantwort_PAN_-5deg_20260622_214117.csv,PAN,1,5.0,5.0,+,0.223406,-6.224,-96.01259,89.78859,17.957718,89.78859,-0.01945,0.280589,7
31,sprungantwort_PAN_-5deg_20260622_214117.csv,PAN,1,5.0,5.0,+,0.255351,-6.3367,-96.01259,89.67589,17.935178,89.67589,-0.019802,0.280237,8
31,sprungantwort_PAN_-5deg_20260622_214117.csv,PAN,1,5.0,5.0,+,0.28705,-6.3382,-96.01259,89.67439,17.934878,89.67439,-0.019807,0.280232,9
31,sprungantwort_PAN_-5deg_20260622_214117.csv,PAN,1,5.0,5.0,+,0.319882,-6.2846,-96.01259,89.72799,17.945598,89.72799,-0.019639,0.2804,10
31,sprungantwort_PAN_-5deg_20260622_214117.csv,PAN,1,5.0,5.0,+,0.350787,-6.3097,-96.01259,89.70289,17.940578,89.70289,-0.019718,0.280321,11
31,sprungantwort_PAN_-5deg_20260622_214117.csv,PAN,1,5.0,5.0,+,0.398892,-6.3486,-96.01259,89.66399,17.932798,89.66399,-0.019839,0.2802,12
31,sprungantwort_PAN_-5deg_20260622_214117.csv,PAN,1,5.0,5.0,+,0.431479,-6.3365,-96.01259,89.67609,17.935218,89.67609,-0.019802,0.280237,13
31,sprungantwort_PAN_-5deg_20260622_214117.csv,PAN,1,5.0,5.0,+,0.463445,-6.2962,-96.01259,89.71639,17.943278,89.71639,-0.019675,0.280364,14
31,sprungantwort_PAN_-5deg_20260622_214117.csv,PAN,1,5.0,5.0,+,0.495051,-6.3043,-96.01259,89.70829,17.941658,89.70829,-0.019701,0.280338,15
31,sprungantwort_PAN_-5deg_20260622_214117.csv,PAN,1,5.0,5.0,+,0.527571,-6.2952,-96.01259,89.71739,17.943478,89.71739,-0.019673,0.280366,16
31,sprungantwort_PAN_-5deg_20260622_214117.csv,PAN,1,5.0,5.0,+,0.558699,-6.2708,-96.01259,89.74179,17.948358,89.74179,-0.019596,0.280443,17
31,sprungantwort_PAN_-5deg_20260622_214117.csv,PAN,1,5.0,5.0,+,0.591462,-6.2961,-96.01259,89.71649,17.943298,89.71649,-0.019675,0.280364,18
31,sprungantwort_PAN_-5deg_20260622_214117.csv,PAN,1,5.0,5.0,+,0.62253,-6.3372,-96.01259,89.67539,17.935078,89.67539,-0.019804,0.280235,19
31,sprungantwort_PAN_-5deg_20260622_214117.csv,PAN,1,5.0,5.0,+,0.654614,-6.374,-96.01259,89.63859,17.927718,89.63859,-0.019919,0.28012,20
31,sprungantwort_PAN_-5deg_20260622_214117.csv,PAN,1,5.0,5.0,+,0.687318,-6.372,-96.01259,89.64059,17.928118,89.64059,-0.019913,0.280126,21
31,sprungantwort_PAN_-5deg_20260622_214117.csv,PAN,1,5.0,5.0,+,0.71812,-6.3862,-96.01259,89.62639,17.925278,89.62639,-0.019957,0.280082,22
31,sprungantwort_PAN_-5deg_20260622_214117.csv,PAN,1,5.0,5.0,+,0.751161,-6.4139,-96.01259,89.59869,17.919738,89.59869,-0.020043,0.279996,23
31,sprungantwort_PAN_-5deg_20260622_214117.csv,PAN,1,5.0,5.0,+,0.79849,-6.3942,-96.01259,89.61839,17.923678,89.61839,-0.019982,0.280057,24
31,sprungantwort_PAN_-5deg_20260622_214117.csv,PAN,1,5.0,5.0,+,0.831502,-6.4362,-96.01259,89.57639,17.915278,89.57639,-0.020113,0.279926,25
31,sprungantwort_PAN_-5deg_20260622_214117.csv,PAN,1,5.0,5.0,+,0.862585,-6.4324,-96.01259,89.58019,17.916038,89.58019,-0.020101,0.279938,26
31,sprungantwort_PAN_-5deg_20260622_214117.csv,PAN,1,5.0,5.0,+,0.895023,-6.4409,-96.01259,89.57169,17.914338,89.57169,-0.020128,0.279911,27
31,sprungantwort_PAN_-5deg_20260622_214117.csv,PAN,1,5.0,5.0,+,0.928026,-6.4507,-96.01259,89.56189,17.912378,89.56189,-0.020158,0.279881,28
31,sprungantwort_PAN_-5deg_20260622_214117.csv,PAN,1,5.0,5.0,+,0.960802,-6.4909,-96.01259,89.52169,17.904338,89.52169,-0.020284,0.279755,29
31,sprungantwort_PAN_-5deg_20260622_214117.csv,PAN,1,5.0,5.0,+,0.991552,-6.5717,-96.01259,89.44089,17.888178,89.44089,-0.020537,0.279502,30
31,sprungantwort_PAN_-5deg_20260622_214117.csv,PAN,1,5.0,5.0,+,1.02355,-6.5141,-96.01259,89.49849,17.899698,89.49849,-0.020357,0.279682,31
31,sprungantwort_PAN_-5deg_20260622_214117.csv,PAN,1,5.0,5.0,+,1.055551,-6.4519,-96.01259,89.56069,17.912138,89.56069,-0.020162,0.279877,32
31,sprungantwort_PAN_-5deg_20260622_214117.csv,PAN,1,5.0,5.0,+,1.089085,-6.4755,-96.01259,89.53709,17.907418,89.53709,-0.020236,0.279803,33
31,sprungantwort_PAN_-5deg_20260622_214117.csv,PAN,1,5.0,5.0,+,1.118801,-6.4328,-96.01259,89.57979,17.915958,89.57979,-0.020102,0.279937,34
31,sprungantwort_PAN_-5deg_20260622_214117.csv,PAN,1,5.0,5.0,+,1.150481,-6.4016,-96.01259,89.61099,17.922198,89.61099,-0.020005,0.280034,35
31,sprungantwort_PAN_-5deg_20260622_214117.csv,PAN,1,5.0,5.0,+,1.198952,-6.3691,-96.01259,89.64349,17.928698,89.64349,-0.019903,0.280136,36
32,sprungantwort_PAN_-5deg_20260622_214117.csv,PAN,2,-5.0,5.0,-,0.0,-7.0165,-6.695656,-0.320844,0.064169,0.320844,-0.021927,-0.001003,0
32,sprungantwort_PAN_-5deg_20260622_214117.csv,PAN,2,-5.0,5.0,-,0.031758,-7.0183,-6.695656,-0.322644,0.064529,0.322644,-0.021932,-0.001008,1
32,sprungantwort_PAN_-5deg_20260622_214117.csv,PAN,2,-5.0,5.0,-,0.062427,-14.0361,-6.695656,-7.340444,1.468089,7.340444,-0.043863,-0.022939,2
32,sprungantwort_PAN_-5deg_20260622_214117.csv,PAN,2,-5.0,5.0,-,0.094364,-79.7291,-6.695656,-73.033444,14.606689,73.033444,-0.249153,-0.228229,3
32,sprungantwort_PAN_-5deg_20260622_214117.csv,PAN,2,-5.0,5.0,-,0.126404,-89.2395,-6.695656,-82.543844,16.508769,82.543844,-0.278873,-0.257949,4
32,sprungantwort_PAN_-5deg_20260622_214117.csv,PAN,2,-5.0,5.0,-,0.158904,-93.7106,-6.695656,-87.014944,17.402989,87.014944,-0.292846,-0.271922,5
32,sprungantwort_PAN_-5deg_20260622_214117.csv,PAN,2,-5.0,5.0,-,0.190942,-94.4693,-6.695656,-87.773644,17.554729,87.773644,-0.295217,-0.274293,6
32,sprungantwort_PAN_-5deg_20260622_214117.csv,PAN,2,-5.0,5.0,-,0.225018,-94.4396,-6.695656,-87.743944,17.548789,87.743944,-0.295124,-0.2742,7
32,sprungantwort_PAN_-5deg_20260622_214117.csv,PAN,2,-5.0,5.0,-,0.273307,-94.3139,-6.695656,-87.618244,17.523649,87.618244,-0.294731,-0.273807,8
32,sprungantwort_PAN_-5deg_20260622_214117.csv,PAN,2,-5.0,5.0,-,0.306303,-94.2876,-6.695656,-87.591944,17.518389,87.591944,-0.294649,-0.273725,9
32,sprungantwort_PAN_-5deg_20260622_214117.csv,PAN,2,-5.0,5.0,-,0.336964,-94.3242,-6.695656,-87.628544,17.525709,87.628544,-0.294763,-0.273839,10
32,sprungantwort_PAN_-5deg_20260622_214117.csv,PAN,2,-5.0,5.0,-,0.368424,-94.3065,-6.695656,-87.610844,17.522169,87.610844,-0.294708,-0.273784,11
32,sprungantwort_PAN_-5deg_20260622_214117.csv,PAN,2,-5.0,5.0,-,0.401327,-94.2216,-6.695656,-87.525944,17.505189,87.525944,-0.294442,-0.273518,12
32,sprungantwort_PAN_-5deg_20260622_214117.csv,PAN,2,-5.0,5.0,-,0.432539,-94.2432,-6.695656,-87.547544,17.509509,87.547544,-0.29451,-0.273586,13
32,sprungantwort_PAN_-5deg_20260622_214117.csv,PAN,2,-5.0,5.0,-,0.464314,-94.2247,-6.695656,-87.529044,17.505809,87.529044,-0.294452,-0.273528,14
32,sprungantwort_PAN_-5deg_20260622_214117.csv,PAN,2,-5.0,5.0,-,0.496337,-94.2567,-6.695656,-87.561044,17.512209,87.561044,-0.294552,-0.273628,15
32,sprungantwort_PAN_-5deg_20260622_214117.csv,PAN,2,-5.0,5.0,-,0.529343,-94.3191,-6.695656,-87.623444,17.524689,87.623444,-0.294747,-0.273823,16
32,sprungantwort_PAN_-5deg_20260622_214117.csv,PAN,2,-5.0,5.0,-,0.560917,-94.326,-6.695656,-87.630344,17.526069,87.630344,-0.294769,-0.273845,17
32,sprungantwort_PAN_-5deg_20260622_214117.csv,PAN,2,-5.0,5.0,-,0.592914,-94.261,-6.695656,-87.565344,17.513069,87.565344,-0.294566,-0.273642,18
32,sprungantwort_PAN_-5deg_20260622_214117.csv,PAN,2,-5.0,5.0,-,0.624913,-94.1783,-6.695656,-87.482644,17.496529,87.482644,-0.294307,-0.273383,19
32,sprungantwort_PAN_-5deg_20260622_214117.csv,PAN,2,-5.0,5.0,-,0.672494,-94.0924,-6.695656,-87.396744,17.479349,87.396744,-0.294039,-0.273115,20
32,sprungantwort_PAN_-5deg_20260622_214117.csv,PAN,2,-5.0,5.0,-,0.70496,-94.0091,-6.695656,-87.313444,17.462689,87.313444,-0.293778,-0.272854,21
32,sprungantwort_PAN_-5deg_20260622_214117.csv,PAN,2,-5.0,5.0,-,0.736495,-94.0598,-6.695656,-87.364144,17.472829,87.364144,-0.293937,-0.273013,22
32,sprungantwort_PAN_-5deg_20260622_214117.csv,PAN,2,-5.0,5.0,-,0.76857,-94.0721,-6.695656,-87.376444,17.475289,87.376444,-0.293975,-0.273051,23
32,sprungantwort_PAN_-5deg_20260622_214117.csv,PAN,2,-5.0,5.0,-,0.800553,-94.03,-6.695656,-87.334344,17.466869,87.334344,-0.293844,-0.27292,24
32,sprungantwort_PAN_-5deg_20260622_214117.csv,PAN,2,-5.0,5.0,-,0.833464,-94.0378,-6.695656,-87.342144,17.468429,87.342144,-0.293868,-0.272944,25
32,sprungantwort_PAN_-5deg_20260622_214117.csv,PAN,2,-5.0,5.0,-,0.864068,-94.049,-6.695656,-87.353344,17.470669,87.353344,-0.293903,-0.272979,26
32,sprungantwort_PAN_-5deg_20260622_214117.csv,PAN,2,-5.0,5.0,-,0.897064,-94.0638,-6.695656,-87.368144,17.473629,87.368144,-0.293949,-0.273025,27
32,sprungantwort_PAN_-5deg_20260622_214117.csv,PAN,2,-5.0,5.0,-,0.929065,-94.0317,-6.695656,-87.336044,17.467209,87.336044,-0.293849,-0.272925,28
32,sprungantwort_PAN_-5deg_20260622_214117.csv,PAN,2,-5.0,5.0,-,0.960937,-94.0976,-6.695656,-87.401944,17.480389,87.401944,-0.294055,-0.273131,29
32,sprungantwort_PAN_-5deg_20260622_214117.csv,PAN,2,-5.0,5.0,-,0.99314,-94.0571,-6.695656,-87.361444,17.472289,87.361444,-0.293928,-0.273004,30
32,sprungantwort_PAN_-5deg_20260622_214117.csv,PAN,2,-5.0,5.0,-,1.025139,-94.0215,-6.695656,-87.325844,17.465169,87.325844,-0.293817,-0.272893,31
32,sprungantwort_PAN_-5deg_20260622_214117.csv,PAN,2,-5.0,5.0,-,1.072646,-94.0573,-6.695656,-87.361644,17.472329,87.361644,-0.293929,-0.273005,32
32,sprungantwort_PAN_-5deg_20260622_214117.csv,PAN,2,-5.0,5.0,-,1.105698,-94.0436,-6.695656,-87.347944,17.469589,87.347944,-0.293886,-0.272962,33
32,sprungantwort_PAN_-5deg_20260622_214117.csv,PAN,2,-5.0,5.0,-,1.136662,-94.0159,-6.695656,-87.320244,17.464049,87.320244,-0.2938,-0.272876,34
32,sprungantwort_PAN_-5deg_20260622_214117.csv,PAN,2,-5.0,5.0,-,1.169159,-94.0067,-6.695656,-87.311044,17.462209,87.311044,-0.293771,-0.272847,35
33,sprungantwort_PAN_-5deg_20260622_214117.csv,PAN,3,5.0,5.0,+,0.0,-94.0323,-93.909533,-0.122767,-0.024553,-0.122767,-0.293851,-0.000384,0
33,sprungantwort_PAN_-5deg_20260622_214117.csv,PAN,3,5.0,5.0,+,0.033727,-94.0299,-93.909533,-0.120367,-0.024073,-0.120367,-0.293844,-0.000377,1
33,sprungantwort_PAN_-5deg_20260622_214117.csv,PAN,3,5.0,5.0,+,0.064314,-93.0077,-93.909533,0.901833,0.180367,0.901833,-0.290649,0.002818,2
33,sprungantwort_PAN_-5deg_20260622_214117.csv,PAN,3,5.0,5.0,+,0.096262,-36.1382,-93.909533,57.771333,11.554267,57.771333,-0.112932,0.180535,3
33,sprungantwort_PAN_-5deg_20260622_214117.csv,PAN,3,5.0,5.0,+,0.128263,1.0633,-93.909533,94.972833,18.994567,94.972833,0.003323,0.29679,4
33,sprungantwort_PAN_-5deg_20260622_214117.csv,PAN,3,5.0,5.0,+,0.17598,0.5551,-93.909533,94.464633,18.892927,94.464633,0.001735,0.295202,5
33,sprungantwort_PAN_-5deg_20260622_214117.csv,PAN,3,5.0,5.0,+,0.207944,0.4345,-93.909533,94.344033,18.868807,94.344033,0.001358,0.294825,6
33,sprungantwort_PAN_-5deg_20260622_214117.csv,PAN,3,5.0,5.0,+,0.240062,0.4804,-93.909533,94.389933,18.877987,94.389933,0.001501,0.294968,7
33,sprungantwort_PAN_-5deg_20260622_214117.csv,PAN,3,5.0,5.0,+,0.271433,0.4696,-93.909533,94.379133,18.875827,94.379133,0.001467,0.294934,8
33,sprungantwort_PAN_-5deg_20260622_214117.csv,PAN,3,5.0,5.0,+,0.303472,0.4251,-93.909533,94.334633,18.866927,94.334633,0.001329,0.294796,9
33,sprungantwort_PAN_-5deg_20260622_214117.csv,PAN,3,5.0,5.0,+,0.336299,0.454,-93.909533,94.363533,18.872707,94.363533,0.001419,0.294886,10
33,sprungantwort_PAN_-5deg_20260622_214117.csv,PAN,3,5.0,5.0,+,0.366816,0.4001,-93.909533,94.309633,18.861927,94.309633,0.00125,0.294717,11
33,sprungantwort_PAN_-5deg_20260622_214117.csv,PAN,3,5.0,5.0,+,0.399852,0.4069,-93.909533,94.316433,18.863287,94.316433,0.001272,0.294739,12
33,sprungantwort_PAN_-5deg_20260622_214117.csv,PAN,3,5.0,5.0,+,0.431816,0.3969,-93.909533,94.306433,18.861287,94.306433,0.00124,0.294707,13
33,sprungantwort_PAN_-5deg_20260622_214117.csv,PAN,3,5.0,5.0,+,0.463335,0.4153,-93.909533,94.324833,18.864967,94.324833,0.001298,0.294765,14
33,sprungantwort_PAN_-5deg_20260622_214117.csv,PAN,3,5.0,5.0,+,0.495338,0.3887,-93.909533,94.298233,18.859647,94.298233,0.001215,0.294682,15
33,sprungantwort_PAN_-5deg_20260622_214117.csv,PAN,3,5.0,5.0,+,0.5282,0.4019,-93.909533,94.311433,18.862287,94.311433,0.001256,0.294723,16
33,sprungantwort_PAN_-5deg_20260622_214117.csv,PAN,3,5.0,5.0,+,0.575669,0.4361,-93.909533,94.345633,18.869127,94.345633,0.001363,0.29483,17
33,sprungantwort_PAN_-5deg_20260622_214117.csv,PAN,3,5.0,5.0,+,0.608746,0.4441,-93.909533,94.353633,18.870727,94.353633,0.001388,0.294855,18
33,sprungantwort_PAN_-5deg_20260622_214117.csv,PAN,3,5.0,5.0,+,0.639698,0.399,-93.909533,94.308533,18.861707,94.308533,0.001247,0.294714,19
33,sprungantwort_PAN_-5deg_20260622_214117.csv,PAN,3,5.0,5.0,+,0.672358,0.402,-93.909533,94.311533,18.862307,94.311533,0.001256,0.294723,20
33,sprungantwort_PAN_-5deg_20260622_214117.csv,PAN,3,5.0,5.0,+,0.704437,0.3953,-93.909533,94.304833,18.860967,94.304833,0.001235,0.294702,21
33,sprungantwort_PAN_-5deg_20260622_214117.csv,PAN,3,5.0,5.0,+,0.736426,0.357,-93.909533,94.266533,18.853307,94.266533,0.001116,0.294583,22
33,sprungantwort_PAN_-5deg_20260622_214117.csv,PAN,3,5.0,5.0,+,0.768952,0.3603,-93.909533,94.269833,18.853967,94.269833,0.001126,0.294593,23
33,sprungantwort_PAN_-5deg_20260622_214117.csv,PAN,3,5.0,5.0,+,0.799973,0.3223,-93.909533,94.231833,18.846367,94.231833,0.001007,0.294474,24
33,sprungantwort_PAN_-5deg_20260622_214117.csv,PAN,3,5.0,5.0,+,0.831582,0.3088,-93.909533,94.218333,18.843667,94.218333,0.000965,0.294432,25
33,sprungantwort_PAN_-5deg_20260622_214117.csv,PAN,3,5.0,5.0,+,0.865176,0.2887,-93.909533,94.198233,18.839647,94.198233,0.000902,0.294369,26
33,sprungantwort_PAN_-5deg_20260622_214117.csv,PAN,3,5.0,5.0,+,0.896177,0.328,-93.909533,94.237533,18.847507,94.237533,0.001025,0.294492,27
33,sprungantwort_PAN_-5deg_20260622_214117.csv,PAN,3,5.0,5.0,+,0.929207,0.3008,-93.909533,94.210333,18.842067,94.210333,0.00094,0.294407,28
33,sprungantwort_PAN_-5deg_20260622_214117.csv,PAN,3,5.0,5.0,+,0.97564,0.295,-93.909533,94.204533,18.840907,94.204533,0.000922,0.294389,29
33,sprungantwort_PAN_-5deg_20260622_214117.csv,PAN,3,5.0,5.0,+,1.007063,0.3106,-93.909533,94.220133,18.844027,94.220133,0.000971,0.294438,30
33,sprungantwort_PAN_-5deg_20260622_214117.csv,PAN,3,5.0,5.0,+,1.040903,0.3347,-93.909533,94.244233,18.848847,94.244233,0.001046,0.294513,31
33,sprungantwort_PAN_-5deg_20260622_214117.csv,PAN,3,5.0,5.0,+,1.072142,0.3766,-93.909533,94.286133,18.857227,94.286133,0.001177,0.294644,32
33,sprungantwort_PAN_-5deg_20260622_214117.csv,PAN,3,5.0,5.0,+,1.104666,0.3481,-93.909533,94.257633,18.851527,94.257633,0.001088,0.294555,33
33,sprungantwort_PAN_-5deg_20260622_214117.csv,PAN,3,5.0,5.0,+,1.136269,0.3253,-93.909533,94.234833,18.846967,94.234833,0.001017,0.294484,34
33,sprungantwort_PAN_-5deg_20260622_214117.csv,PAN,3,5.0,5.0,+,1.168192,0.3247,-93.909533,94.234233,18.846847,94.234233,0.001015,0.294482,35
34,sprungantwort_PAN_-5deg_20260622_214117.csv,PAN,4,-5.0,5.0,-,0.0,0.2529,0.28365,-0.03075,0.00615,0.03075,0.00079,-9.6e-05,0
34,sprungantwort_PAN_-5deg_20260622_214117.csv,PAN,4,-5.0,5.0,-,0.048208,0.3279,0.28365,0.04425,-0.00885,-0.04425,0.001025,0.000139,1
34,sprungantwort_PAN_-5deg_20260622_214117.csv,PAN,4,-5.0,5.0,-,0.07917,-5.8991,0.28365,-6.18275,1.23655,6.18275,-0.018435,-0.019321,2
34,sprungantwort_PAN_-5deg_20260622_214117.csv,PAN,4,-5.0,5.0,-,0.112259,-66.9622,0.28365,-67.24585,13.44917,67.24585,-0.209257,-0.210143,3
34,sprungantwort_PAN_-5deg_20260622_214117.csv,PAN,4,-5.0,5.0,-,0.144353,-78.3406,0.28365,-78.62425,15.72485,78.62425,-0.244814,-0.2457,4
34,sprungantwort_PAN_-5deg_20260622_214117.csv,PAN,4,-5.0,5.0,-,0.175872,-89.0139,0.28365,-89.29755,17.85951,89.29755,-0.278168,-0.279054,5
34,sprungantwort_PAN_-5deg_20260622_214117.csv,PAN,4,-5.0,5.0,-,0.207823,-89.7443,0.28365,-90.02795,18.00559,90.02795,-0.280451,-0.281337,6
34,sprungantwort_PAN_-5deg_20260622_214117.csv,PAN,4,-5.0,5.0,-,0.239582,-89.9464,0.28365,-90.23005,18.04601,90.23005,-0.281083,-0.281969,7
34,sprungantwort_PAN_-5deg_20260622_214117.csv,PAN,4,-5.0,5.0,-,0.271398,-89.9037,0.28365,-90.18735,18.03747,90.18735,-0.280949,-0.281835,8
34,sprungantwort_PAN_-5deg_20260622_214117.csv,PAN,4,-5.0,5.0,-,0.303423,-89.8222,0.28365,-90.10585,18.02117,90.10585,-0.280694,-0.28158,9
34,sprungantwort_PAN_-5deg_20260622_214117.csv,PAN,4,-5.0,5.0,-,0.335974,-89.9011,0.28365,-90.18475,18.03695,90.18475,-0.280941,-0.281827,10
34,sprungantwort_PAN_-5deg_20260622_214117.csv,PAN,4,-5.0,5.0,-,0.367973,-89.8917,0.28365,-90.17535,18.03507,90.17535,-0.280912,-0.281798,11
34,sprungantwort_PAN_-5deg_20260622_214117.csv,PAN,4,-5.0,5.0,-,0.39993,-89.8849,0.28365,-90.16855,18.03371,90.16855,-0.28089,-0.281776,12
34,sprungantwort_PAN_-5deg_20260622_214117.csv,PAN,4,-5.0,5.0,-,0.448576,-89.9022,0.28365,-90.18585,18.03717,90.18585,-0.280944,-0.28183,13
34,sprungantwort_PAN_-5deg_20260622_214117.csv,PAN,4,-5.0,5.0,-,0.47985,-89.9303,0.28365,-90.21395,18.04279,90.21395,-0.281032,-0.281918,14
34,sprungantwort_PAN_-5deg_20260622_214117.csv,PAN,4,-5.0,5.0,-,0.512821,-89.9372,0.28365,-90.22085,18.04417,90.22085,-0.281054,-0.28194,15
34,sprungantwort_PAN_-5deg_20260622_214117.csv,PAN,4,-5.0,5.0,-,0.543346,-89.8841,0.28365,-90.16775,18.03355,90.16775,-0.280888,-0.281774,16
34,sprungantwort_PAN_-5deg_20260622_214117.csv,PAN,4,-5.0,5.0,-,0.576303,-89.9169,0.28365,-90.20055,18.04011,90.20055,-0.28099,-0.281876,17
34,sprungantwort_PAN_-5deg_20260622_214117.csv,PAN,4,-5.0,5.0,-,0.607395,-89.9204,0.28365,-90.20405,18.04081,90.20405,-0.281001,-0.281887,18
34,sprungantwort_PAN_-5deg_20260622_214117.csv,PAN,4,-5.0,5.0,-,0.63963,-89.9531,0.28365,-90.23675,18.04735,90.23675,-0.281103,-0.281989,19
34,sprungantwort_PAN_-5deg_20260622_214117.csv,PAN,4,-5.0,5.0,-,0.672418,-89.9256,0.28365,-90.20925,18.04185,90.20925,-0.281017,-0.281903,20
34,sprungantwort_PAN_-5deg_20260622_214117.csv,PAN,4,-5.0,5.0,-,0.703833,-89.9086,0.28365,-90.19225,18.03845,90.19225,-0.280964,-0.28185,21
34,sprungantwort_PAN_-5deg_20260622_214117.csv,PAN,4,-5.0,5.0,-,0.736524,-89.8978,0.28365,-90.18145,18.03629,90.18145,-0.280931,-0.281817,22
34,sprungantwort_PAN_-5deg_20260622_214117.csv,PAN,4,-5.0,5.0,-,0.767572,-89.9043,0.28365,-90.18795,18.03759,90.18795,-0.280951,-0.281837,23
34,sprungantwort_PAN_-5deg_20260622_214117.csv,PAN,4,-5.0,5.0,-,0.79948,-89.8953,0.28365,-90.17895,18.03579,90.17895,-0.280923,-0.281809,24
34,sprungantwort_PAN_-5deg_20260622_214117.csv,PAN,4,-5.0,5.0,-,0.848184,-89.8889,0.28365,-90.17255,18.03451,90.17255,-0.280903,-0.281789,25
34,sprungantwort_PAN_-5deg_20260622_214117.csv,PAN,4,-5.0,5.0,-,0.881002,-89.9046,0.28365,-90.18825,18.03765,90.18825,-0.280952,-0.281838,26
34,sprungantwort_PAN_-5deg_20260622_214117.csv,PAN,4,-5.0,5.0,-,0.911981,-89.8909,0.28365,-90.17455,18.03491,90.17455,-0.280909,-0.281795,27
34,sprungantwort_PAN_-5deg_20260622_214117.csv,PAN,4,-5.0,5.0,-,0.943553,-89.9516,0.28365,-90.23525,18.04705,90.23525,-0.281099,-0.281985,28
34,sprungantwort_PAN_-5deg_20260622_214117.csv,PAN,4,-5.0,5.0,-,0.976531,-89.9689,0.28365,-90.25255,18.05051,90.25255,-0.281153,-0.282039,29
34,sprungantwort_PAN_-5deg_20260622_214117.csv,PAN,4,-5.0,5.0,-,1.007572,-89.9267,0.28365,-90.21035,18.04207,90.21035,-0.281021,-0.281907,30
34,sprungantwort_PAN_-5deg_20260622_214117.csv,PAN,4,-5.0,5.0,-,1.040174,-89.9076,0.28365,-90.19125,18.03825,90.19125,-0.280961,-0.281847,31
34,sprungantwort_PAN_-5deg_20260622_214117.csv,PAN,4,-5.0,5.0,-,1.072212,-89.9247,0.28365,-90.20835,18.04167,90.20835,-0.281015,-0.281901,32
34,sprungantwort_PAN_-5deg_20260622_214117.csv,PAN,4,-5.0,5.0,-,1.104134,-89.9123,0.28365,-90.19595,18.03919,90.19595,-0.280976,-0.281862,33
34,sprungantwort_PAN_-5deg_20260622_214117.csv,PAN,4,-5.0,5.0,-,1.135827,-89.9161,0.28365,-90.19975,18.03995,90.19975,-0.280988,-0.281874,34
34,sprungantwort_PAN_-5deg_20260622_214117.csv,PAN,4,-5.0,5.0,-,1.167412,-89.9601,0.28365,-90.24375,18.04875,90.24375,-0.281125,-0.282011,35
35,sprungantwort_PAN_-5deg_20260622_214117.csv,PAN,5,5.0,5.0,+,0.0,-89.9032,-89.952511,0.049311,0.009862,0.049311,-0.280948,0.000154,0
35,sprungantwort_PAN_-5deg_20260622_214117.csv,PAN,5,5.0,5.0,+,0.030667,-89.9375,-89.952511,0.015011,0.003002,0.015011,-0.281055,4.7e-05,1
35,sprungantwort_PAN_-5deg_20260622_214117.csv,PAN,5,5.0,5.0,+,0.063118,-89.9015,-89.952511,0.051011,0.010202,0.051011,-0.280942,0.00016,2
35,sprungantwort_PAN_-5deg_20260622_214117.csv,PAN,5,5.0,5.0,+,0.094626,-67.3517,-89.952511,22.600811,4.520162,22.600811,-0.210474,0.070628,3
35,sprungantwort_PAN_-5deg_20260622_214117.csv,PAN,5,5.0,5.0,+,0.127135,-13.8563,-89.952511,76.096211,15.219242,76.096211,-0.043301,0.237801,4
35,sprungantwort_PAN_-5deg_20260622_214117.csv,PAN,5,5.0,5.0,+,0.160141,-12.3689,-89.952511,77.583611,15.516722,77.583611,-0.038653,0.242449,5
35,sprungantwort_PAN_-5deg_20260622_214117.csv,PAN,5,5.0,5.0,+,0.191675,-12.4109,-89.952511,77.541611,15.508322,77.541611,-0.038784,0.242318,6
35,sprungantwort_PAN_-5deg_20260622_214117.csv,PAN,5,5.0,5.0,+,0.22318,-12.3734,-89.952511,77.579111,15.515822,77.579111,-0.038667,0.242435,7
35,sprungantwort_PAN_-5deg_20260622_214117.csv,PAN,5,5.0,5.0,+,0.254739,-12.4018,-89.952511,77.550711,15.510142,77.550711,-0.038756,0.242346,8
35,sprungantwort_PAN_-5deg_20260622_214117.csv,PAN,5,5.0,5.0,+,0.287167,-12.4549,-89.952511,77.497611,15.499522,77.497611,-0.038922,0.24218,9
35,sprungantwort_PAN_-5deg_20260622_214117.csv,PAN,5,5.0,5.0,+,0.334686,-12.422,-89.952511,77.530511,15.506102,77.530511,-0.038819,0.242283,10
35,sprungantwort_PAN_-5deg_20260622_214117.csv,PAN,5,5.0,5.0,+,0.367231,-12.4498,-89.952511,77.502711,15.500542,77.502711,-0.038906,0.242196,11
35,sprungantwort_PAN_-5deg_20260622_214117.csv,PAN,5,5.0,5.0,+,0.399235,-12.4313,-89.952511,77.521211,15.504242,77.521211,-0.038848,0.242254,12
35,sprungantwort_PAN_-5deg_20260622_214117.csv,PAN,5,5.0,5.0,+,0.435743,-12.4285,-89.952511,77.524011,15.504802,77.524011,-0.038839,0.242263,13
35,sprungantwort_PAN_-5deg_20260622_214117.csv,PAN,5,5.0,5.0,+,0.462743,-12.3953,-89.952511,77.557211,15.511442,77.557211,-0.038735,0.242367,14
35,sprungantwort_PAN_-5deg_20260622_214117.csv,PAN,5,5.0,5.0,+,0.495743,-12.4037,-89.952511,77.548811,15.509762,77.548811,-0.038762,0.24234,15
35,sprungantwort_PAN_-5deg_20260622_214117.csv,PAN,5,5.0,5.0,+,0.52704,-12.4355,-89.952511,77.517011,15.503402,77.517011,-0.038861,0.242241,16
35,sprungantwort_PAN_-5deg_20260622_214117.csv,PAN,5,5.0,5.0,+,0.559087,-12.4212,-89.952511,77.531311,15.506262,77.531311,-0.038816,0.242286,17
35,sprungantwort_PAN_-5deg_20260622_214117.csv,PAN,5,5.0,5.0,+,0.591083,-12.4099,-89.952511,77.542611,15.508522,77.542611,-0.038781,0.242321,18
35,sprungantwort_PAN_-5deg_20260622_214117.csv,PAN,5,5.0,5.0,+,0.62263,-12.3899,-89.952511,77.562611,15.512522,77.562611,-0.038719,0.242383,19
35,sprungantwort_PAN_-5deg_20260622_214117.csv,PAN,5,5.0,5.0,+,0.654589,-12.3719,-89.952511,77.580611,15.516122,77.580611,-0.038662,0.24244,20
35,sprungantwort_PAN_-5deg_20260622_214117.csv,PAN,5,5.0,5.0,+,0.687591,-12.301,-89.952511,77.651511,15.530302,77.651511,-0.038441,0.242661,21
35,sprungantwort_PAN_-5deg_20260622_214117.csv,PAN,5,5.0,5.0,+,0.735005,-12.2925,-89.952511,77.660011,15.532002,77.660011,-0.038414,0.242688,22
35,sprungantwort_PAN_-5deg_20260622_214117.csv,PAN,5,5.0,5.0,+,0.767103,-12.3202,-89.952511,77.632311,15.526462,77.632311,-0.038501,0.242601,23
35,sprungantwort_PAN_-5deg_20260622_214117.csv,PAN,5,5.0,5.0,+,0.799115,-12.3024,-89.952511,77.650111,15.530022,77.650111,-0.038445,0.242657,24
35,sprungantwort_PAN_-5deg_20260622_214117.csv,PAN,5,5.0,5.0,+,0.831611,-12.3854,-89.952511,77.567111,15.513422,77.567111,-0.038704,0.242398,25
35,sprungantwort_PAN_-5deg_20260622_214117.csv,PAN,5,5.0,5.0,+,0.862617,-12.3917,-89.952511,77.560811,15.512162,77.560811,-0.038724,0.242378,26
35,sprungantwort_PAN_-5deg_20260622_214117.csv,PAN,5,5.0,5.0,+,0.894627,-12.4013,-89.952511,77.551211,15.510242,77.551211,-0.038754,0.242348,27
35,sprungantwort_PAN_-5deg_20260622_214117.csv,PAN,5,5.0,5.0,+,0.927127,-12.4086,-89.952511,77.543911,15.508782,77.543911,-0.038777,0.242325,28
35,sprungantwort_PAN_-5deg_20260622_214117.csv,PAN,5,5.0,5.0,+,0.959169,-12.3883,-89.952511,77.564211,15.512842,77.564211,-0.038713,0.242389,29
35,sprungantwort_PAN_-5deg_20260622_214117.csv,PAN,5,5.0,5.0,+,0.991133,-12.3451,-89.952511,77.607411,15.521482,77.607411,-0.038579,0.242523,30
35,sprungantwort_PAN_-5deg_20260622_214117.csv,PAN,5,5.0,5.0,+,1.022635,-12.3297,-89.952511,77.622811,15.524562,77.622811,-0.03853,0.242572,31
35,sprungantwort_PAN_-5deg_20260622_214117.csv,PAN,5,5.0,5.0,+,1.054891,-12.3117,-89.952511,77.640811,15.528162,77.640811,-0.038474,0.242628,32
35,sprungantwort_PAN_-5deg_20260622_214117.csv,PAN,5,5.0,5.0,+,1.087404,-12.182,-89.952511,77.770511,15.554102,77.770511,-0.038069,0.243033,33
35,sprungantwort_PAN_-5deg_20260622_214117.csv,PAN,5,5.0,5.0,+,1.13591,-12.1834,-89.952511,77.769111,15.553822,77.769111,-0.038073,0.243029,34
35,sprungantwort_PAN_-5deg_20260622_214117.csv,PAN,5,5.0,5.0,+,1.166908,-12.1667,-89.952511,77.785811,15.557162,77.785811,-0.038021,0.243081,35
35,sprungantwort_PAN_-5deg_20260622_214117.csv,PAN,5,5.0,5.0,+,1.199428,-12.1083,-89.952511,77.844211,15.568842,77.844211,-0.037839,0.243263,36
36,sprungantwort_PAN_-5deg_20260622_214117.csv,PAN,6,-5.0,5.0,-,0.0,-11.7917,-11.863756,0.072056,-0.014411,-0.072056,-0.036849,0.000225,0
36,sprungantwort_PAN_-5deg_20260622_214117.csv,PAN,6,-5.0,5.0,-,0.030808,-11.7773,-11.863756,0.086456,-0.017291,-0.086456,-0.036804,0.00027,1
36,sprungantwort_PAN_-5deg_20260622_214117.csv,PAN,6,-5.0,5.0,-,0.063797,-11.7744,-11.863756,0.089356,-0.017871,-0.089356,-0.036795,0.000279,2
36,sprungantwort_PAN_-5deg_20260622_214117.csv,PAN,6,-5.0,5.0,-,0.095307,-31.7319,-11.863756,-19.868144,3.973629,19.868144,-0.099162,-0.062088,3
36,sprungantwort_PAN_-5deg_20260622_214117.csv,PAN,6,-5.0,5.0,-,0.127421,-95.5627,-11.863756,-83.698944,16.739789,83.698944,-0.298633,-0.261559,4
36,sprungantwort_PAN_-5deg_20260622_214117.csv,PAN,6,-5.0,5.0,-,0.160359,-97.8696,-11.863756,-86.005844,17.201169,86.005844,-0.305842,-0.268768,5
36,sprungantwort_PAN_-5deg_20260622_214117.csv,PAN,6,-5.0,5.0,-,0.207863,-97.9857,-11.863756,-86.121944,17.224389,86.121944,-0.306205,-0.269131,6
36,sprungantwort_PAN_-5deg_20260622_214117.csv,PAN,6,-5.0,5.0,-,0.238605,-97.8528,-11.863756,-85.989044,17.197809,85.989044,-0.30579,-0.268716,7
36,sprungantwort_PAN_-5deg_20260622_214117.csv,PAN,6,-5.0,5.0,-,0.270608,-97.8126,-11.863756,-85.948844,17.189769,85.948844,-0.305664,-0.26859,8
36,sprungantwort_PAN_-5deg_20260622_214117.csv,PAN,6,-5.0,5.0,-,0.303215,-97.8737,-11.863756,-86.009944,17.201989,86.009944,-0.305855,-0.268781,9
36,sprungantwort_PAN_-5deg_20260622_214117.csv,PAN,6,-5.0,5.0,-,0.335207,-97.9277,-11.863756,-86.063944,17.212789,86.063944,-0.306024,-0.26895,10
36,sprungantwort_PAN_-5deg_20260622_214117.csv,PAN,6,-5.0,5.0,-,0.367961,-97.8885,-11.863756,-86.024744,17.204949,86.024744,-0.305902,-0.268828,11
36,sprungantwort_PAN_-5deg_20260622_214117.csv,PAN,6,-5.0,5.0,-,0.399008,-97.9313,-11.863756,-86.067544,17.213509,86.067544,-0.306035,-0.268961,12
36,sprungantwort_PAN_-5deg_20260622_214117.csv,PAN,6,-5.0,5.0,-,0.430604,-97.9199,-11.863756,-86.056144,17.211229,86.056144,-0.306,-0.268926,13
36,sprungantwort_PAN_-5deg_20260622_214117.csv,PAN,6,-5.0,5.0,-,0.462388,-97.9219,-11.863756,-86.058144,17.211629,86.058144,-0.306006,-0.268932,14
36,sprungantwort_PAN_-5deg_20260622_214117.csv,PAN,6,-5.0,5.0,-,0.495722,-97.9494,-11.863756,-86.085644,17.217129,86.085644,-0.306092,-0.269018,15
36,sprungantwort_PAN_-5deg_20260622_214117.csv,PAN,6,-5.0,5.0,-,0.526835,-97.9808,-11.863756,-86.117044,17.223409,86.117044,-0.30619,-0.269116,16
36,sprungantwort_PAN_-5deg_20260622_214117.csv,PAN,6,-5.0,5.0,-,0.55972,-97.9351,-11.863756,-86.071344,17.214269,86.071344,-0.306047,-0.268973,17
36,sprungantwort_PAN_-5deg_20260622_214117.csv,PAN,6,-5.0,5.0,-,0.606423,-97.9695,-11.863756,-86.105744,17.221149,86.105744,-0.306155,-0.269081,18
36,sprungantwort_PAN_-5deg_20260622_214117.csv,PAN,6,-5.0,5.0,-,0.63947,-97.9811,-11.863756,-86.117344,17.223469,86.117344,-0.306191,-0.269117,19
36,sprungantwort_PAN_-5deg_20260622_214117.csv,PAN,6,-5.0,5.0,-,0.671481,-98.038,-11.863756,-86.174244,17.234849,86.174244,-0.306369,-0.269295,20
36,sprungantwort_PAN_-5deg_20260622_214117.csv,PAN,6,-5.0,5.0,-,0.70298,-98.0142,-11.863756,-86.150444,17.230089,86.150444,-0.306294,-0.26922,21
36,sprungantwort_PAN_-5deg_20260622_214117.csv,PAN,6,-5.0,5.0,-,0.735992,-98.0296,-11.863756,-86.165844,17.233169,86.165844,-0.306343,-0.269269,22
36,sprungantwort_PAN_-5deg_20260622_214117.csv,PAN,6,-5.0,5.0,-,0.766979,-98.0889,-11.863756,-86.225144,17.245029,86.225144,-0.306528,-0.269454,23
36,sprungantwort_PAN_-5deg_20260622_214117.csv,PAN,6,-5.0,5.0,-,0.799508,-98.1215,-11.863756,-86.257744,17.251549,86.257744,-0.30663,-0.269556,24
36,sprungantwort_PAN_-5deg_20260622_214117.csv,PAN,6,-5.0,5.0,-,0.831504,-98.139,-11.863756,-86.275244,17.255049,86.275244,-0.306684,-0.26961,25
36,sprungantwort_PAN_-5deg_20260622_214117.csv,PAN,6,-5.0,5.0,-,0.863508,-98.1844,-11.863756,-86.320644,17.264129,86.320644,-0.306826,-0.269752,26
36,sprungantwort_PAN_-5deg_20260622_214117.csv,PAN,6,-5.0,5.0,-,0.895241,-98.2384,-11.863756,-86.374644,17.274929,86.374644,-0.306995,-0.269921,27
36,sprungantwort_PAN_-5deg_20260622_214117.csv,PAN,6,-5.0,5.0,-,0.927378,-98.2695,-11.863756,-86.405744,17.281149,86.405744,-0.307092,-0.270018,28
36,sprungantwort_PAN_-5deg_20260622_214117.csv,PAN,6,-5.0,5.0,-,0.95938,-98.2743,-11.863756,-86.410544,17.282109,86.410544,-0.307107,-0.270033,29
36,sprungantwort_PAN_-5deg_20260622_214117.csv,PAN,6,-5.0,5.0,-,1.007891,-98.3584,-11.863756,-86.494644,17.298929,86.494644,-0.30737,-0.270296,30
36,sprungantwort_PAN_-5deg_20260622_214117.csv,PAN,6,-5.0,5.0,-,1.038843,-98.3544,-11.863756,-86.490644,17.298129,86.490644,-0.307358,-0.270284,31
36,sprungantwort_PAN_-5deg_20260622_214117.csv,PAN,6,-5.0,5.0,-,1.070845,-98.3412,-11.863756,-86.477444,17.295489,86.477444,-0.307316,-0.270242,32
36,sprungantwort_PAN_-5deg_20260622_214117.csv,PAN,6,-5.0,5.0,-,1.103417,-98.329,-11.863756,-86.465244,17.293049,86.465244,-0.307278,-0.270204,33
36,sprungantwort_PAN_-5deg_20260622_214117.csv,PAN,6,-5.0,5.0,-,1.13541,-98.3053,-11.863756,-86.441544,17.288309,86.441544,-0.307204,-0.27013,34
36,sprungantwort_PAN_-5deg_20260622_214117.csv,PAN,6,-5.0,5.0,-,1.168324,-98.2481,-11.863756,-86.384344,17.276869,86.384344,-0.307025,-0.269951,35
36,sprungantwort_PAN_-5deg_20260622_214117.csv,PAN,6,-5.0,5.0,-,1.198147,-98.1932,-11.863756,-86.329444,17.265889,86.329444,-0.306854,-0.26978,36
37,sprungantwort_PAN_-5deg_20260622_214117.csv,PAN,7,5.0,5.0,+,0.0,-98.1421,-98.19296,0.05086,0.010172,0.05086,-0.306694,0.000159,0
37,sprungantwort_PAN_-5deg_20260622_214117.csv,PAN,7,5.0,5.0,+,0.048375,-98.1686,-98.19296,0.02436,0.004872,0.02436,-0.306777,7.6e-05,1
37,sprungantwort_PAN_-5deg_20260622_214117.csv,PAN,7,5.0,5.0,+,0.080361,-98.0978,-98.19296,0.09516,0.019032,0.09516,-0.306556,0.000297,2
37,sprungantwort_PAN_-5deg_20260622_214117.csv,PAN,7,5.0,5.0,+,0.11278,-60.6356,-98.19296,37.55736,7.511472,37.55736,-0.189486,0.117367,3
37,sprungantwort_PAN_-5deg_20260622_214117.csv,PAN,7,5.0,5.0,+,0.145597,-11.4331,-98.19296,86.75986,17.351972,86.75986,-0.035728,0.271125,4
37,sprungantwort_PAN_-5deg_20260622_214117.csv,PAN,7,5.0,5.0,+,0.176408,-10.9957,-98.19296,87.19726,17.439452,87.19726,-0.034361,0.272492,5
37,sprungantwort_PAN_-5deg_20260622_214117.csv,PAN,7,5.0,5.0,+,0.20847,-11.0203,-98.19296,87.17266,17.434532,87.17266,-0.034438,0.272415,6
37,sprungantwort_PAN_-5deg_20260622_214117.csv,PAN,7,5.0,5.0,+,0.241024,-10.9586,-98.19296,87.23436,17.446872,87.23436,-0.034245,0.272608,7
37,sprungantwort_PAN_-5deg_20260622_214117.csv,PAN,7,5.0,5.0,+,0.272525,-11.0,-98.19296,87.19296,17.438592,87.19296,-0.034375,0.272478,8
37,sprungantwort_PAN_-5deg_20260622_214117.csv,PAN,7,5.0,5.0,+,0.304535,-11.021,-98.19296,87.17196,17.434392,87.17196,-0.03444,0.272413,9
37,sprungantwort_PAN_-5deg_20260622_214117.csv,PAN,7,5.0,5.0,+,0.336829,-11.0163,-98.19296,87.17666,17.435332,87.17666,-0.034426,0.272427,10
37,sprungantwort_PAN_-5deg_20260622_214117.csv,PAN,7,5.0,5.0,+,0.368849,-11.0115,-98.19296,87.18146,17.436292,87.18146,-0.034411,0.272442,11
37,sprungantwort_PAN_-5deg_20260622_214117.csv,PAN,7,5.0,5.0,+,0.401021,-11.0484,-98.19296,87.14456,17.428912,87.14456,-0.034526,0.272327,12
37,sprungantwort_PAN_-5deg_20260622_214117.csv,PAN,7,5.0,5.0,+,0.448938,-11.0428,-98.19296,87.15016,17.430032,87.15016,-0.034509,0.272344,13
37,sprungantwort_PAN_-5deg_20260622_214117.csv,PAN,7,5.0,5.0,+,0.480974,-10.9879,-98.19296,87.20506,17.441012,87.20506,-0.034337,0.272516,14
37,sprungantwort_PAN_-5deg_20260622_214117.csv,PAN,7,5.0,5.0,+,0.513009,-10.9967,-98.19296,87.19626,17.439252,87.19626,-0.034365,0.272488,15
37,sprungantwort_PAN_-5deg_20260622_214117.csv,PAN,7,5.0,5.0,+,0.545282,-10.9208,-98.19296,87.27216,17.454432,87.27216,-0.034128,0.272725,16
37,sprungantwort_PAN_-5deg_20260622_214117.csv,PAN,7,5.0,5.0,+,0.580941,-10.9045,-98.19296,87.28846,17.457692,87.28846,-0.034077,0.272776,17
37,sprungantwort_PAN_-5deg_20260622_214117.csv,PAN,7,5.0,5.0,+,0.616181,-10.9262,-98.19296,87.26676,17.453352,87.26676,-0.034144,0.272709,18
37,sprungantwort_PAN_-5deg_20260622_214117.csv,PAN,7,5.0,5.0,+,0.643063,-10.9238,-98.19296,87.26916,17.453832,87.26916,-0.034137,0.272716,19
37,sprungantwort_PAN_-5deg_20260622_214117.csv,PAN,7,5.0,5.0,+,0.673019,-10.9344,-98.19296,87.25856,17.451712,87.25856,-0.03417,0.272683,20
37,sprungantwort_PAN_-5deg_20260622_214117.csv,PAN,7,5.0,5.0,+,0.704626,-10.981,-98.19296,87.21196,17.442392,87.21196,-0.034316,0.272537,21
37,sprungantwort_PAN_-5deg_20260622_214117.csv,PAN,7,5.0,5.0,+,0.7379,-11.0207,-98.19296,87.17226,17.434452,87.17226,-0.03444,0.272413,22
37,sprungantwort_PAN_-5deg_20260622_214117.csv,PAN,7,5.0,5.0,+,0.768561,-11.0573,-98.19296,87.13566,17.427132,87.13566,-0.034554,0.272299,23
37,sprungantwort_PAN_-5deg_20260622_214117.csv,PAN,7,5.0,5.0,+,0.801901,-11.0516,-98.19296,87.14136,17.428272,87.14136,-0.034536,0.272317,24
37,sprungantwort_PAN_-5deg_20260622_214117.csv,PAN,7,5.0,5.0,+,0.849417,-11.0382,-98.19296,87.15476,17.430952,87.15476,-0.034494,0.272359,25
37,sprungantwort_PAN_-5deg_20260622_214117.csv,PAN,7,5.0,5.0,+,0.881405,-11.0438,-98.19296,87.14916,17.429832,87.14916,-0.034512,0.272341,26
37,sprungantwort_PAN_-5deg_20260622_214117.csv,PAN,7,5.0,5.0,+,0.913398,-11.0379,-98.19296,87.15506,17.431012,87.15506,-0.034493,0.27236,27
37,sprungantwort_PAN_-5deg_20260622_214117.csv,PAN,7,5.0,5.0,+,0.94494,-10.9891,-98.19296,87.20386,17.440772,87.20386,-0.034341,0.272512,28
37,sprungantwort_PAN_-5deg_20260622_214117.csv,PAN,7,5.0,5.0,+,0.977952,-10.9618,-98.19296,87.23116,17.446232,87.23116,-0.034256,0.272597,29
37,sprungantwort_PAN_-5deg_20260622_214117.csv,PAN,7,5.0,5.0,+,1.008925,-10.9656,-98.19296,87.22736,17.445472,87.22736,-0.034268,0.272585,30
37,sprungantwort_PAN_-5deg_20260622_214117.csv,PAN,7,5.0,5.0,+,1.040787,-11.013,-98.19296,87.17996,17.435992,87.17996,-0.034416,0.272437,31
37,sprungantwort_PAN_-5deg_20260622_214117.csv,PAN,7,5.0,5.0,+,1.073452,-11.0105,-98.19296,87.18246,17.436492,87.18246,-0.034408,0.272445,32
37,sprungantwort_PAN_-5deg_20260622_214117.csv,PAN,7,5.0,5.0,+,1.106452,-11.0096,-98.19296,87.18336,17.436672,87.18336,-0.034405,0.272448,33
37,sprungantwort_PAN_-5deg_20260622_214117.csv,PAN,7,5.0,5.0,+,1.137967,-11.0057,-98.19296,87.18726,17.437452,87.18726,-0.034393,0.27246,34
37,sprungantwort_PAN_-5deg_20260622_214117.csv,PAN,7,5.0,5.0,+,1.169971,-11.0424,-98.19296,87.15056,17.430112,87.15056,-0.034507,0.272346,35
38,sprungantwort_PAN_-5deg_20260622_214117.csv,PAN,8,-5.0,5.0,-,0.0,-11.0388,-11.078178,0.039378,-0.007876,-0.039378,-0.034496,0.000123,0
38,sprungantwort_PAN_-5deg_20260622_214117.csv,PAN,8,-5.0,5.0,-,0.032243,-11.0778,-11.078178,0.000378,-7.6e-05,-0.000378,-0.034618,1e-06,1
38,sprungantwort_PAN_-5deg_20260622_214117.csv,PAN,8,-5.0,5.0,-,0.064472,-11.4252,-11.078178,-0.347022,0.069404,0.347022,-0.035704,-0.001085,2
38,sprungantwort_PAN_-5deg_20260622_214117.csv,PAN,8,-5.0,5.0,-,0.09647,-57.2024,-11.078178,-46.124222,9.224844,46.124222,-0.178757,-0.144138,3
38,sprungantwort_PAN_-5deg_20260622_214117.csv,PAN,8,-5.0,5.0,-,0.126504,-91.1881,-11.078178,-80.109922,16.021984,80.109922,-0.284963,-0.250344,4
38,sprungantwort_PAN_-5deg_20260622_214117.csv,PAN,8,-5.0,5.0,-,0.160009,-90.73,-11.078178,-79.651822,15.930364,79.651822,-0.283531,-0.248912,5
38,sprungantwort_PAN_-5deg_20260622_214117.csv,PAN,8,-5.0,5.0,-,0.19205,-90.8854,-11.078178,-79.807222,15.961444,79.807222,-0.284017,-0.249398,6
38,sprungantwort_PAN_-5deg_20260622_214117.csv,PAN,8,-5.0,5.0,-,0.22451,-90.9922,-11.078178,-79.914022,15.982804,79.914022,-0.284351,-0.249732,7
38,sprungantwort_PAN_-5deg_20260622_214117.csv,PAN,8,-5.0,5.0,-,0.256509,-90.9466,-11.078178,-79.868422,15.973684,79.868422,-0.284208,-0.249589,8
38,sprungantwort_PAN_-5deg_20260622_214117.csv,PAN,8,-5.0,5.0,-,0.28851,-90.8939,-11.078178,-79.815722,15.963144,79.815722,-0.284043,-0.249424,9
38,sprungantwort_PAN_-5deg_20260622_214117.csv,PAN,8,-5.0,5.0,-,0.336031,-90.947,-11.078178,-79.868822,15.973764,79.868822,-0.284209,-0.24959,10
38,sprungantwort_PAN_-5deg_20260622_214117.csv,PAN,8,-5.0,5.0,-,0.368025,-90.9271,-11.078178,-79.848922,15.969784,79.848922,-0.284147,-0.249528,11
38,sprungantwort_PAN_-5deg_20260622_214117.csv,PAN,8,-5.0,5.0,-,0.400023,-90.9073,-11.078178,-79.829122,15.965824,79.829122,-0.284085,-0.249466,12
38,sprungantwort_PAN_-5deg_20260622_214117.csv,PAN,8,-5.0,5.0,-,0.431536,-90.9305,-11.078178,-79.852322,15.970464,79.852322,-0.284158,-0.249539,13
38,sprungantwort_PAN_-5deg_20260622_214117.csv,PAN,8,-5.0,5.0,-,0.464536,-90.956,-11.078178,-79.877822,15.975564,79.877822,-0.284237,-0.249618,14
38,sprungantwort_PAN_-5deg_20260622_214117.csv,PAN,8,-5.0,5.0,-,0.49653,-90.948,-11.078178,-79.869822,15.973964,79.869822,-0.284212,-0.249593,15
38,sprungantwort_PAN_-5deg_20260622_214117.csv,PAN,8,-5.0,5.0,-,0.528053,-90.9617,-11.078178,-79.883522,15.976704,79.883522,-0.284255,-0.249636,16
38,sprungantwort_PAN_-5deg_20260622_214117.csv,PAN,8,-5.0,5.0,-,0.560731,-91.0314,-11.078178,-79.953222,15.990644,79.953222,-0.284473,-0.249854,17
38,sprungantwort_PAN_-5deg_20260622_214117.csv,PAN,8,-5.0,5.0,-,0.592445,-91.0774,-11.078178,-79.999222,15.999844,79.999222,-0.284617,-0.249998,18
38,sprungantwort_PAN_-5deg_20260622_214117.csv,PAN,8,-5.0,5.0,-,0.624014,-90.9526,-11.078178,-79.874422,15.974884,79.874422,-0.284227,-0.249608,19
38,sprungantwort_PAN_-5deg_20260622_214117.csv,PAN,8,-5.0,5.0,-,0.656015,-90.9539,-11.078178,-79.875722,15.975144,79.875722,-0.284231,-0.249612,20
38,sprungantwort_PAN_-5deg_20260622_214117.csv,PAN,8,-5.0,5.0,-,0.688876,-91.0128,-11.078178,-79.934622,15.986924,79.934622,-0.284415,-0.249796,21
38,sprungantwort_PAN_-5deg_20260622_214117.csv,PAN,8,-5.0,5.0,-,0.736419,-90.9724,-11.078178,-79.894222,15.978844,79.894222,-0.284289,-0.24967,22
38,sprungantwort_PAN_-5deg_20260622_214117.csv,PAN,8,-5.0,5.0,-,0.768335,-91.0091,-11.078178,-79.930922,15.986184,79.930922,-0.284403,-0.249784,23
38,sprungantwort_PAN_-5deg_20260622_214117.csv,PAN,8,-5.0,5.0,-,0.80032,-90.9726,-11.078178,-79.894422,15.978884,79.894422,-0.284289,-0.24967,24
38,sprungantwort_PAN_-5deg_20260622_214117.csv,PAN,8,-5.0,5.0,-,0.831473,-90.9411,-11.078178,-79.862922,15.972584,79.862922,-0.284191,-0.249572,25
38,sprungantwort_PAN_-5deg_20260622_214117.csv,PAN,8,-5.0,5.0,-,0.863447,-90.9809,-11.078178,-79.902722,15.980544,79.902722,-0.284315,-0.249696,26
38,sprungantwort_PAN_-5deg_20260622_214117.csv,PAN,8,-5.0,5.0,-,0.895444,-90.9923,-11.078178,-79.914122,15.982824,79.914122,-0.284351,-0.249732,27
38,sprungantwort_PAN_-5deg_20260622_214117.csv,PAN,8,-5.0,5.0,-,0.927942,-90.9806,-11.078178,-79.902422,15.980484,79.902422,-0.284314,-0.249695,28
38,sprungantwort_PAN_-5deg_20260622_214117.csv,PAN,8,-5.0,5.0,-,0.959936,-90.9631,-11.078178,-79.884922,15.976984,79.884922,-0.28426,-0.249641,29
38,sprungantwort_PAN_-5deg_20260622_214117.csv,PAN,8,-5.0,5.0,-,0.991993,-90.9276,-11.078178,-79.849422,15.969884,79.849422,-0.284149,-0.24953,30
38,sprungantwort_PAN_-5deg_20260622_214117.csv,PAN,8,-5.0,5.0,-,1.023803,-90.8997,-11.078178,-79.821522,15.964304,79.821522,-0.284061,-0.249442,31
38,sprungantwort_PAN_-5deg_20260622_214117.csv,PAN,8,-5.0,5.0,-,1.056874,-90.8704,-11.078178,-79.792222,15.958444,79.792222,-0.28397,-0.249351,32
38,sprungantwort_PAN_-5deg_20260622_214117.csv,PAN,8,-5.0,5.0,-,1.087451,-90.8892,-11.078178,-79.811022,15.962204,79.811022,-0.284029,-0.24941,33
38,sprungantwort_PAN_-5deg_20260622_214117.csv,PAN,8,-5.0,5.0,-,1.135566,-90.8572,-11.078178,-79.779022,15.955804,79.779022,-0.283929,-0.24931,34
38,sprungantwort_PAN_-5deg_20260622_214117.csv,PAN,8,-5.0,5.0,-,1.167517,-90.8919,-11.078178,-79.813722,15.962744,79.813722,-0.284037,-0.249418,35
38,sprungantwort_PAN_-5deg_20260622_214117.csv,PAN,8,-5.0,5.0,-,1.199519,-90.9259,-11.078178,-79.847722,15.969544,79.847722,-0.284144,-0.249525,36
39,sprungantwort_PAN_-5deg_20260622_214117.csv,PAN,9,5.0,5.0,+,0.0,-91.0187,-90.996,-0.0227,-0.00454,-0.0227,-0.284433,-7.1e-05,0
39,sprungantwort_PAN_-5deg_20260622_214117.csv,PAN,9,5.0,5.0,+,0.031684,-91.0255,-90.996,-0.0295,-0.0059,-0.0295,-0.284455,-9.3e-05,1
39,sprungantwort_PAN_-5deg_20260622_214117.csv,PAN,9,5.0,5.0,+,0.064647,-91.0018,-90.996,-0.0058,-0.00116,-0.0058,-0.284381,-1.9e-05,2
39,sprungantwort_PAN_-5deg_20260622_214117.csv,PAN,9,5.0,5.0,+,0.096016,-73.8812,-90.996,17.1148,3.42296,17.1148,-0.230879,0.053483,3
39,sprungantwort_PAN_-5deg_20260622_214117.csv,PAN,9,5.0,5.0,+,0.126396,-11.9503,-90.996,79.0457,15.80914,79.0457,-0.037345,0.247017,4
39,sprungantwort_PAN_-5deg_20260622_214117.csv,PAN,9,5.0,5.0,+,0.160012,-9.1282,-90.996,81.8678,16.37356,81.8678,-0.028525,0.255837,5
39,sprungantwort_PAN_-5deg_20260622_214117.csv,PAN,9,5.0,5.0,+,0.206865,-9.0656,-90.996,81.9304,16.38608,81.9304,-0.02833,0.256032,6
39,sprungantwort_PAN_-5deg_20260622_214117.csv,PAN,9,5.0,5.0,+,0.239096,-9.0344,-90.996,81.9616,16.39232,81.9616,-0.028232,0.25613,7
39,sprungantwort_PAN_-5deg_20260622_214117.csv,PAN,9,5.0,5.0,+,0.271374,-9.0917,-90.996,81.9043,16.38086,81.9043,-0.028411,0.255951,8
39,sprungantwort_PAN_-5deg_20260622_214117.csv,PAN,9,5.0,5.0,+,0.302917,-9.0472,-90.996,81.9488,16.38976,81.9488,-0.028272,0.25609,9
39,sprungantwort_PAN_-5deg_20260622_214117.csv,PAN,9,5.0,5.0,+,0.335997,-9.0414,-90.996,81.9546,16.39092,81.9546,-0.028254,0.256108,10
39,sprungantwort_PAN_-5deg_20260622_214117.csv,PAN,9,5.0,5.0,+,0.367241,-8.9933,-90.996,82.0027,16.40054,82.0027,-0.028104,0.256258,11
39,sprungantwort_PAN_-5deg_20260622_214117.csv,PAN,9,5.0,5.0,+,0.399333,-9.0027,-90.996,81.9933,16.39866,81.9933,-0.028133,0.256229,12
39,sprungantwort_PAN_-5deg_20260622_214117.csv,PAN,9,5.0,5.0,+,0.431465,-8.9863,-90.996,82.0097,16.40194,82.0097,-0.028082,0.25628,13
39,sprungantwort_PAN_-5deg_20260622_214117.csv,PAN,9,5.0,5.0,+,0.463495,-8.9996,-90.996,81.9964,16.39928,81.9964,-0.028124,0.256238,14
39,sprungantwort_PAN_-5deg_20260622_214117.csv,PAN,9,5.0,5.0,+,0.495949,-9.0281,-90.996,81.9679,16.39358,81.9679,-0.028213,0.256149,15
39,sprungantwort_PAN_-5deg_20260622_214117.csv,PAN,9,5.0,5.0,+,0.526947,-9.0938,-90.996,81.9022,16.38044,81.9022,-0.028418,0.255944,16
39,sprungantwort_PAN_-5deg_20260622_214117.csv,PAN,9,5.0,5.0,+,0.559947,-9.0695,-90.996,81.9265,16.3853,81.9265,-0.028342,0.25602,17
39,sprungantwort_PAN_-5deg_20260622_214117.csv,PAN,9,5.0,5.0,+,0.607637,-9.0573,-90.996,81.9387,16.38774,81.9387,-0.028304,0.256058,18
39,sprungantwort_PAN_-5deg_20260622_214117.csv,PAN,9,5.0,5.0,+,0.639632,-9.0942,-90.996,81.9018,16.38036,81.9018,-0.02842,0.255942,19
39,sprungantwort_PAN_-5deg_20260622_214117.csv,PAN,9,5.0,5.0,+,0.671765,-9.0834,-90.996,81.9126,16.38252,81.9126,-0.028386,0.255976,20
39,sprungantwort_PAN_-5deg_20260622_214117.csv,PAN,9,5.0,5.0,+,0.703529,-9.048,-90.996,81.948,16.3896,81.948,-0.028275,0.256087,21
39,sprungantwort_PAN_-5deg_20260622_214117.csv,PAN,9,5.0,5.0,+,0.735321,-9.075,-90.996,81.921,16.3842,81.921,-0.028359,0.256003,22
39,sprungantwort_PAN_-5deg_20260622_214117.csv,PAN,9,5.0,5.0,+,0.767296,-9.0449,-90.996,81.9511,16.39022,81.9511,-0.028265,0.256097,23
39,sprungantwort_PAN_-5deg_20260622_214117.csv,PAN,9,5.0,5.0,+,0.799919,-9.045,-90.996,81.951,16.3902,81.951,-0.028266,0.256096,24
39,sprungantwort_PAN_-5deg_20260622_214117.csv,PAN,9,5.0,5.0,+,0.831906,-9.0478,-90.996,81.9482,16.38964,81.9482,-0.028274,0.256088,25
39,sprungantwort_PAN_-5deg_20260622_214117.csv,PAN,9,5.0,5.0,+,0.863896,-9.067,-90.996,81.929,16.3858,81.929,-0.028334,0.256028,26
39,sprungantwort_PAN_-5deg_20260622_214117.csv,PAN,9,5.0,5.0,+,0.89547,-9.0578,-90.996,81.9382,16.38764,81.9382,-0.028306,0.256056,27
39,sprungantwort_PAN_-5deg_20260622_214117.csv,PAN,9,5.0,5.0,+,0.92749,-9.0448,-90.996,81.9512,16.39024,81.9512,-0.028265,0.256097,28
39,sprungantwort_PAN_-5deg_20260622_214117.csv,PAN,9,5.0,5.0,+,0.960532,-9.0581,-90.996,81.9379,16.38758,81.9379,-0.028306,0.256056,29
39,sprungantwort_PAN_-5deg_20260622_214117.csv,PAN,9,5.0,5.0,+,1.007875,-9.04,-90.996,81.956,16.3912,81.956,-0.02825,0.256112,30
39,sprungantwort_PAN_-5deg_20260622_214117.csv,PAN,9,5.0,5.0,+,1.038932,-9.0394,-90.996,81.9566,16.39132,81.9566,-0.028248,0.256114,31
39,sprungantwort_PAN_-5deg_20260622_214117.csv,PAN,9,5.0,5.0,+,1.072016,-9.0589,-90.996,81.9371,16.38742,81.9371,-0.028309,0.256053,32
39,sprungantwort_PAN_-5deg_20260622_214117.csv,PAN,9,5.0,5.0,+,1.103499,-9.0542,-90.996,81.9418,16.38836,81.9418,-0.028295,0.256067,33
39,sprungantwort_PAN_-5deg_20260622_214117.csv,PAN,9,5.0,5.0,+,1.136527,-9.0655,-90.996,81.9305,16.3861,81.9305,-0.02833,0.256032,34
39,sprungantwort_PAN_-5deg_20260622_214117.csv,PAN,9,5.0,5.0,+,1.168456,-9.0562,-90.996,81.9398,16.38796,81.9398,-0.028301,0.256061,35
40,sprungantwort_PAN_-5deg_20260622_214117.csv,PAN,10,-5.0,5.0,-,0.0,-8.785,-8.86846,0.08346,-0.016692,-0.08346,-0.027453,0.000261,0
40,sprungantwort_PAN_-5deg_20260622_214117.csv,PAN,10,-5.0,5.0,-,0.029994,-8.7486,-8.86846,0.11986,-0.023972,-0.11986,-0.027339,0.000375,1
40,sprungantwort_PAN_-5deg_20260622_214117.csv,PAN,10,-5.0,5.0,-,0.079597,-10.1604,-8.86846,-1.29194,0.258388,1.29194,-0.031751,-0.004037,2
40,sprungantwort_PAN_-5deg_20260622_214117.csv,PAN,10,-5.0,5.0,-,0.110552,-67.8156,-8.86846,-58.94714,11.789428,58.94714,-0.211924,-0.18421,3
40,sprungantwort_PAN_-5deg_20260622_214117.csv,PAN,10,-5.0,5.0,-,0.143309,-90.4695,-8.86846,-81.60104,16.320208,81.60104,-0.282717,-0.255003,4
40,sprungantwort_PAN_-5deg_20260622_214117.csv,PAN,10,-5.0,5.0,-,0.174818,-90.0606,-8.86846,-81.19214,16.238428,81.19214,-0.281439,-0.253725,5
40,sprungantwort_PAN_-5deg_20260622_214117.csv,PAN,10,-5.0,5.0,-,0.206832,-89.9441,-8.86846,-81.07564,16.215128,81.07564,-0.281075,-0.253361,6
40,sprungantwort_PAN_-5deg_20260622_214117.csv,PAN,10,-5.0,5.0,-,0.238998,-90.061,-8.86846,-81.19254,16.238508,81.19254,-0.281441,-0.253727,7
40,sprungantwort_PAN_-5deg_20260622_214117.csv,PAN,10,-5.0,5.0,-,0.271682,-90.0519,-8.86846,-81.18344,16.236688,81.18344,-0.281412,-0.253698,8
40,sprungantwort_PAN_-5deg_20260622_214117.csv,PAN,10,-5.0,5.0,-,0.302689,-90.0289,-8.86846,-81.16044,16.232088,81.16044,-0.28134,-0.253626,9
40,sprungantwort_PAN_-5deg_20260622_214117.csv,PAN,10,-5.0,5.0,-,0.334686,-90.0895,-8.86846,-81.22104,16.244208,81.22104,-0.28153,-0.253816,10
40,sprungantwort_PAN_-5deg_20260622_214117.csv,PAN,10,-5.0,5.0,-,0.366209,-90.0963,-8.86846,-81.22784,16.245568,81.22784,-0.281551,-0.253837,11
40,sprungantwort_PAN_-5deg_20260622_214117.csv,PAN,10,-5.0,5.0,-,0.39921,-90.0727,-8.86846,-81.20424,16.240848,81.20424,-0.281477,-0.253763,12
40,sprungantwort_PAN_-5deg_20260622_214117.csv,PAN,10,-5.0,5.0,-,0.431204,-90.0688,-8.86846,-81.20034,16.240068,81.20034,-0.281465,-0.253751,13
40,sprungantwort_PAN_-5deg_20260622_214117.csv,PAN,10,-5.0,5.0,-,0.478721,-90.0398,-8.86846,-81.17134,16.234268,81.17134,-0.281374,-0.25366,14
40,sprungantwort_PAN_-5deg_20260622_214117.csv,PAN,10,-5.0,5.0,-,0.510724,-89.9963,-8.86846,-81.12784,16.225568,81.12784,-0.281238,-0.253524,15
40,sprungantwort_PAN_-5deg_20260622_214117.csv,PAN,10,-5.0,5.0,-,0.542723,-89.9762,-8.86846,-81.10774,16.221548,81.10774,-0.281176,-0.253462,16
40,sprungantwort_PAN_-5deg_20260622_214117.csv,PAN,10,-5.0,5.0,-,0.575215,-89.9667,-8.86846,-81.09824,16.219648,81.09824,-0.281146,-0.253432,17
40,sprungantwort_PAN_-5deg_20260622_214117.csv,PAN,10,-5.0,5.0,-,0.607241,-90.0116,-8.86846,-81.14314,16.228628,81.14314,-0.281286,-0.253572,18
40,sprungantwort_PAN_-5deg_20260622_214117.csv,PAN,10,-5.0,5.0,-,0.639248,-90.0213,-8.86846,-81.15284,16.230568,81.15284,-0.281317,-0.253603,19
40,sprungantwort_PAN_-5deg_20260622_214117.csv,PAN,10,-5.0,5.0,-,0.67046,-90.0926,-8.86846,-81.22414,16.244828,81.22414,-0.281539,-0.253825,20
40,sprungantwort_PAN_-5deg_20260622_214117.csv,PAN,10,-5.0,5.0,-,0.703539,-90.1941,-8.86846,-81.32564,16.265128,81.32564,-0.281856,-0.254142,21
40,sprungantwort_PAN_-5deg_20260622_214117.csv,PAN,10,-5.0,5.0,-,0.734536,-90.2042,-8.86846,-81.33574,16.267148,81.33574,-0.281888,-0.254174,22
40,sprungantwort_PAN_-5deg_20260622_214117.csv,PAN,10,-5.0,5.0,-,0.767485,-90.2624,-8.86846,-81.39394,16.278788,81.39394,-0.28207,-0.254356,23
40,sprungantwort_PAN_-5deg_20260622_214117.csv,PAN,10,-5.0,5.0,-,0.800011,-90.31,-8.86846,-81.44154,16.288308,81.44154,-0.282219,-0.254505,24
40,sprungantwort_PAN_-5deg_20260622_214117.csv,PAN,10,-5.0,5.0,-,0.831026,-90.3273,-8.86846,-81.45884,16.291768,81.45884,-0.282273,-0.254559,25
40,sprungantwort_PAN_-5deg_20260622_214117.csv,PAN,10,-5.0,5.0,-,0.878472,-90.3697,-8.86846,-81.50124,16.300248,81.50124,-0.282405,-0.254691,26
40,sprungantwort_PAN_-5deg_20260622_214117.csv,PAN,10,-5.0,5.0,-,0.910452,-90.3876,-8.86846,-81.51914,16.303828,81.51914,-0.282461,-0.254747,27
40,sprungantwort_PAN_-5deg_20260622_214117.csv,PAN,10,-5.0,5.0,-,0.940952,-90.3701,-8.86846,-81.50164,16.300328,81.50164,-0.282407,-0.254693,28
40,sprungantwort_PAN_-5deg_20260622_214117.csv,PAN,10,-5.0,5.0,-,0.973825,-90.3795,-8.86846,-81.51104,16.302208,81.51104,-0.282436,-0.254722,29
40,sprungantwort_PAN_-5deg_20260622_214117.csv,PAN,10,-5.0,5.0,-,1.006891,-90.4571,-8.86846,-81.58864,16.317728,81.58864,-0.282679,-0.254965,30
40,sprungantwort_PAN_-5deg_20260622_214117.csv,PAN,10,-5.0,5.0,-,1.038976,-90.4813,-8.86846,-81.61284,16.322568,81.61284,-0.282754,-0.25504,31
40,sprungantwort_PAN_-5deg_20260622_214117.csv,PAN,10,-5.0,5.0,-,1.070497,-90.5765,-8.86846,-81.70804,16.341608,81.70804,-0.283052,-0.255338,32
40,sprungantwort_PAN_-5deg_20260622_214117.csv,PAN,10,-5.0,5.0,-,1.102491,-90.6111,-8.86846,-81.74264,16.348528,81.74264,-0.28316,-0.255446,33
40,sprungantwort_PAN_-5deg_20260622_214117.csv,PAN,10,-5.0,5.0,-,1.135552,-90.617,-8.86846,-81.74854,16.349708,81.74854,-0.283178,-0.255464,34
40,sprungantwort_PAN_-5deg_20260622_214117.csv,PAN,10,-5.0,5.0,-,1.167047,-90.6566,-8.86846,-81.78814,16.357628,81.78814,-0.283302,-0.255588,35
40,sprungantwort_PAN_-5deg_20260622_214117.csv,PAN,10,-5.0,5.0,-,1.198564,-90.6708,-8.86846,-81.80234,16.360468,81.80234,-0.283346,-0.255632,36
41,sprungantwort_PAN_-5deg_20260622_214117.csv,PAN,11,5.0,5.0,+,0.0,-90.4418,-90.467122,0.025322,0.005064,0.025322,-0.282631,7.9e-05,0
41,sprungantwort_PAN_-5deg_20260622_214117.csv,PAN,11,5.0,5.0,+,0.030878,-90.4172,-90.467122,0.049922,0.009984,0.049922,-0.282554,0.000156,1
41,sprungantwort_PAN_-5deg_20260622_214117.csv,PAN,11,5.0,5.0,+,0.062769,-90.3913,-90.467122,0.075822,0.015164,0.075822,-0.282473,0.000237,2
41,sprungantwort_PAN_-5deg_20260622_214117.csv,PAN,11,5.0,5.0,+,0.093856,-63.013,-90.467122,27.454122,5.490824,27.454122,-0.196916,0.085794,3
41,sprungantwort_PAN_-5deg_20260622_214117.csv,PAN,11,5.0,5.0,+,0.126379,-11.7715,-90.467122,78.695622,15.739124,78.695622,-0.036786,0.245924,4
41,sprungantwort_PAN_-5deg_20260622_214117.csv,PAN,11,5.0,5.0,+,0.158376,-10.9398,-90.467122,79.527322,15.905464,79.527322,-0.034187,0.248523,5
41,sprungantwort_PAN_-5deg_20260622_214117.csv,PAN,11,5.0,5.0,+,0.190326,-10.9514,-90.467122,79.515722,15.903144,79.515722,-0.034223,0.248487,6
41,sprungantwort_PAN_-5deg_20260622_214117.csv,PAN,11,5.0,5.0,+,0.222902,-10.7968,-90.467122,79.670322,15.934064,79.670322,-0.03374,0.24897,7
41,sprungantwort_PAN_-5deg_20260622_214117.csv,PAN,11,5.0,5.0,+,0.254895,-10.9061,-90.467122,79.561022,15.912204,79.561022,-0.034082,0.248628,8
41,sprungantwort_PAN_-5deg_20260622_214117.csv,PAN,11,5.0,5.0,+,0.285898,-10.8751,-90.467122,79.592022,15.918404,79.592022,-0.033985,0.248725,9
41,sprungantwort_PAN_-5deg_20260622_214117.csv,PAN,11,5.0,5.0,+,0.33426,-10.8725,-90.467122,79.594622,15.918924,79.594622,-0.033976,0.248734,10
41,sprungantwort_PAN_-5deg_20260622_214117.csv,PAN,11,5.0,5.0,+,0.366311,-10.9437,-90.467122,79.523422,15.904684,79.523422,-0.034199,0.248511,11
41,sprungantwort_PAN_-5deg_20260622_214117.csv,PAN,11,5.0,5.0,+,0.399263,-10.8958,-90.467122,79.571322,15.914264,79.571322,-0.034049,0.248661,12
41,sprungantwort_PAN_-5deg_20260622_214117.csv,PAN,11,5.0,5.0,+,0.430769,-10.9166,-90.467122,79.550522,15.910104,79.550522,-0.034114,0.248596,13
41,sprungantwort_PAN_-5deg_20260622_214117.csv,PAN,11,5.0,5.0,+,0.46244,-10.9375,-90.467122,79.529622,15.905924,79.529622,-0.03418,0.24853,14
41,sprungantwort_PAN_-5deg_20260622_214117.csv,PAN,11,5.0,5.0,+,0.494841,-10.9056,-90.467122,79.561522,15.912304,79.561522,-0.03408,0.24863,15
41,sprungantwort_PAN_-5deg_20260622_214117.csv,PAN,11,5.0,5.0,+,0.526376,-10.9413,-90.467122,79.525822,15.905164,79.525822,-0.034191,0.248519,16
41,sprungantwort_PAN_-5deg_20260622_214117.csv,PAN,11,5.0,5.0,+,0.558852,-10.8733,-90.467122,79.593822,15.918764,79.593822,-0.033979,0.248731,17
41,sprungantwort_PAN_-5deg_20260622_214117.csv,PAN,11,5.0,5.0,+,0.59042,-10.8504,-90.467122,79.616722,15.923344,79.616722,-0.033907,0.248803,18
41,sprungantwort_PAN_-5deg_20260622_214117.csv,PAN,11,5.0,5.0,+,0.622804,-10.7924,-90.467122,79.674722,15.934944,79.674722,-0.033726,0.248984,19
41,sprungantwort_PAN_-5deg_20260622_214117.csv,PAN,11,5.0,5.0,+,0.654749,-10.7146,-90.467122,79.752522,15.950504,79.752522,-0.033483,0.249227,20
41,sprungantwort_PAN_-5deg_20260622_214117.csv,PAN,11,5.0,5.0,+,0.686789,-10.6576,-90.467122,79.809522,15.961904,79.809522,-0.033305,0.249405,21
41,sprungantwort_PAN_-5deg_20260622_214117.csv,PAN,11,5.0,5.0,+,0.734338,-10.4989,-90.467122,79.968222,15.993644,79.968222,-0.032809,0.249901,22
41,sprungantwort_PAN_-5deg_20260622_214117.csv,PAN,11,5.0,5.0,+,0.767327,-10.3454,-90.467122,80.121722,16.024344,80.121722,-0.03233,0.25038,23
41,sprungantwort_PAN_-5deg_20260622_214117.csv,PAN,11,5.0,5.0,+,0.799336,-10.1417,-90.467122,80.325422,16.065084,80.325422,-0.031693,0.251017,24
41,sprungantwort_PAN_-5deg_20260622_214117.csv,PAN,11,5.0,5.0,+,0.830962,-10.0494,-90.467122,80.417722,16.083544,80.417722,-0.031404,0.251306,25
41,sprungantwort_PAN_-5deg_20260622_214117.csv,PAN,11,5.0,5.0,+,0.863098,-9.9179,-90.467122,80.549222,16.109844,80.549222,-0.030993,0.251717,26
41,sprungantwort_PAN_-5deg_20260622_214117.csv,PAN,11,5.0,5.0,+,0.894928,-9.7936,-90.467122,80.673522,16.134704,80.673522,-0.030605,0.252105,27
41,sprungantwort_PAN_-5deg_20260622_214117.csv,PAN,11,5.0,5.0,+,0.927302,-9.6485,-90.467122,80.818622,16.163724,80.818622,-0.030152,0.252558,28
41,sprungantwort_PAN_-5deg_20260622_214117.csv,PAN,11,5.0,5.0,+,0.95825,-9.5888,-90.467122,80.878322,16.175664,80.878322,-0.029965,0.252745,29
41,sprungantwort_PAN_-5deg_20260622_214117.csv,PAN,11,5.0,5.0,+,0.991196,-9.5128,-90.467122,80.954322,16.190864,80.954322,-0.029727,0.252983,30
41,sprungantwort_PAN_-5deg_20260622_214117.csv,PAN,11,5.0,5.0,+,1.022728,-9.3532,-90.467122,81.113922,16.222784,81.113922,-0.029229,0.253481,31
41,sprungantwort_PAN_-5deg_20260622_214117.csv,PAN,11,5.0,5.0,+,1.054761,-9.1783,-90.467122,81.288822,16.257764,81.288822,-0.028682,0.254028,32
41,sprungantwort_PAN_-5deg_20260622_214117.csv,PAN,11,5.0,5.0,+,1.087743,-9.1426,-90.467122,81.324522,16.264904,81.324522,-0.028571,0.254139,33
41,sprungantwort_PAN_-5deg_20260622_214117.csv,PAN,11,5.0,5.0,+,1.13516,-9.0828,-90.467122,81.384322,16.276864,81.384322,-0.028384,0.254326,34
41,sprungantwort_PAN_-5deg_20260622_214117.csv,PAN,11,5.0,5.0,+,1.167192,-8.9614,-90.467122,81.505722,16.301144,81.505722,-0.028004,0.254706,35
41,sprungantwort_PAN_-5deg_20260622_214117.csv,PAN,11,5.0,5.0,+,1.198785,-8.8351,-90.467122,81.632022,16.326404,81.632022,-0.02761,0.2551,36
42,sprungantwort_PAN_-5deg_20260622_214117.csv,PAN,12,-5.0,5.0,-,0.0,-7.4304,-7.879956,0.449556,-0.089911,-0.449556,-0.02322,0.001405,0
42,sprungantwort_PAN_-5deg_20260622_214117.csv,PAN,12,-5.0,5.0,-,0.031701,-7.3403,-7.879956,0.539656,-0.107931,-0.539656,-0.022938,0.001687,1
42,sprungantwort_PAN_-5deg_20260622_214117.csv,PAN,12,-5.0,5.0,-,0.063704,-7.2547,-7.879956,0.625256,-0.125051,-0.625256,-0.022671,0.001954,2
42,sprungantwort_PAN_-5deg_20260622_214117.csv,PAN,12,-5.0,5.0,-,0.097329,-38.0789,-7.879956,-30.198944,6.039789,30.198944,-0.118996,-0.094371,3
42,sprungantwort_PAN_-5deg_20260622_214117.csv,PAN,12,-5.0,5.0,-,0.128402,-83.0251,-7.879956,-75.145144,15.029029,75.145144,-0.259454,-0.234829,4
42,sprungantwort_PAN_-5deg_20260622_214117.csv,PAN,12,-5.0,5.0,-,0.160651,-84.0706,-7.879956,-76.190644,15.238129,76.190644,-0.26272,-0.238095,5
42,sprungantwort_PAN_-5deg_20260622_214117.csv,PAN,12,-5.0,5.0,-,0.2088,-85.1379,-7.879956,-77.257944,15.451589,77.257944,-0.266056,-0.241431,6
42,sprungantwort_PAN_-5deg_20260622_214117.csv,PAN,12,-5.0,5.0,-,0.239754,-85.0701,-7.879956,-77.190144,15.438029,77.190144,-0.265844,-0.241219,7
42,sprungantwort_PAN_-5deg_20260622_214117.csv,PAN,12,-5.0,5.0,-,0.271743,-85.1113,-7.879956,-77.231344,15.446269,77.231344,-0.265973,-0.241348,8
42,sprungantwort_PAN_-5deg_20260622_214117.csv,PAN,12,-5.0,5.0,-,0.304339,-85.0966,-7.879956,-77.216644,15.443329,77.216644,-0.265927,-0.241302,9
42,sprungantwort_PAN_-5deg_20260622_214117.csv,PAN,12,-5.0,5.0,-,0.336277,-85.0341,-7.879956,-77.154144,15.430829,77.154144,-0.265732,-0.241107,10
42,sprungantwort_PAN_-5deg_20260622_214117.csv,PAN,12,-5.0,5.0,-,0.368291,-85.053,-7.879956,-77.173044,15.434609,77.173044,-0.265791,-0.241166,11
42,sprungantwort_PAN_-5deg_20260622_214117.csv,PAN,12,-5.0,5.0,-,0.399996,-85.16,-7.879956,-77.280044,15.456009,77.280044,-0.266125,-0.2415,12
42,sprungantwort_PAN_-5deg_20260622_214117.csv,PAN,12,-5.0,5.0,-,0.432786,-85.232,-7.879956,-77.352044,15.470409,77.352044,-0.26635,-0.241725,13
42,sprungantwort_PAN_-5deg_20260622_214117.csv,PAN,12,-5.0,5.0,-,0.464186,-85.3493,-7.879956,-77.469344,15.493869,77.469344,-0.266717,-0.242092,14
42,sprungantwort_PAN_-5deg_20260622_214117.csv,PAN,12,-5.0,5.0,-,0.496198,-85.3556,-7.879956,-77.475644,15.495129,77.475644,-0.266736,-0.242111,15
42,sprungantwort_PAN_-5deg_20260622_214117.csv,PAN,12,-5.0,5.0,-,0.528559,-85.3876,-7.879956,-77.507644,15.501529,77.507644,-0.266836,-0.242211,16
42,sprungantwort_PAN_-5deg_20260622_214117.csv,PAN,12,-5.0,5.0,-,0.560717,-85.3432,-7.879956,-77.463244,15.492649,77.463244,-0.266697,-0.242072,17
42,sprungantwort_PAN_-5deg_20260622_214117.csv,PAN,12,-5.0,5.0,-,0.608101,-85.2494,-7.879956,-77.369444,15.473889,77.369444,-0.266404,-0.241779,18
42,sprungantwort_PAN_-5deg_20260622_214117.csv,PAN,12,-5.0,5.0,-,0.639801,-85.1826,-7.879956,-77.302644,15.460529,77.302644,-0.266196,-0.241571,19
42,sprungantwort_PAN_-5deg_20260622_214117.csv,PAN,12,-5.0,5.0,-,0.67042,-85.1337,-7.879956,-77.253744,15.450749,77.253744,-0.266043,-0.241418,20
42,sprungantwort_PAN_-5deg_20260622_214117.csv,PAN,12,-5.0,5.0,-,0.704704,-85.1246,-7.879956,-77.244644,15.448929,77.244644,-0.266014,-0.241389,21
42,sprungantwort_PAN_-5deg_20260622_214117.csv,PAN,12,-5.0,5.0,-,0.735561,-85.1028,-7.879956,-77.222844,15.444569,77.222844,-0.265946,-0.241321,22
42,sprungantwort_PAN_-5deg_20260622_214117.csv,PAN,12,-5.0,5.0,-,0.76756,-85.1087,-7.879956,-77.228744,15.445749,77.228744,-0.265965,-0.24134,23
42,sprungantwort_PAN_-5deg_20260622_214117.csv,PAN,12,-5.0,5.0,-,0.800119,-85.1479,-7.879956,-77.267944,15.453589,77.267944,-0.266087,-0.241462,24
42,sprungantwort_PAN_-5deg_20260622_214117.csv,PAN,12,-5.0,5.0,-,0.832123,-85.0777,-7.879956,-77.197744,15.439549,77.197744,-0.265868,-0.241243,25
42,sprungantwort_PAN_-5deg_20260622_214117.csv,PAN,12,-5.0,5.0,-,0.864122,-85.048,-7.879956,-77.168044,15.433609,77.168044,-0.265775,-0.24115,26
42,sprungantwort_PAN_-5deg_20260622_214117.csv,PAN,12,-5.0,5.0,-,0.896842,-84.9842,-7.879956,-77.104244,15.420849,77.104244,-0.265576,-0.240951,27
42,sprungantwort_PAN_-5deg_20260622_214117.csv,PAN,12,-5.0,5.0,-,0.927813,-84.965,-7.879956,-77.085044,15.417009,77.085044,-0.265516,-0.240891,28
42,sprungantwort_PAN_-5deg_20260622_214117.csv,PAN,12,-5.0,5.0,-,0.960651,-84.8364,-7.879956,-76.956444,15.391289,76.956444,-0.265114,-0.240489,29
42,sprungantwort_PAN_-5deg_20260622_214117.csv,PAN,12,-5.0,5.0,-,1.007662,-84.7162,-7.879956,-76.836244,15.367249,76.836244,-0.264738,-0.240113,30
42,sprungantwort_PAN_-5deg_20260622_214117.csv,PAN,12,-5.0,5.0,-,1.039686,-84.5306,-7.879956,-76.650644,15.330129,76.650644,-0.264158,-0.239533,31
42,sprungantwort_PAN_-5deg_20260622_214117.csv,PAN,12,-5.0,5.0,-,1.071641,-84.4917,-7.879956,-76.611744,15.322349,76.611744,-0.264037,-0.239412,32
42,sprungantwort_PAN_-5deg_20260622_214117.csv,PAN,12,-5.0,5.0,-,1.104408,-84.4802,-7.879956,-76.600244,15.320049,76.600244,-0.264,-0.239375,33
42,sprungantwort_PAN_-5deg_20260622_214117.csv,PAN,12,-5.0,5.0,-,1.135077,-84.339,-7.879956,-76.459044,15.291809,76.459044,-0.263559,-0.238934,34
42,sprungantwort_PAN_-5deg_20260622_214117.csv,PAN,12,-5.0,5.0,-,1.168202,-84.3297,-7.879956,-76.449744,15.289949,76.449744,-0.26353,-0.238905,35
43,sprungantwort_PAN_-5deg_20260622_214117.csv,PAN,13,5.0,5.0,+,0.0,-84.5051,-84.33186,-0.17324,-0.034648,-0.17324,-0.264079,-0.000542,0
43,sprungantwort_PAN_-5deg_20260622_214117.csv,PAN,13,5.0,5.0,+,0.030554,-84.5473,-84.33186,-0.21544,-0.043088,-0.21544,-0.26421,-0.000673,1
43,sprungantwort_PAN_-5deg_20260622_214117.csv,PAN,13,5.0,5.0,+,0.079084,-84.2957,-84.33186,0.03616,0.007232,0.03616,-0.263424,0.000113,2
43,sprungantwort_PAN_-5deg_20260622_214117.csv,PAN,13,5.0,5.0,+,0.11116,-41.2933,-84.33186,43.03856,8.607712,43.03856,-0.129042,0.134495,3
43,sprungantwort_PAN_-5deg_20260622_214117.csv,PAN,13,5.0,5.0,+,0.143232,-4.076,-84.33186,80.25586,16.051172,80.25586,-0.012737,0.2508,4
43,sprungantwort_PAN_-5deg_20260622_214117.csv,PAN,13,5.0,5.0,+,0.175652,-4.2737,-84.33186,80.05816,16.011632,80.05816,-0.013355,0.250182,5
43,sprungantwort_PAN_-5deg_20260622_214117.csv,PAN,13,5.0,5.0,+,0.206746,-4.3369,-84.33186,79.99496,15.998992,79.99496,-0.013553,0.249984,6
43,sprungantwort_PAN_-5deg_20260622_214117.csv,PAN,13,5.0,5.0,+,0.239302,-4.3334,-84.33186,79.99846,15.999692,79.99846,-0.013542,0.249995,7
43,sprungantwort_PAN_-5deg_20260622_214117.csv,PAN,13,5.0,5.0,+,0.271443,-4.3713,-84.33186,79.96056,15.992112,79.96056,-0.01366,0.249877,8
43,sprungantwort_PAN_-5deg_20260622_214117.csv,PAN,13,5.0,5.0,+,0.30306,-4.4093,-84.33186,79.92256,15.984512,79.92256,-0.013779,0.249758,9
43,sprungantwort_PAN_-5deg_20260622_214117.csv,PAN,13,5.0,5.0,+,0.335059,-4.4463,-84.33186,79.88556,15.977112,79.88556,-0.013895,0.249642,10
43,sprungantwort_PAN_-5deg_20260622_214117.csv,PAN,13,5.0,5.0,+,0.367079,-4.4371,-84.33186,79.89476,15.978952,79.89476,-0.013866,0.249671,11
43,sprungantwort_PAN_-5deg_20260622_214117.csv,PAN,13,5.0,5.0,+,0.398248,-4.4603,-84.33186,79.87156,15.974312,79.87156,-0.013938,0.249599,12
43,sprungantwort_PAN_-5deg_20260622_214117.csv,PAN,13,5.0,5.0,+,0.430907,-4.4833,-84.33186,79.84856,15.969712,79.84856,-0.01401,0.249527,13
43,sprungantwort_PAN_-5deg_20260622_214117.csv,PAN,13,5.0,5.0,+,0.47846,-4.4692,-84.33186,79.86266,15.972532,79.86266,-0.013966,0.249571,14
43,sprungantwort_PAN_-5deg_20260622_214117.csv,PAN,13,5.0,5.0,+,0.510451,-4.4874,-84.33186,79.84446,15.968892,79.84446,-0.014023,0.249514,15
43,sprungantwort_PAN_-5deg_20260622_214117.csv,PAN,13,5.0,5.0,+,0.542464,-4.4777,-84.33186,79.85416,15.970832,79.85416,-0.013993,0.249544,16
43,sprungantwort_PAN_-5deg_20260622_214117.csv,PAN,13,5.0,5.0,+,0.575034,-4.5172,-84.33186,79.81466,15.962932,79.81466,-0.014116,0.249421,17
43,sprungantwort_PAN_-5deg_20260622_214117.csv,PAN,13,5.0,5.0,+,0.607052,-4.522,-84.33186,79.80986,15.961972,79.80986,-0.014131,0.249406,18
43,sprungantwort_PAN_-5deg_20260622_214117.csv,PAN,13,5.0,5.0,+,0.639001,-4.5357,-84.33186,79.79616,15.959232,79.79616,-0.014174,0.249363,19
43,sprungantwort_PAN_-5deg_20260622_214117.csv,PAN,13,5.0,5.0,+,0.670512,-4.5621,-84.33186,79.76976,15.953952,79.76976,-0.014256,0.249281,20
43,sprungantwort_PAN_-5deg_20260622_214117.csv,PAN,13,5.0,5.0,+,0.703422,-4.5568,-84.33186,79.77506,15.955012,79.77506,-0.01424,0.249297,21
43,sprungantwort_PAN_-5deg_20260622_214117.csv,PAN,13,5.0,5.0,+,0.734511,-4.5907,-84.33186,79.74116,15.948232,79.74116,-0.014346,0.249191,22
43,sprungantwort_PAN_-5deg_20260622_214117.csv,PAN,13,5.0,5.0,+,0.766514,-4.6286,-84.33186,79.70326,15.940652,79.70326,-0.014464,0.249073,23
43,sprungantwort_PAN_-5deg_20260622_214117.csv,PAN,13,5.0,5.0,+,0.798871,-4.6138,-84.33186,79.71806,15.943612,79.71806,-0.014418,0.249119,24
43,sprungantwort_PAN_-5deg_20260622_214117.csv,PAN,13,5.0,5.0,+,0.830545,-4.6409,-84.33186,79.69096,15.938192,79.69096,-0.014503,0.249034,25
43,sprungantwort_PAN_-5deg_20260622_214117.csv,PAN,13,5.0,5.0,+,0.879067,-4.6421,-84.33186,79.68976,15.937952,79.68976,-0.014507,0.24903,26
43,sprungantwort_PAN_-5deg_20260622_214117.csv,PAN,13,5.0,5.0,+,0.909973,-4.6232,-84.33186,79.70866,15.941732,79.70866,-0.014448,0.249089,27
43,sprungantwort_PAN_-5deg_20260622_214117.csv,PAN,13,5.0,5.0,+,0.943017,-4.6047,-84.33186,79.72716,15.945432,79.72716,-0.01439,0.249147,28
43,sprungantwort_PAN_-5deg_20260622_214117.csv,PAN,13,5.0,5.0,+,0.975536,-4.6293,-84.33186,79.70256,15.940512,79.70256,-0.014466,0.249071,29
43,sprungantwort_PAN_-5deg_20260622_214117.csv,PAN,13,5.0,5.0,+,1.007592,-4.6212,-84.33186,79.71066,15.942132,79.71066,-0.014441,0.249096,30
43,sprungantwort_PAN_-5deg_20260622_214117.csv,PAN,13,5.0,5.0,+,1.038434,-4.6303,-84.33186,79.70156,15.940312,79.70156,-0.01447,0.249067,31
43,sprungantwort_PAN_-5deg_20260622_214117.csv,PAN,13,5.0,5.0,+,1.071056,-4.6433,-84.33186,79.68856,15.937712,79.68856,-0.01451,0.249027,32
43,sprungantwort_PAN_-5deg_20260622_214117.csv,PAN,13,5.0,5.0,+,1.102961,-4.6756,-84.33186,79.65626,15.931252,79.65626,-0.014611,0.248926,33
43,sprungantwort_PAN_-5deg_20260622_214117.csv,PAN,13,5.0,5.0,+,1.13501,-4.6853,-84.33186,79.64656,15.929312,79.64656,-0.014642,0.248895,34
43,sprungantwort_PAN_-5deg_20260622_214117.csv,PAN,13,5.0,5.0,+,1.167018,-4.6867,-84.33186,79.64516,15.929032,79.64516,-0.014646,0.248891,35
43,sprungantwort_PAN_-5deg_20260622_214117.csv,PAN,13,5.0,5.0,+,1.198559,-4.674,-84.33186,79.65786,15.931572,79.65786,-0.014606,0.248931,36
44,sprungantwort_PAN_-5deg_20260622_214117.csv,PAN,14,-5.0,5.0,-,0.0,-4.9132,-4.876333,-0.036867,0.007373,0.036867,-0.015354,-0.000116,0
44,sprungantwort_PAN_-5deg_20260622_214117.csv,PAN,14,-5.0,5.0,-,0.03217,-4.9545,-4.876333,-0.078167,0.015633,0.078167,-0.015483,-0.000245,1
44,sprungantwort_PAN_-5deg_20260622_214117.csv,PAN,14,-5.0,5.0,-,0.063165,-6.0932,-4.876333,-1.216867,0.243373,1.216867,-0.019041,-0.003803,2
44,sprungantwort_PAN_-5deg_20260622_214117.csv,PAN,14,-5.0,5.0,-,0.095443,-61.7115,-4.876333,-56.835167,11.367033,56.835167,-0.192848,-0.17761,3
44,sprungantwort_PAN_-5deg_20260622_214117.csv,PAN,14,-5.0,5.0,-,0.12892,-85.6659,-4.876333,-80.789567,16.157913,80.789567,-0.267706,-0.252468,4
44,sprungantwort_PAN_-5deg_20260622_214117.csv,PAN,14,-5.0,5.0,-,0.160824,-85.4286,-4.876333,-80.552267,16.110453,80.552267,-0.266964,-0.251726,5
44,sprungantwort_PAN_-5deg_20260622_214117.csv,PAN,14,-5.0,5.0,-,0.192923,-85.5427,-4.876333,-80.666367,16.133273,80.666367,-0.267321,-0.252083,6
44,sprungantwort_PAN_-5deg_20260622_214117.csv,PAN,14,-5.0,5.0,-,0.223918,-85.6649,-4.876333,-80.788567,16.157713,80.788567,-0.267703,-0.252465,7
44,sprungantwort_PAN_-5deg_20260622_214117.csv,PAN,14,-5.0,5.0,-,0.256469,-85.7173,-4.876333,-80.840967,16.168193,80.840967,-0.267867,-0.252629,8
44,sprungantwort_PAN_-5deg_20260622_214117.csv,PAN,14,-5.0,5.0,-,0.288436,-85.772,-4.876333,-80.895667,16.179133,80.895667,-0.268038,-0.2528,9
44,sprungantwort_PAN_-5deg_20260622_214117.csv,PAN,14,-5.0,5.0,-,0.335856,-85.7751,-4.876333,-80.898767,16.179753,80.898767,-0.268047,-0.252809,10
44,sprungantwort_PAN_-5deg_20260622_214117.csv,PAN,14,-5.0,5.0,-,0.367852,-85.8012,-4.876333,-80.924867,16.184973,80.924867,-0.268129,-0.252891,11
44,sprungantwort_PAN_-5deg_20260622_214117.csv,PAN,14,-5.0,5.0,-,0.399857,-85.7995,-4.876333,-80.923167,16.184633,80.923167,-0.268123,-0.252885,12
44,sprungantwort_PAN_-5deg_20260622_214117.csv,PAN,14,-5.0,5.0,-,0.433017,-85.7687,-4.876333,-80.892367,16.178473,80.892367,-0.268027,-0.252789,13
44,sprungantwort_PAN_-5deg_20260622_214117.csv,PAN,14,-5.0,5.0,-,0.465063,-85.922,-4.876333,-81.045667,16.209133,81.045667,-0.268506,-0.253268,14
44,sprungantwort_PAN_-5deg_20260622_214117.csv,PAN,14,-5.0,5.0,-,0.497017,-85.8314,-4.876333,-80.955067,16.191013,80.955067,-0.268223,-0.252985,15
44,sprungantwort_PAN_-5deg_20260622_214117.csv,PAN,14,-5.0,5.0,-,0.527541,-85.8828,-4.876333,-81.006467,16.201293,81.006467,-0.268384,-0.253146,16
44,sprungantwort_PAN_-5deg_20260622_214117.csv,PAN,14,-5.0,5.0,-,0.560684,-85.9111,-4.876333,-81.034767,16.206953,81.034767,-0.268472,-0.253234,17
44,sprungantwort_PAN_-5deg_20260622_214117.csv,PAN,14,-5.0,5.0,-,0.592701,-85.9054,-4.876333,-81.029067,16.205813,81.029067,-0.268454,-0.253216,18
44,sprungantwort_PAN_-5deg_20260622_214117.csv,PAN,14,-5.0,5.0,-,0.624472,-85.8873,-4.876333,-81.010967,16.202193,81.010967,-0.268398,-0.25316,19
44,sprungantwort_PAN_-5deg_20260622_214117.csv,PAN,14,-5.0,5.0,-,0.655994,-85.9118,-4.876333,-81.035467,16.207093,81.035467,-0.268474,-0.253236,20
44,sprungantwort_PAN_-5deg_20260622_214117.csv,PAN,14,-5.0,5.0,-,0.688528,-85.9566,-4.876333,-81.080267,16.216053,81.080267,-0.268615,-0.253377,21
44,sprungantwort_PAN_-5deg_20260622_214117.csv,PAN,14,-5.0,5.0,-,0.737163,-85.9906,-4.876333,-81.114267,16.222853,81.114267,-0.268721,-0.253483,22
44,sprungantwort_PAN_-5deg_20260622_214117.csv,PAN,14,-5.0,5.0,-,0.768146,-86.0769,-4.876333,-81.200567,16.240113,81.200567,-0.26899,-0.253752,23
44,sprungantwort_PAN_-5deg_20260622_214117.csv,PAN,14,-5.0,5.0,-,0.800084,-86.1097,-4.876333,-81.233367,16.246673,81.233367,-0.269093,-0.253855,24
44,sprungantwort_PAN_-5deg_20260622_214117.csv,PAN,14,-5.0,5.0,-,0.832663,-86.1864,-4.876333,-81.310067,16.262013,81.310067,-0.269332,-0.254094,25
44,sprungantwort_PAN_-5deg_20260622_214117.csv,PAN,14,-5.0,5.0,-,0.86463,-86.3004,-4.876333,-81.424067,16.284813,81.424067,-0.269689,-0.254451,26
44,sprungantwort_PAN_-5deg_20260622_214117.csv,PAN,14,-5.0,5.0,-,0.896696,-86.4097,-4.876333,-81.533367,16.306673,81.533367,-0.27003,-0.254792,27
44,sprungantwort_PAN_-5deg_20260622_214117.csv,PAN,14,-5.0,5.0,-,0.92818,-86.4574,-4.876333,-81.581067,16.316213,81.581067,-0.270179,-0.254941,28
44,sprungantwort_PAN_-5deg_20260622_214117.csv,PAN,14,-5.0,5.0,-,0.961227,-86.4613,-4.876333,-81.584967,16.316993,81.584967,-0.270191,-0.254953,29
44,sprungantwort_PAN_-5deg_20260622_214117.csv,PAN,14,-5.0,5.0,-,0.992188,-86.4992,-4.876333,-81.622867,16.324573,81.622867,-0.27031,-0.255072,30
44,sprungantwort_PAN_-5deg_20260622_214117.csv,PAN,14,-5.0,5.0,-,1.024199,-86.5131,-4.876333,-81.636767,16.327353,81.636767,-0.270353,-0.255115,31
44,sprungantwort_PAN_-5deg_20260622_214117.csv,PAN,14,-5.0,5.0,-,1.056708,-86.5006,-4.876333,-81.624267,16.324853,81.624267,-0.270314,-0.255076,32
44,sprungantwort_PAN_-5deg_20260622_214117.csv,PAN,14,-5.0,5.0,-,1.088706,-86.5022,-4.876333,-81.625867,16.325173,81.625867,-0.270319,-0.255081,33
44,sprungantwort_PAN_-5deg_20260622_214117.csv,PAN,14,-5.0,5.0,-,1.136079,-86.478,-4.876333,-81.601667,16.320333,81.601667,-0.270244,-0.255006,34
44,sprungantwort_PAN_-5deg_20260622_214117.csv,PAN,14,-5.0,5.0,-,1.168906,-86.5022,-4.876333,-81.625867,16.325173,81.625867,-0.270319,-0.255081,35
45,sprungantwort_PAN_-5deg_20260622_214117.csv,PAN,15,5.0,5.0,+,0.0,-86.0852,-86.268011,0.182811,0.036562,0.182811,-0.269016,0.000572,0
45,sprungantwort_PAN_-5deg_20260622_214117.csv,PAN,15,5.0,5.0,+,0.031087,-86.1229,-86.268011,0.145111,0.029022,0.145111,-0.269134,0.000454,1
45,sprungantwort_PAN_-5deg_20260622_214117.csv,PAN,15,5.0,5.0,+,0.064073,-86.106,-86.268011,0.162011,0.032402,0.162011,-0.269081,0.000507,2
45,sprungantwort_PAN_-5deg_20260622_214117.csv,PAN,15,5.0,5.0,+,0.096074,-54.4863,-86.268011,31.781711,6.356342,31.781711,-0.17027,0.099318,3
45,sprungantwort_PAN_-5deg_20260622_214117.csv,PAN,15,5.0,5.0,+,0.128048,-4.2641,-86.268011,82.003911,16.400782,82.003911,-0.013325,0.256263,4
45,sprungantwort_PAN_-5deg_20260622_214117.csv,PAN,15,5.0,5.0,+,0.159581,-3.9099,-86.268011,82.358111,16.471622,82.358111,-0.012218,0.25737,5
45,sprungantwort_PAN_-5deg_20260622_214117.csv,PAN,15,5.0,5.0,+,0.191577,-3.8643,-86.268011,82.403711,16.480742,82.403711,-0.012076,0.257512,6
45,sprungantwort_PAN_-5deg_20260622_214117.csv,PAN,15,5.0,5.0,+,0.239092,-3.8208,-86.268011,82.447211,16.489442,82.447211,-0.01194,0.257648,7
45,sprungantwort_PAN_-5deg_20260622_214117.csv,PAN,15,5.0,5.0,+,0.272097,-3.8625,-86.268011,82.405511,16.481102,82.405511,-0.01207,0.257518,8
45,sprungantwort_PAN_-5deg_20260622_214117.csv,PAN,15,5.0,5.0,+,0.30311,-3.8457,-86.268011,82.422311,16.484462,82.422311,-0.012018,0.25757,9
45,sprungantwort_PAN_-5deg_20260622_214117.csv,PAN,15,5.0,5.0,+,0.334663,-3.8992,-86.268011,82.368811,16.473762,82.368811,-0.012185,0.257403,10
45,sprungantwort_PAN_-5deg_20260622_214117.csv,PAN,15,5.0,5.0,+,0.367554,-3.8884,-86.268011,82.379611,16.475922,82.379611,-0.012151,0.257437,11
45,sprungantwort_PAN_-5deg_20260622_214117.csv,PAN,15,5.0,5.0,+,0.398707,-3.9266,-86.268011,82.341411,16.468282,82.341411,-0.012271,0.257317,12
45,sprungantwort_PAN_-5deg_20260622_214117.csv,PAN,15,5.0,5.0,+,0.431111,-4.0169,-86.268011,82.251111,16.450222,82.251111,-0.012553,0.257035,13
45,sprungantwort_PAN_-5deg_20260622_214117.csv,PAN,15,5.0,5.0,+,0.464122,-4.0545,-86.268011,82.213511,16.442702,82.213511,-0.01267,0.256918,14
45,sprungantwort_PAN_-5deg_20260622_214117.csv,PAN,15,5.0,5.0,+,0.49543,-4.0769,-86.268011,82.191111,16.438222,82.191111,-0.01274,0.256848,15
45,sprungantwort_PAN_-5deg_20260622_214117.csv,PAN,15,5.0,5.0,+,0.527123,-4.0682,-86.268011,82.199811,16.439962,82.199811,-0.012713,0.256875,16
45,sprungantwort_PAN_-5deg_20260622_214117.csv,PAN,15,5.0,5.0,+,0.559619,-4.113,-86.268011,82.155011,16.431002,82.155011,-0.012853,0.256735,17
45,sprungantwort_PAN_-5deg_20260622_214117.csv,PAN,15,5.0,5.0,+,0.592658,-4.1621,-86.268011,82.105911,16.421182,82.105911,-0.013006,0.256582,18
45,sprungantwort_PAN_-5deg_20260622_214117.csv,PAN,15,5.0,5.0,+,0.639128,-4.1873,-86.268011,82.080711,16.416142,82.080711,-0.013085,0.256503,19
45,sprungantwort_PAN_-5deg_20260622_214117.csv,PAN,15,5.0,5.0,+,0.671132,-4.2131,-86.268011,82.054911,16.410982,82.054911,-0.013166,0.256422,20
45,sprungantwort_PAN_-5deg_20260622_214117.csv,PAN,15,5.0,5.0,+,0.704138,-4.2958,-86.268011,81.972211,16.394442,81.972211,-0.013425,0.256163,21
45,sprungantwort_PAN_-5deg_20260622_214117.csv,PAN,15,5.0,5.0,+,0.735655,-4.4801,-86.268011,81.787911,16.357582,81.787911,-0.014,0.255588,22
45,sprungantwort_PAN_-5deg_20260622_214117.csv,PAN,15,5.0,5.0,+,0.768181,-4.6133,-86.268011,81.654711,16.330942,81.654711,-0.014417,0.255171,23
45,sprungantwort_PAN_-5deg_20260622_214117.csv,PAN,15,5.0,5.0,+,0.800243,-4.7117,-86.268011,81.556311,16.311262,81.556311,-0.014724,0.254864,24
45,sprungantwort_PAN_-5deg_20260622_214117.csv,PAN,15,5.0,5.0,+,0.831653,-4.81,-86.268011,81.458011,16.291602,81.458011,-0.015031,0.254557,25
45,sprungantwort_PAN_-5deg_20260622_214117.csv,PAN,15,5.0,5.0,+,0.86359,-4.9003,-86.268011,81.367711,16.273542,81.367711,-0.015314,0.254274,26
45,sprungantwort_PAN_-5deg_20260622_214117.csv,PAN,15,5.0,5.0,+,0.895601,-4.9294,-86.268011,81.338611,16.267722,81.338611,-0.015404,0.254184,27
45,sprungantwort_PAN_-5deg_20260622_214117.csv,PAN,15,5.0,5.0,+,0.927589,-4.9195,-86.268011,81.348511,16.269702,81.348511,-0.015373,0.254215,28
45,sprungantwort_PAN_-5deg_20260622_214117.csv,PAN,15,5.0,5.0,+,0.96005,-4.8728,-86.268011,81.395211,16.279042,81.395211,-0.015227,0.254361,29
45,sprungantwort_PAN_-5deg_20260622_214117.csv,PAN,15,5.0,5.0,+,0.991103,-4.8798,-86.268011,81.388211,16.277642,81.388211,-0.015249,0.254339,30
45,sprungantwort_PAN_-5deg_20260622_214117.csv,PAN,15,5.0,5.0,+,1.039578,-4.8476,-86.268011,81.420411,16.284082,81.420411,-0.015149,0.254439,31
45,sprungantwort_PAN_-5deg_20260622_214117.csv,PAN,15,5.0,5.0,+,1.071474,-4.8336,-86.268011,81.434411,16.286882,81.434411,-0.015105,0.254483,32
45,sprungantwort_PAN_-5deg_20260622_214117.csv,PAN,15,5.0,5.0,+,1.103574,-4.8087,-86.268011,81.459311,16.291862,81.459311,-0.015027,0.254561,33
45,sprungantwort_PAN_-5deg_20260622_214117.csv,PAN,15,5.0,5.0,+,1.136141,-4.8431,-86.268011,81.424911,16.284982,81.424911,-0.015135,0.254453,34
45,sprungantwort_PAN_-5deg_20260622_214117.csv,PAN,15,5.0,5.0,+,1.168038,-4.8652,-86.268011,81.402811,16.280562,81.402811,-0.015204,0.254384,35
45,sprungantwort_PAN_-5deg_20260622_214117.csv,PAN,15,5.0,5.0,+,1.1991,-4.9518,-86.268011,81.316211,16.263242,81.316211,-0.015474,0.254114,36
46,sprungantwort_PAN_-5deg_20260622_214117.csv,PAN,16,-5.0,5.0,-,0.0,-4.9516,-4.96338,0.01178,-0.002356,-0.01178,-0.015474,3.7e-05,0
46,sprungantwort_PAN_-5deg_20260622_214117.csv,PAN,16,-5.0,5.0,-,0.031128,-4.938,-4.96338,0.02538,-0.005076,-0.02538,-0.015431,8e-05,1
46,sprungantwort_PAN_-5deg_20260622_214117.csv,PAN,16,-5.0,5.0,-,0.079632,-5.7501,-4.96338,-0.78672,0.157344,0.78672,-0.017969,-0.002458,2
46,sprungantwort_PAN_-5deg_20260622_214117.csv,PAN,16,-5.0,5.0,-,0.111629,-61.3885,-4.96338,-56.42512,11.285024,56.42512,-0.191839,-0.176328,3
46,sprungantwort_PAN_-5deg_20260622_214117.csv,PAN,16,-5.0,5.0,-,0.143505,-89.8871,-4.96338,-84.92372,16.984744,84.92372,-0.280897,-0.265386,4
46,sprungantwort_PAN_-5deg_20260622_214117.csv,PAN,16,-5.0,5.0,-,0.175119,-89.6768,-4.96338,-84.71342,16.942684,84.71342,-0.28024,-0.264729,5
46,sprungantwort_PAN_-5deg_20260622_214117.csv,PAN,16,-5.0,5.0,-,0.207047,-90.1339,-4.96338,-85.17052,17.034104,85.17052,-0.281668,-0.266157,6
46,sprungantwort_PAN_-5deg_20260622_214117.csv,PAN,16,-5.0,5.0,-,0.239157,-90.2562,-4.96338,-85.29282,17.058564,85.29282,-0.282051,-0.26654,7
46,sprungantwort_PAN_-5deg_20260622_214117.csv,PAN,16,-5.0,5.0,-,0.271139,-90.2298,-4.96338,-85.26642,17.053284,85.26642,-0.281968,-0.266457,8
46,sprungantwort_PAN_-5deg_20260622_214117.csv,PAN,16,-5.0,5.0,-,0.302985,-90.1894,-4.96338,-85.22602,17.045204,85.22602,-0.281842,-0.266331,9
46,sprungantwort_PAN_-5deg_20260622_214117.csv,PAN,16,-5.0,5.0,-,0.333752,-90.1358,-4.96338,-85.17242,17.034484,85.17242,-0.281674,-0.266163,10
46,sprungantwort_PAN_-5deg_20260622_214117.csv,PAN,16,-5.0,5.0,-,0.367299,-90.0852,-4.96338,-85.12182,17.024364,85.12182,-0.281516,-0.266005,11
46,sprungantwort_PAN_-5deg_20260622_214117.csv,PAN,16,-5.0,5.0,-,0.398805,-90.076,-4.96338,-85.11262,17.022524,85.11262,-0.281488,-0.265977,12
46,sprungantwort_PAN_-5deg_20260622_214117.csv,PAN,16,-5.0,5.0,-,0.430789,-90.0863,-4.96338,-85.12292,17.024584,85.12292,-0.28152,-0.266009,13
46,sprungantwort_PAN_-5deg_20260622_214117.csv,PAN,16,-5.0,5.0,-,0.479325,-90.103,-4.96338,-85.13962,17.027924,85.13962,-0.281572,-0.266061,14
46,sprungantwort_PAN_-5deg_20260622_214117.csv,PAN,16,-5.0,5.0,-,0.511325,-90.1958,-4.96338,-85.23242,17.046484,85.23242,-0.281862,-0.266351,15
46,sprungantwort_PAN_-5deg_20260622_214117.csv,PAN,16,-5.0,5.0,-,0.543415,-90.22,-4.96338,-85.25662,17.051324,85.25662,-0.281938,-0.266427,16
46,sprungantwort_PAN_-5deg_20260622_214117.csv,PAN,16,-5.0,5.0,-,0.574867,-90.264,-4.96338,-85.30062,17.060124,85.30062,-0.282075,-0.266564,17
46,sprungantwort_PAN_-5deg_20260622_214117.csv,PAN,16,-5.0,5.0,-,0.606754,-90.3106,-4.96338,-85.34722,17.069444,85.34722,-0.282221,-0.26671,18
46,sprungantwort_PAN_-5deg_20260622_214117.csv,PAN,16,-5.0,5.0,-,0.639865,-90.302,-4.96338,-85.33862,17.067724,85.33862,-0.282194,-0.266683,19
46,sprungantwort_PAN_-5deg_20260622_214117.csv,PAN,16,-5.0,5.0,-,0.671395,-90.3503,-4.96338,-85.38692,17.077384,85.38692,-0.282345,-0.266834,20
46,sprungantwort_PAN_-5deg_20260622_214117.csv,PAN,16,-5.0,5.0,-,0.702357,-90.3636,-4.96338,-85.40022,17.080044,85.40022,-0.282386,-0.266875,21
46,sprungantwort_PAN_-5deg_20260622_214117.csv,PAN,16,-5.0,5.0,-,0.735373,-90.3619,-4.96338,-85.39852,17.079704,85.39852,-0.282381,-0.26687,22
46,sprungantwort_PAN_-5deg_20260622_214117.csv,PAN,16,-5.0,5.0,-,0.767369,-90.4338,-4.96338,-85.47042,17.094084,85.47042,-0.282606,-0.267095,23
46,sprungantwort_PAN_-5deg_20260622_214117.csv,PAN,16,-5.0,5.0,-,0.79887,-90.4357,-4.96338,-85.47232,17.094464,85.47232,-0.282611,-0.2671,24
46,sprungantwort_PAN_-5deg_20260622_214117.csv,PAN,16,-5.0,5.0,-,0.831119,-90.4781,-4.96338,-85.51472,17.102944,85.51472,-0.282744,-0.267233,25
46,sprungantwort_PAN_-5deg_20260622_214117.csv,PAN,16,-5.0,5.0,-,0.878759,-90.5063,-4.96338,-85.54292,17.108584,85.54292,-0.282832,-0.267321,26
46,sprungantwort_PAN_-5deg_20260622_214117.csv,PAN,16,-5.0,5.0,-,0.910649,-90.509,-4.96338,-85.54562,17.109124,85.54562,-0.28284,-0.267329,27
46,sprungantwort_PAN_-5deg_20260622_214117.csv,PAN,16,-5.0,5.0,-,0.942554,-90.5293,-4.96338,-85.56592,17.113184,85.56592,-0.282904,-0.267393,28
46,sprungantwort_PAN_-5deg_20260622_214117.csv,PAN,16,-5.0,5.0,-,0.975429,-90.5185,-4.96338,-85.55512,17.111024,85.55512,-0.28287,-0.267359,29
46,sprungantwort_PAN_-5deg_20260622_214117.csv,PAN,16,-5.0,5.0,-,1.007465,-90.5322,-4.96338,-85.56882,17.113764,85.56882,-0.282913,-0.267402,30
46,sprungantwort_PAN_-5deg_20260622_214117.csv,PAN,16,-5.0,5.0,-,1.038337,-90.5481,-4.96338,-85.58472,17.116944,85.58472,-0.282963,-0.267452,31
46,sprungantwort_PAN_-5deg_20260622_214117.csv,PAN,16,-5.0,5.0,-,1.070393,-90.5188,-4.96338,-85.55542,17.111084,85.55542,-0.282871,-0.26736,32
46,sprungantwort_PAN_-5deg_20260622_214117.csv,PAN,16,-5.0,5.0,-,1.103292,-90.5066,-4.96338,-85.54322,17.108644,85.54322,-0.282833,-0.267322,33
46,sprungantwort_PAN_-5deg_20260622_214117.csv,PAN,16,-5.0,5.0,-,1.134911,-90.5115,-4.96338,-85.54812,17.109624,85.54812,-0.282849,-0.267338,34
46,sprungantwort_PAN_-5deg_20260622_214117.csv,PAN,16,-5.0,5.0,-,1.166921,-90.5092,-4.96338,-85.54582,17.109164,85.54582,-0.282841,-0.26733,35
47,sprungantwort_PAN_-5deg_20260622_214117.csv,PAN,17,5.0,5.0,+,0.0,-90.3394,-90.380222,0.040822,0.008164,0.040822,-0.282311,0.000127,0
47,sprungantwort_PAN_-5deg_20260622_214117.csv,PAN,17,5.0,5.0,+,0.032669,-90.302,-90.380222,0.078222,0.015644,0.078222,-0.282194,0.000244,1
47,sprungantwort_PAN_-5deg_20260622_214117.csv,PAN,17,5.0,5.0,+,0.064435,-90.292,-90.380222,0.088222,0.017644,0.088222,-0.282162,0.000276,2
47,sprungantwort_PAN_-5deg_20260622_214117.csv,PAN,17,5.0,5.0,+,0.095542,-84.5103,-90.380222,5.869922,1.173984,5.869922,-0.264095,0.018343,3
47,sprungantwort_PAN_-5deg_20260622_214117.csv,PAN,17,5.0,5.0,+,0.128052,-20.8668,-90.380222,69.513422,13.902684,69.513422,-0.065209,0.217229,4
47,sprungantwort_PAN_-5deg_20260622_214117.csv,PAN,17,5.0,5.0,+,0.160059,-9.9114,-90.380222,80.468822,16.093764,80.468822,-0.030973,0.251465,5
47,sprungantwort_PAN_-5deg_20260622_214117.csv,PAN,17,5.0,5.0,+,0.192534,-9.8441,-90.380222,80.536122,16.107224,80.536122,-0.030763,0.251675,6
47,sprungantwort_PAN_-5deg_20260622_214117.csv,PAN,17,5.0,5.0,+,0.224281,-9.8822,-90.380222,80.498022,16.099604,80.498022,-0.030882,0.251556,7
47,sprungantwort_PAN_-5deg_20260622_214117.csv,PAN,17,5.0,5.0,+,0.255477,-9.8886,-90.380222,80.491622,16.098324,80.491622,-0.030902,0.251536,8
47,sprungantwort_PAN_-5deg_20260622_214117.csv,PAN,17,5.0,5.0,+,0.288049,-9.9387,-90.380222,80.441522,16.088304,80.441522,-0.031058,0.25138,9
47,sprungantwort_PAN_-5deg_20260622_214117.csv,PAN,17,5.0,5.0,+,0.320079,-9.9238,-90.380222,80.456422,16.091284,80.456422,-0.031012,0.251426,10
47,sprungantwort_PAN_-5deg_20260622_214117.csv,PAN,17,5.0,5.0,+,0.36862,-9.9385,-90.380222,80.441722,16.088344,80.441722,-0.031058,0.25138,11
47,sprungantwort_PAN_-5deg_20260622_214117.csv,PAN,17,5.0,5.0,+,0.400764,-9.929,-90.380222,80.451222,16.090244,80.451222,-0.031028,0.25141,12
47,sprungantwort_PAN_-5deg_20260622_214117.csv,PAN,17,5.0,5.0,+,0.431753,-9.8853,-90.380222,80.494922,16.098984,80.494922,-0.030892,0.251546,13
47,sprungantwort_PAN_-5deg_20260622_214117.csv,PAN,17,5.0,5.0,+,0.465249,-9.895,-90.380222,80.485222,16.097044,80.485222,-0.030922,0.251516,14
47,sprungantwort_PAN_-5deg_20260622_214117.csv,PAN,17,5.0,5.0,+,0.497243,-9.9174,-90.380222,80.462822,16.092564,80.462822,-0.030992,0.251446,15
47,sprungantwort_PAN_-5deg_20260622_214117.csv,PAN,17,5.0,5.0,+,0.528233,-9.9929,-90.380222,80.387322,16.077464,80.387322,-0.031228,0.25121,16
47,sprungantwort_PAN_-5deg_20260622_214117.csv,PAN,17,5.0,5.0,+,0.560248,-10.0474,-90.380222,80.332822,16.066564,80.332822,-0.031398,0.25104,17
47,sprungantwort_PAN_-5deg_20260622_214117.csv,PAN,17,5.0,5.0,+,0.59276,-9.9733,-90.380222,80.406922,16.081384,80.406922,-0.031166,0.251272,18
47,sprungantwort_PAN_-5deg_20260622_214117.csv,PAN,17,5.0,5.0,+,0.624673,-9.9829,-90.380222,80.397322,16.079464,80.397322,-0.031196,0.251242,19
47,sprungantwort_PAN_-5deg_20260622_214117.csv,PAN,17,5.0,5.0,+,0.656779,-9.9641,-90.380222,80.416122,16.083224,80.416122,-0.031138,0.2513,20
47,sprungantwort_PAN_-5deg_20260622_214117.csv,PAN,17,5.0,5.0,+,0.689002,-9.8739,-90.380222,80.506322,16.101264,80.506322,-0.030856,0.251582,21
47,sprungantwort_PAN_-5deg_20260622_214117.csv,PAN,17,5.0,5.0,+,0.720005,-9.8298,-90.380222,80.550422,16.110084,80.550422,-0.030718,0.25172,22
47,sprungantwort_PAN_-5deg_20260622_214117.csv,PAN,17,5.0,5.0,+,0.767526,-9.684,-90.380222,80.696222,16.139244,80.696222,-0.030263,0.252175,23
47,sprungantwort_PAN_-5deg_20260622_214117.csv,PAN,17,5.0,5.0,+,0.799538,-9.6042,-90.380222,80.776022,16.155204,80.776022,-0.030013,0.252425,24
47,sprungantwort_PAN_-5deg_20260622_214117.csv,PAN,17,5.0,5.0,+,0.83251,-9.4467,-90.380222,80.933522,16.186704,80.933522,-0.029521,0.252917,25
47,sprungantwort_PAN_-5deg_20260622_214117.csv,PAN,17,5.0,5.0,+,0.864702,-9.2832,-90.380222,81.097022,16.219404,81.097022,-0.02901,0.253428,26
47,sprungantwort_PAN_-5deg_20260622_214117.csv,PAN,17,5.0,5.0,+,0.89681,-9.0556,-90.380222,81.324622,16.264924,81.324622,-0.028299,0.254139,27
47,sprungantwort_PAN_-5deg_20260622_214117.csv,PAN,17,5.0,5.0,+,0.927747,-8.9075,-90.380222,81.472722,16.294544,81.472722,-0.027836,0.254602,28
47,sprungantwort_PAN_-5deg_20260622_214117.csv,PAN,17,5.0,5.0,+,0.960831,-8.5431,-90.380222,81.837122,16.367424,81.837122,-0.026697,0.255741,29
47,sprungantwort_PAN_-5deg_20260622_214117.csv,PAN,17,5.0,5.0,+,0.993321,-8.0443,-90.380222,82.335922,16.467184,82.335922,-0.025138,0.2573,30
47,sprungantwort_PAN_-5deg_20260622_214117.csv,PAN,17,5.0,5.0,+,1.024331,-7.6426,-90.380222,82.737622,16.547524,82.737622,-0.023883,0.258555,31
47,sprungantwort_PAN_-5deg_20260622_214117.csv,PAN,17,5.0,5.0,+,1.057333,-7.2234,-90.380222,83.156822,16.631364,83.156822,-0.022573,0.259865,32
47,sprungantwort_PAN_-5deg_20260622_214117.csv,PAN,17,5.0,5.0,+,1.087849,-7.2421,-90.380222,83.138122,16.627624,83.138122,-0.022632,0.259806,33
47,sprungantwort_PAN_-5deg_20260622_214117.csv,PAN,17,5.0,5.0,+,1.120634,-7.5726,-90.380222,82.807622,16.561524,82.807622,-0.023664,0.258774,34
47,sprungantwort_PAN_-5deg_20260622_214117.csv,PAN,17,5.0,5.0,+,1.168152,-7.8124,-90.380222,82.567822,16.513564,82.567822,-0.024414,0.258024,35
48,sprungantwort_PAN_-5deg_20260622_214117.csv,PAN,18,-5.0,5.0,-,0.0,-9.7599,-9.316389,-0.443511,0.088702,0.443511,-0.0305,-0.001386,0
48,sprungantwort_PAN_-5deg_20260622_214117.csv,PAN,18,-5.0,5.0,-,0.032489,-9.8191,-9.316389,-0.502711,0.100542,0.502711,-0.030685,-0.001571,1
48,sprungantwort_PAN_-5deg_20260622_214117.csv,PAN,18,-5.0,5.0,-,0.064265,-11.4712,-9.316389,-2.154811,0.430962,2.154811,-0.035847,-0.006733,2
48,sprungantwort_PAN_-5deg_20260622_214117.csv,PAN,18,-5.0,5.0,-,0.095781,-70.7419,-9.316389,-61.425511,12.285102,61.425511,-0.221069,-0.191955,3
48,sprungantwort_PAN_-5deg_20260622_214117.csv,PAN,18,-5.0,5.0,-,0.128777,-92.4172,-9.316389,-83.100811,16.620162,83.100811,-0.288804,-0.25969,4
48,sprungantwort_PAN_-5deg_20260622_214117.csv,PAN,18,-5.0,5.0,-,0.160783,-91.9023,-9.316389,-82.585911,16.517182,82.585911,-0.287195,-0.258081,5
48,sprungantwort_PAN_-5deg_20260622_214117.csv,PAN,18,-5.0,5.0,-,0.193133,-91.8172,-9.316389,-82.500811,16.500162,82.500811,-0.286929,-0.257815,6
48,sprungantwort_PAN_-5deg_20260622_214117.csv,PAN,18,-5.0,5.0,-,0.224305,-91.9326,-9.316389,-82.616211,16.523242,82.616211,-0.287289,-0.258175,7
48,sprungantwort_PAN_-5deg_20260622_214117.csv,PAN,18,-5.0,5.0,-,0.272507,-91.8774,-9.316389,-82.561011,16.512202,82.561011,-0.287117,-0.258003,8
48,sprungantwort_PAN_-5deg_20260622_214117.csv,PAN,18,-5.0,5.0,-,0.304512,-91.8532,-9.316389,-82.536811,16.507362,82.536811,-0.287041,-0.257927,9
48,sprungantwort_PAN_-5deg_20260622_214117.csv,PAN,18,-5.0,5.0,-,0.336492,-91.9265,-9.316389,-82.610111,16.522022,82.610111,-0.28727,-0.258156,10
48,sprungantwort_PAN_-5deg_20260622_214117.csv,PAN,18,-5.0,5.0,-,0.368509,-92.0133,-9.316389,-82.696911,16.539382,82.696911,-0.287541,-0.258427,11
48,sprungantwort_PAN_-5deg_20260622_214117.csv,PAN,18,-5.0,5.0,-,0.399758,-92.0373,-9.316389,-82.720911,16.544182,82.720911,-0.287617,-0.258503,12
48,sprungantwort_PAN_-5deg_20260622_214117.csv,PAN,18,-5.0,5.0,-,0.431772,-92.0977,-9.316389,-82.781311,16.556262,82.781311,-0.287805,-0.258691,13
48,sprungantwort_PAN_-5deg_20260622_214117.csv,PAN,18,-5.0,5.0,-,0.463774,-92.1663,-9.316389,-82.849911,16.569982,82.849911,-0.28802,-0.258906,14
48,sprungantwort_PAN_-5deg_20260622_214117.csv,PAN,18,-5.0,5.0,-,0.496285,-92.2132,-9.316389,-82.896811,16.579362,82.896811,-0.288166,-0.259052,15
48,sprungantwort_PAN_-5deg_20260622_214117.csv,PAN,18,-5.0,5.0,-,0.528301,-92.2083,-9.316389,-82.891911,16.578382,82.891911,-0.288151,-0.259037,16
48,sprungantwort_PAN_-5deg_20260622_214117.csv,PAN,18,-5.0,5.0,-,0.559835,-92.2012,-9.316389,-82.884811,16.576962,82.884811,-0.288129,-0.259015,17
48,sprungantwort_PAN_-5deg_20260622_214117.csv,PAN,18,-5.0,5.0,-,0.592447,-92.2179,-9.316389,-82.901511,16.580302,82.901511,-0.288181,-0.259067,18
48,sprungantwort_PAN_-5deg_20260622_214117.csv,PAN,18,-5.0,5.0,-,0.623432,-92.2663,-9.316389,-82.949911,16.589982,82.949911,-0.288332,-0.259218,19
48,sprungantwort_PAN_-5deg_20260622_214117.csv,PAN,18,-5.0,5.0,-,0.671707,-92.3499,-9.316389,-83.033511,16.606702,83.033511,-0.288593,-0.259479,20
48,sprungantwort_PAN_-5deg_20260622_214117.csv,PAN,18,-5.0,5.0,-,0.70497,-92.3572,-9.316389,-83.040811,16.608162,83.040811,-0.288616,-0.259502,21
48,sprungantwort_PAN_-5deg_20260622_214117.csv,PAN,18,-5.0,5.0,-,0.736995,-92.3518,-9.316389,-83.035411,16.607082,83.035411,-0.288599,-0.259485,22
48,sprungantwort_PAN_-5deg_20260622_214117.csv,PAN,18,-5.0,5.0,-,0.768967,-92.4075,-9.316389,-83.091111,16.618222,83.091111,-0.288773,-0.259659,23
48,sprungantwort_PAN_-5deg_20260622_214117.csv,PAN,18,-5.0,5.0,-,0.80048,-92.3964,-9.316389,-83.080011,16.616002,83.080011,-0.288739,-0.259625,24
48,sprungantwort_PAN_-5deg_20260622_214117.csv,PAN,18,-5.0,5.0,-,0.832428,-92.4176,-9.316389,-83.101211,16.620242,83.101211,-0.288805,-0.259691,25
48,sprungantwort_PAN_-5deg_20260622_214117.csv,PAN,18,-5.0,5.0,-,0.863492,-92.4411,-9.316389,-83.124711,16.624942,83.124711,-0.288878,-0.259764,26
48,sprungantwort_PAN_-5deg_20260622_214117.csv,PAN,18,-5.0,5.0,-,0.895902,-92.4766,-9.316389,-83.160211,16.632042,83.160211,-0.288989,-0.259875,27
48,sprungantwort_PAN_-5deg_20260622_214117.csv,PAN,18,-5.0,5.0,-,0.928999,-92.4782,-9.316389,-83.161811,16.632362,83.161811,-0.288994,-0.25988,28
48,sprungantwort_PAN_-5deg_20260622_214117.csv,PAN,18,-5.0,5.0,-,0.960058,-92.4882,-9.316389,-83.171811,16.634362,83.171811,-0.289026,-0.259912,29
48,sprungantwort_PAN_-5deg_20260622_214117.csv,PAN,18,-5.0,5.0,-,0.99152,-92.4662,-9.316389,-83.149811,16.629962,83.149811,-0.288957,-0.259843,30
48,sprungantwort_PAN_-5deg_20260622_214117.csv,PAN,18,-5.0,5.0,-,1.023513,-92.4521,-9.316389,-83.135711,16.627142,83.135711,-0.288913,-0.259799,31
48,sprungantwort_PAN_-5deg_20260622_214117.csv,PAN,18,-5.0,5.0,-,1.073157,-92.4607,-9.316389,-83.144311,16.628862,83.144311,-0.28894,-0.259826,32
48,sprungantwort_PAN_-5deg_20260622_214117.csv,PAN,18,-5.0,5.0,-,1.104215,-92.4683,-9.316389,-83.151911,16.630382,83.151911,-0.288964,-0.25985,33
48,sprungantwort_PAN_-5deg_20260622_214117.csv,PAN,18,-5.0,5.0,-,1.136157,-92.4254,-9.316389,-83.109011,16.621802,83.109011,-0.288829,-0.259715,34
48,sprungantwort_PAN_-5deg_20260622_214117.csv,PAN,18,-5.0,5.0,-,1.169132,-92.4523,-9.316389,-83.135911,16.627182,83.135911,-0.288913,-0.259799,35
49,sprungantwort_PAN_-5deg_20260622_214117.csv,PAN,19,5.0,5.0,+,0.0,-92.4522,-92.4645,0.0123,0.00246,0.0123,-0.288913,3.9e-05,0
49,sprungantwort_PAN_-5deg_20260622_214117.csv,PAN,19,5.0,5.0,+,0.029925,-92.4531,-92.4645,0.0114,0.00228,0.0114,-0.288916,3.6e-05,1
49,sprungantwort_PAN_-5deg_20260622_214117.csv,PAN,19,5.0,5.0,+,0.063271,-91.7059,-92.4645,0.7586,0.15172,0.7586,-0.286581,0.002371,2
49,sprungantwort_PAN_-5deg_20260622_214117.csv,PAN,19,5.0,5.0,+,0.095786,-41.61,-92.4645,50.8545,10.1709,50.8545,-0.130031,0.158921,3
49,sprungantwort_PAN_-5deg_20260622_214117.csv,PAN,19,5.0,5.0,+,0.127775,-9.8243,-92.4645,82.6402,16.52804,82.6402,-0.030701,0.258251,4
49,sprungantwort_PAN_-5deg_20260622_214117.csv,PAN,19,5.0,5.0,+,0.175294,-9.943,-92.4645,82.5215,16.5043,82.5215,-0.031072,0.25788,5
49,sprungantwort_PAN_-5deg_20260622_214117.csv,PAN,19,5.0,5.0,+,0.207296,-9.9396,-92.4645,82.5249,16.50498,82.5249,-0.031061,0.257891,6
49,sprungantwort_PAN_-5deg_20260622_214117.csv,PAN,19,5.0,5.0,+,0.239237,-9.9254,-92.4645,82.5391,16.50782,82.5391,-0.031017,0.257935,7
49,sprungantwort_PAN_-5deg_20260622_214117.csv,PAN,19,5.0,5.0,+,0.270716,-9.9619,-92.4645,82.5026,16.50052,82.5026,-0.031131,0.257821,8
49,sprungantwort_PAN_-5deg_20260622_214117.csv,PAN,19,5.0,5.0,+,0.302918,-9.9677,-92.4645,82.4968,16.49936,82.4968,-0.031149,0.257803,9
49,sprungantwort_PAN_-5deg_20260622_214117.csv,PAN,19,5.0,5.0,+,0.335024,-10.0217,-92.4645,82.4428,16.48856,82.4428,-0.031318,0.257634,10
49,sprungantwort_PAN_-5deg_20260622_214117.csv,PAN,19,5.0,5.0,+,0.366926,-10.0471,-92.4645,82.4174,16.48348,82.4174,-0.031397,0.257555,11
49,sprungantwort_PAN_-5deg_20260622_214117.csv,PAN,19,5.0,5.0,+,0.399511,-10.026,-92.4645,82.4385,16.4877,82.4385,-0.031331,0.257621,12
49,sprungantwort_PAN_-5deg_20260622_214117.csv,PAN,19,5.0,5.0,+,0.430665,-10.0214,-92.4645,82.4431,16.48862,82.4431,-0.031317,0.257635,13
49,sprungantwort_PAN_-5deg_20260622_214117.csv,PAN,19,5.0,5.0,+,0.463665,-10.0211,-92.4645,82.4434,16.48868,82.4434,-0.031316,0.257636,14
49,sprungantwort_PAN_-5deg_20260622_214117.csv,PAN,19,5.0,5.0,+,0.496128,-10.0352,-92.4645,82.4293,16.48586,82.4293,-0.03136,0.257592,15
49,sprungantwort_PAN_-5deg_20260622_214117.csv,PAN,19,5.0,5.0,+,0.527212,-10.002,-92.4645,82.4625,16.4925,82.4625,-0.031256,0.257696,16
49,sprungantwort_PAN_-5deg_20260622_214117.csv,PAN,19,5.0,5.0,+,0.575696,-9.9452,-92.4645,82.5193,16.50386,82.5193,-0.031079,0.257873,17
49,sprungantwort_PAN_-5deg_20260622_214117.csv,PAN,19,5.0,5.0,+,0.607713,-9.9262,-92.4645,82.5383,16.50766,82.5383,-0.031019,0.257933,18
49,sprungantwort_PAN_-5deg_20260622_214117.csv,PAN,19,5.0,5.0,+,0.63869,-9.8927,-92.4645,82.5718,16.51436,82.5718,-0.030915,0.258037,19
49,sprungantwort_PAN_-5deg_20260622_214117.csv,PAN,19,5.0,5.0,+,0.671743,-9.9077,-92.4645,82.5568,16.51136,82.5568,-0.030962,0.25799,20
49,sprungantwort_PAN_-5deg_20260622_214117.csv,PAN,19,5.0,5.0,+,0.703346,-9.9298,-92.4645,82.5347,16.50694,82.5347,-0.031031,0.257921,21
49,sprungantwort_PAN_-5deg_20260622_214117.csv,PAN,19,5.0,5.0,+,0.735426,-9.9702,-92.4645,82.4943,16.49886,82.4943,-0.031157,0.257795,22
49,sprungantwort_PAN_-5deg_20260622_214117.csv,PAN,19,5.0,5.0,+,0.767446,-9.9698,-92.4645,82.4947,16.49894,82.4947,-0.031155,0.257797,23
49,sprungantwort_PAN_-5deg_20260622_214117.csv,PAN,19,5.0,5.0,+,0.798946,-10.0089,-92.4645,82.4556,16.49112,82.4556,-0.031278,0.257674,24
49,sprungantwort_PAN_-5deg_20260622_214117.csv,PAN,19,5.0,5.0,+,0.830952,-10.0077,-92.4645,82.4568,16.49136,82.4568,-0.031274,0.257678,25
49,sprungantwort_PAN_-5deg_20260622_214117.csv,PAN,19,5.0,5.0,+,0.862987,-10.0398,-92.4645,82.4247,16.48494,82.4247,-0.031374,0.257578,26
49,sprungantwort_PAN_-5deg_20260622_214117.csv,PAN,19,5.0,5.0,+,0.894452,-10.0798,-92.4645,82.3847,16.47694,82.3847,-0.031499,0.257453,27
49,sprungantwort_PAN_-5deg_20260622_214117.csv,PAN,19,5.0,5.0,+,0.926974,-10.0822,-92.4645,82.3823,16.47646,82.3823,-0.031507,0.257445,28
49,sprungantwort_PAN_-5deg_20260622_214117.csv,PAN,19,5.0,5.0,+,0.975968,-10.0954,-92.4645,82.3691,16.47382,82.3691,-0.031548,0.257404,29
49,sprungantwort_PAN_-5deg_20260622_214117.csv,PAN,19,5.0,5.0,+,1.006965,-10.1527,-92.4645,82.3118,16.46236,82.3118,-0.031727,0.257225,30
49,sprungantwort_PAN_-5deg_20260622_214117.csv,PAN,19,5.0,5.0,+,1.038971,-10.1806,-92.4645,82.2839,16.45678,82.2839,-0.031814,0.257138,31
49,sprungantwort_PAN_-5deg_20260622_214117.csv,PAN,19,5.0,5.0,+,1.070979,-10.1609,-92.4645,82.3036,16.46072,82.3036,-0.031753,0.257199,32
49,sprungantwort_PAN_-5deg_20260622_214117.csv,PAN,19,5.0,5.0,+,1.10342,-10.2051,-92.4645,82.2594,16.45188,82.2594,-0.031891,0.257061,33
49,sprungantwort_PAN_-5deg_20260622_214117.csv,PAN,19,5.0,5.0,+,1.135492,-10.3053,-92.4645,82.1592,16.43184,82.1592,-0.032204,0.256748,34
49,sprungantwort_PAN_-5deg_20260622_214117.csv,PAN,19,5.0,5.0,+,1.167488,-10.3635,-92.4645,82.101,16.4202,82.101,-0.032386,0.256566,35
49,sprungantwort_PAN_-5deg_20260622_214117.csv,PAN,19,5.0,5.0,+,1.198903,-10.3677,-92.4645,82.0968,16.41936,82.0968,-0.032399,0.256553,36
50,sprungantwort_PAN_20deg_20260622_204702.csv,PAN,0,20.0,20.0,+,0.0,11.8333,12.139525,-0.306225,-0.015311,0.306225,0.018489,-0.000479,0
50,sprungantwort_PAN_20deg_20260622_204702.csv,PAN,0,20.0,20.0,+,0.091684,-76.66,12.139525,-88.799525,-4.439976,88.799525,-0.119781,-0.138749,1
50,sprungantwort_PAN_20deg_20260622_204702.csv,PAN,0,20.0,20.0,+,0.189566,57.5409,12.139525,45.401375,2.270069,-45.401375,0.089908,0.07094,2
50,sprungantwort_PAN_20deg_20260622_204702.csv,PAN,0,20.0,20.0,+,0.285708,52.7319,12.139525,40.592375,2.029619,-40.592375,0.082394,0.063426,3
50,sprungantwort_PAN_20deg_20260622_204702.csv,PAN,0,20.0,20.0,+,0.381605,27.4541,12.139525,15.314575,0.765729,-15.314575,0.042897,0.023929,4
50,sprungantwort_PAN_20deg_20260622_204702.csv,PAN,0,20.0,20.0,+,0.478953,-34.6145,12.139525,-46.754025,-2.337701,46.754025,-0.054085,-0.073053,5
50,sprungantwort_PAN_20deg_20260622_204702.csv,PAN,0,20.0,20.0,+,0.573163,-5.4363,12.139525,-17.575825,-0.878791,17.575825,-0.008494,-0.027462,6
50,sprungantwort_PAN_20deg_20260622_204702.csv,PAN,0,20.0,20.0,+,0.670643,-10.969,12.139525,-23.108525,-1.155426,23.108525,-0.017139,-0.036107,7
50,sprungantwort_PAN_20deg_20260622_204702.csv,PAN,0,20.0,20.0,+,0.763081,-14.6235,12.139525,-26.763025,-1.338151,26.763025,-0.022849,-0.041817,8
50,sprungantwort_PAN_20deg_20260622_204702.csv,PAN,0,20.0,20.0,+,0.865776,-16.4308,12.139525,-28.570325,-1.428516,28.570325,-0.025673,-0.044641,9
50,sprungantwort_PAN_20deg_20260622_204702.csv,PAN,0,20.0,20.0,+,0.953488,-15.7748,12.139525,-27.914325,-1.395716,27.914325,-0.024648,-0.043616,10
50,sprungantwort_PAN_20deg_20260622_204702.csv,PAN,0,20.0,20.0,+,1.052873,-15.3125,12.139525,-27.452025,-1.372601,27.452025,-0.023926,-0.042894,11
50,sprungantwort_PAN_20deg_20260622_204702.csv,PAN,0,20.0,20.0,+,1.151896,-14.8475,12.139525,-26.987025,-1.349351,26.987025,-0.023199,-0.042167,12
51,sprungantwort_PAN_20deg_20260622_204702.csv,PAN,1,-20.0,20.0,-,0.0,-14.0491,-14.29715,0.24805,-0.012403,0.24805,-0.021952,0.000387,0
51,sprungantwort_PAN_20deg_20260622_204702.csv,PAN,1,-20.0,20.0,-,0.095461,-146.8868,-14.29715,-132.58965,6.629482,-132.58965,-0.229511,-0.207172,1
51,sprungantwort_PAN_20deg_20260622_204702.csv,PAN,1,-20.0,20.0,-,0.191196,33.119,-14.29715,47.41615,-2.370808,47.41615,0.051748,0.074087,2
51,sprungantwort_PAN_20deg_20260622_204702.csv,PAN,1,-20.0,20.0,-,0.284123,11.7718,-14.29715,26.06895,-1.303448,26.06895,0.018394,0.040733,3
51,sprungantwort_PAN_20deg_20260622_204702.csv,PAN,1,-20.0,20.0,-,0.380308,19.831,-14.29715,34.12815,-1.706407,34.12815,0.030986,0.053325,4
51,sprungantwort_PAN_20deg_20260622_204702.csv,PAN,1,-20.0,20.0,-,0.478659,19.7369,-14.29715,34.03405,-1.701703,34.03405,0.030839,0.053178,5
51,sprungantwort_PAN_20deg_20260622_204702.csv,PAN,1,-20.0,20.0,-,0.573853,19.7536,-14.29715,34.05075,-1.702538,34.05075,0.030865,0.053204,6
51,sprungantwort_PAN_20deg_20260622_204702.csv,PAN,1,-20.0,20.0,-,0.666937,19.8961,-14.29715,34.19325,-1.709662,34.19325,0.031088,0.053427,7
51,sprungantwort_PAN_20deg_20260622_204702.csv,PAN,1,-20.0,20.0,-,0.766393,19.7143,-14.29715,34.01145,-1.700573,34.01145,0.030804,0.053143,8
51,sprungantwort_PAN_20deg_20260622_204702.csv,PAN,1,-20.0,20.0,-,0.867348,19.7838,-14.29715,34.08095,-1.704048,34.08095,0.030912,0.053251,9
51,sprungantwort_PAN_20deg_20260622_204702.csv,PAN,1,-20.0,20.0,-,0.95898,19.8337,-14.29715,34.13085,-1.706542,34.13085,0.03099,0.053329,10
51,sprungantwort_PAN_20deg_20260622_204702.csv,PAN,1,-20.0,20.0,-,1.052724,19.8953,-14.29715,34.19245,-1.709622,34.19245,0.031086,0.053425,11
51,sprungantwort_PAN_20deg_20260622_204702.csv,PAN,1,-20.0,20.0,-,1.150936,19.9707,-14.29715,34.26785,-1.713392,34.26785,0.031204,0.053543,12
52,sprungantwort_PAN_20deg_20260622_204702.csv,PAN,2,20.0,20.0,+,0.0,19.6961,20.283425,-0.587325,-0.029366,0.587325,0.030775,-0.000918,0
52,sprungantwort_PAN_20deg_20260622_204702.csv,PAN,2,20.0,20.0,+,0.092503,3.3328,20.283425,-16.950625,-0.847531,16.950625,0.005207,-0.026486,1
52,sprungantwort_PAN_20deg_20260622_204702.csv,PAN,2,20.0,20.0,+,0.190157,-56.5109,20.283425,-76.794325,-3.839716,76.794325,-0.088298,-0.119991,2
52,sprungantwort_PAN_20deg_20260622_204702.csv,PAN,2,20.0,20.0,+,0.284047,-19.5242,20.283425,-39.807625,-1.990381,39.807625,-0.030507,-0.0622,3
52,sprungantwort_PAN_20deg_20260622_204702.csv,PAN,2,20.0,20.0,+,0.380302,-18.1928,20.283425,-38.476225,-1.923811,38.476225,-0.028426,-0.060119,4
52,sprungantwort_PAN_20deg_20260622_204702.csv,PAN,2,20.0,20.0,+,0.477138,-18.1716,20.283425,-38.455025,-1.922751,38.455025,-0.028393,-0.060086,5
52,sprungantwort_PAN_20deg_20260622_204702.csv,PAN,2,20.0,20.0,+,0.574504,-18.1266,20.283425,-38.410025,-1.920501,38.410025,-0.028323,-0.060016,6
52,sprungantwort_PAN_20deg_20260622_204702.csv,PAN,2,20.0,20.0,+,0.668179,-18.0411,20.283425,-38.324525,-1.916226,38.324525,-0.028189,-0.059882,7
52,sprungantwort_PAN_20deg_20260622_204702.csv,PAN,2,20.0,20.0,+,0.763437,-17.9878,20.283425,-38.271225,-1.913561,38.271225,-0.028106,-0.059799,8
52,sprungantwort_PAN_20deg_20260622_204702.csv,PAN,2,20.0,20.0,+,0.859161,-18.037,20.283425,-38.320425,-1.916021,38.320425,-0.028183,-0.059876,9
52,sprungantwort_PAN_20deg_20260622_204702.csv,PAN,2,20.0,20.0,+,0.954999,-17.803,20.283425,-38.086425,-1.904321,38.086425,-0.027817,-0.05951,10
52,sprungantwort_PAN_20deg_20260622_204702.csv,PAN,2,20.0,20.0,+,1.055519,-17.7532,20.283425,-38.036625,-1.901831,38.036625,-0.027739,-0.059432,11
52,sprungantwort_PAN_20deg_20260622_204702.csv,PAN,2,20.0,20.0,+,1.148935,-17.7234,20.283425,-38.006825,-1.900341,38.006825,-0.027693,-0.059386,12
53,sprungantwort_PAN_20deg_20260622_204702.csv,PAN,3,-20.0,20.0,-,0.0,-17.437,-17.47055,0.03355,-0.001677,0.03355,-0.027245,5.3e-05,0
53,sprungantwort_PAN_20deg_20260622_204702.csv,PAN,3,-20.0,20.0,-,0.0968,-142.0007,-17.47055,-124.53015,6.226507,-124.53015,-0.221876,-0.194578,1
53,sprungantwort_PAN_20deg_20260622_204702.csv,PAN,3,-20.0,20.0,-,0.190587,32.7332,-17.47055,50.20375,-2.510188,50.20375,0.051146,0.078444,2
53,sprungantwort_PAN_20deg_20260622_204702.csv,PAN,3,-20.0,20.0,-,0.285737,11.5966,-17.47055,29.06715,-1.453357,29.06715,0.01812,0.045418,3
53,sprungantwort_PAN_20deg_20260622_204702.csv,PAN,3,-20.0,20.0,-,0.384887,11.9484,-17.47055,29.41895,-1.470947,29.41895,0.018669,0.045967,4
53,sprungantwort_PAN_20deg_20260622_204702.csv,PAN,3,-20.0,20.0,-,0.480327,19.6192,-17.47055,37.08975,-1.854487,37.08975,0.030655,0.057953,5
53,sprungantwort_PAN_20deg_20260622_204702.csv,PAN,3,-20.0,20.0,-,0.577317,19.5883,-17.47055,37.05885,-1.852942,37.05885,0.030607,0.057905,6
53,sprungantwort_PAN_20deg_20260622_204702.csv,PAN,3,-20.0,20.0,-,0.672688,19.6544,-17.47055,37.12495,-1.856247,37.12495,0.03071,0.058008,7
53,sprungantwort_PAN_20deg_20260622_204702.csv,PAN,3,-20.0,20.0,-,0.765661,19.8351,-17.47055,37.30565,-1.865282,37.30565,0.030992,0.05829,8
53,sprungantwort_PAN_20deg_20260622_204702.csv,PAN,3,-20.0,20.0,-,0.86439,19.5683,-17.47055,37.03885,-1.851942,37.03885,0.030575,0.057873,9
53,sprungantwort_PAN_20deg_20260622_204702.csv,PAN,3,-20.0,20.0,-,0.961766,19.627,-17.47055,37.09755,-1.854878,37.09755,0.030667,0.057965,10
53,sprungantwort_PAN_20deg_20260622_204702.csv,PAN,3,-20.0,20.0,-,1.057161,19.508,-17.47055,36.97855,-1.848927,36.97855,0.030481,0.057779,11
53,sprungantwort_PAN_20deg_20260622_204702.csv,PAN,3,-20.0,20.0,-,1.153097,19.4585,-17.47055,36.92905,-1.846453,36.92905,0.030404,0.057702,12
54,sprungantwort_PAN_20deg_20260622_204702.csv,PAN,4,20.0,20.0,+,0.0,19.4234,19.6989,-0.2755,-0.013775,0.2755,0.030349,-0.000431,0
54,sprungantwort_PAN_20deg_20260622_204702.csv,PAN,4,20.0,20.0,+,0.09357,2.0689,19.6989,-17.63,-0.8815,17.63,0.003233,-0.027546,1
54,sprungantwort_PAN_20deg_20260622_204702.csv,PAN,4,20.0,20.0,+,0.193169,-61.0215,19.6989,-80.7204,-4.03602,80.7204,-0.095346,-0.126126,2
54,sprungantwort_PAN_20deg_20260622_204702.csv,PAN,4,20.0,20.0,+,0.288381,-15.908,19.6989,-35.6069,-1.780345,35.6069,-0.024856,-0.055636,3
54,sprungantwort_PAN_20deg_20260622_204702.csv,PAN,4,20.0,20.0,+,0.383181,-13.4161,19.6989,-33.115,-1.65575,33.115,-0.020963,-0.051742,4
54,sprungantwort_PAN_20deg_20260622_204702.csv,PAN,4,20.0,20.0,+,0.478986,-13.3419,19.6989,-33.0408,-1.65204,33.0408,-0.020847,-0.051627,5
54,sprungantwort_PAN_20deg_20260622_204702.csv,PAN,4,20.0,20.0,+,0.575428,-13.2653,19.6989,-32.9642,-1.64821,32.9642,-0.020727,-0.051506,6
54,sprungantwort_PAN_20deg_20260622_204702.csv,PAN,4,20.0,20.0,+,0.672471,-13.0959,19.6989,-32.7948,-1.63974,32.7948,-0.020462,-0.051242,7
54,sprungantwort_PAN_20deg_20260622_204702.csv,PAN,4,20.0,20.0,+,0.766373,-12.8978,19.6989,-32.5967,-1.629835,32.5967,-0.020153,-0.050933,8
54,sprungantwort_PAN_20deg_20260622_204702.csv,PAN,4,20.0,20.0,+,0.861637,-12.7129,19.6989,-32.4118,-1.62059,32.4118,-0.019864,-0.050644,9
54,sprungantwort_PAN_20deg_20260622_204702.csv,PAN,4,20.0,20.0,+,0.959203,-13.5503,19.6989,-33.2492,-1.66246,33.2492,-0.021172,-0.051952,10
54,sprungantwort_PAN_20deg_20260622_204702.csv,PAN,4,20.0,20.0,+,1.055691,-12.6081,19.6989,-32.307,-1.61535,32.307,-0.0197,-0.05048,11
54,sprungantwort_PAN_20deg_20260622_204702.csv,PAN,4,20.0,20.0,+,1.149936,-12.6278,19.6989,-32.3267,-1.616335,32.3267,-0.019731,-0.05051,12
55,sprungantwort_PAN_20deg_20260622_204702.csv,PAN,5,-20.0,20.0,-,0.0,-11.886,-12.66955,0.78355,-0.039178,0.78355,-0.018572,0.001224,0
55,sprungantwort_PAN_20deg_20260622_204702.csv,PAN,5,-20.0,20.0,-,0.094995,-162.1587,-12.66955,-149.48915,7.474458,-149.48915,-0.253373,-0.233577,1
55,sprungantwort_PAN_20deg_20260622_204702.csv,PAN,5,-20.0,20.0,-,0.193709,26.6972,-12.66955,39.36675,-1.968337,39.36675,0.041714,0.06151,2
55,sprungantwort_PAN_20deg_20260622_204702.csv,PAN,5,-20.0,20.0,-,0.287166,10.7334,-12.66955,23.40295,-1.170148,23.40295,0.016771,0.036568,3
55,sprungantwort_PAN_20deg_20260622_204702.csv,PAN,5,-20.0,20.0,-,0.382623,10.4537,-12.66955,23.12325,-1.156162,23.12325,0.016334,0.03613,4
55,sprungantwort_PAN_20deg_20260622_204702.csv,PAN,5,-20.0,20.0,-,0.480624,17.9488,-12.66955,30.61835,-1.530918,30.61835,0.028045,0.047841,5
55,sprungantwort_PAN_20deg_20260622_204702.csv,PAN,5,-20.0,20.0,-,0.576229,18.0414,-12.66955,30.71095,-1.535547,30.71095,0.02819,0.047986,6
55,sprungantwort_PAN_20deg_20260622_204702.csv,PAN,5,-20.0,20.0,-,0.672013,17.9835,-12.66955,30.65305,-1.532652,30.65305,0.028099,0.047895,7
55,sprungantwort_PAN_20deg_20260622_204702.csv,PAN,5,-20.0,20.0,-,0.766401,17.9507,-12.66955,30.62025,-1.531012,30.62025,0.028048,0.047844,8
55,sprungantwort_PAN_20deg_20260622_204702.csv,PAN,5,-20.0,20.0,-,0.862832,17.8458,-12.66955,30.51535,-1.525768,30.51535,0.027884,0.04768,9
55,sprungantwort_PAN_20deg_20260622_204702.csv,PAN,5,-20.0,20.0,-,0.957778,17.6477,-12.66955,30.31725,-1.515862,30.31725,0.027575,0.047372,10
55,sprungantwort_PAN_20deg_20260622_204702.csv,PAN,5,-20.0,20.0,-,1.056407,17.7893,-12.66955,30.45885,-1.522942,30.45885,0.027796,0.047592,11
55,sprungantwort_PAN_20deg_20260622_204702.csv,PAN,5,-20.0,20.0,-,1.154931,17.712,-12.66955,30.38155,-1.519077,30.38155,0.027675,0.047472,12
56,sprungantwort_PAN_20deg_20260622_204702.csv,PAN,6,20.0,20.0,+,0.0,17.589,18.03205,-0.44305,-0.022153,0.44305,0.027483,-0.000692,0
56,sprungantwort_PAN_20deg_20260622_204702.csv,PAN,6,20.0,20.0,+,0.090459,0.3117,18.03205,-17.72035,-0.886018,17.72035,0.000487,-0.027688,1
56,sprungantwort_PAN_20deg_20260622_204702.csv,PAN,6,20.0,20.0,+,0.188607,-67.3268,18.03205,-85.35885,-4.267942,85.35885,-0.105198,-0.133373,2
56,sprungantwort_PAN_20deg_20260622_204702.csv,PAN,6,20.0,20.0,+,0.285359,-18.6946,18.03205,-36.72665,-1.836333,36.72665,-0.02921,-0.057385,3
56,sprungantwort_PAN_20deg_20260622_204702.csv,PAN,6,20.0,20.0,+,0.38265,-15.7473,18.03205,-33.77935,-1.688968,33.77935,-0.024605,-0.05278,4
56,sprungantwort_PAN_20deg_20260622_204702.csv,PAN,6,20.0,20.0,+,0.476077,-15.7566,18.03205,-33.78865,-1.689432,33.78865,-0.02462,-0.052795,5
56,sprungantwort_PAN_20deg_20260622_204702.csv,PAN,6,20.0,20.0,+,0.572316,-15.5867,18.03205,-33.61875,-1.680938,33.61875,-0.024354,-0.052529,6
56,sprungantwort_PAN_20deg_20260622_204702.csv,PAN,6,20.0,20.0,+,0.668672,-15.3604,18.03205,-33.39245,-1.669623,33.39245,-0.024001,-0.052176,7
56,sprungantwort_PAN_20deg_20260622_204702.csv,PAN,6,20.0,20.0,+,0.766128,-15.4366,18.03205,-33.46865,-1.673432,33.46865,-0.02412,-0.052295,8
56,sprungantwort_PAN_20deg_20260622_204702.csv,PAN,6,20.0,20.0,+,0.860538,-15.4046,18.03205,-33.43665,-1.671832,33.43665,-0.02407,-0.052245,9
56,sprungantwort_PAN_20deg_20260622_204702.csv,PAN,6,20.0,20.0,+,0.956627,-15.2975,18.03205,-33.32955,-1.666477,33.32955,-0.023902,-0.052077,10
56,sprungantwort_PAN_20deg_20260622_204702.csv,PAN,6,20.0,20.0,+,1.053004,-15.1947,18.03205,-33.22675,-1.661338,33.22675,-0.023742,-0.051917,11
56,sprungantwort_PAN_20deg_20260622_204702.csv,PAN,6,20.0,20.0,+,1.146606,-15.164,18.03205,-33.19605,-1.659802,33.19605,-0.023694,-0.051869,12
57,sprungantwort_PAN_20deg_20260622_204702.csv,PAN,7,-20.0,20.0,-,0.0,-14.9208,-14.901125,-0.019675,0.000984,-0.019675,-0.023314,-3.1e-05,0
57,sprungantwort_PAN_20deg_20260622_204702.csv,PAN,7,-20.0,20.0,-,0.097528,-158.885,-14.901125,-143.983875,7.199194,-143.983875,-0.248258,-0.224975,1
57,sprungantwort_PAN_20deg_20260622_204702.csv,PAN,7,-20.0,20.0,-,0.191853,30.4595,-14.901125,45.360625,-2.268031,45.360625,0.047593,0.070876,2
57,sprungantwort_PAN_20deg_20260622_204702.csv,PAN,7,-20.0,20.0,-,0.289522,19.434,-14.901125,34.335125,-1.716756,34.335125,0.030366,0.053649,3
57,sprungantwort_PAN_20deg_20260622_204702.csv,PAN,7,-20.0,20.0,-,0.386699,9.485,-14.901125,24.386125,-1.219306,24.386125,0.01482,0.038103,4
57,sprungantwort_PAN_20deg_20260622_204702.csv,PAN,7,-20.0,20.0,-,0.482226,17.3933,-14.901125,32.294425,-1.614721,32.294425,0.027177,0.05046,5
57,sprungantwort_PAN_20deg_20260622_204702.csv,PAN,7,-20.0,20.0,-,0.575984,17.3921,-14.901125,32.293225,-1.614661,32.293225,0.027175,0.050458,6
57,sprungantwort_PAN_20deg_20260622_204702.csv,PAN,7,-20.0,20.0,-,0.67489,16.9637,-14.901125,31.864825,-1.593241,31.864825,0.026506,0.049789,7
57,sprungantwort_PAN_20deg_20260622_204702.csv,PAN,7,-20.0,20.0,-,0.77054,16.9771,-14.901125,31.878225,-1.593911,31.878225,0.026527,0.04981,8
57,sprungantwort_PAN_20deg_20260622_204702.csv,PAN,7,-20.0,20.0,-,0.865405,16.8535,-14.901125,31.754625,-1.587731,31.754625,0.026334,0.049617,9
57,sprungantwort_PAN_20deg_20260622_204702.csv,PAN,7,-20.0,20.0,-,0.960377,16.8121,-14.901125,31.713225,-1.585661,31.713225,0.026269,0.049552,10
57,sprungantwort_PAN_20deg_20260622_204702.csv,PAN,7,-20.0,20.0,-,1.056503,8.9897,-14.901125,23.890825,-1.194541,23.890825,0.014046,0.037329,11
57,sprungantwort_PAN_20deg_20260622_204702.csv,PAN,7,-20.0,20.0,-,1.155141,16.937,-14.901125,31.838125,-1.591906,31.838125,0.026464,0.049747,12
58,sprungantwort_PAN_20deg_20260622_204702.csv,PAN,8,20.0,20.0,+,0.0,16.3999,16.8468,-0.4469,-0.022345,0.4469,0.025625,-0.000698,0
58,sprungantwort_PAN_20deg_20260622_204702.csv,PAN,8,20.0,20.0,+,0.098155,-85.3616,16.8468,-102.2084,-5.11042,102.2084,-0.133378,-0.159701,1
58,sprungantwort_PAN_20deg_20260622_204702.csv,PAN,8,20.0,20.0,+,0.191003,-43.5396,16.8468,-60.3864,-3.01932,60.3864,-0.068031,-0.094354,2
58,sprungantwort_PAN_20deg_20260622_204702.csv,PAN,8,20.0,20.0,+,0.287758,-20.2628,16.8468,-37.1096,-1.85548,37.1096,-0.031661,-0.057984,3
58,sprungantwort_PAN_20deg_20260622_204702.csv,PAN,8,20.0,20.0,+,0.384339,-19.4475,16.8468,-36.2943,-1.814715,36.2943,-0.030387,-0.05671,4
58,sprungantwort_PAN_20deg_20260622_204702.csv,PAN,8,20.0,20.0,+,0.480805,-19.5215,16.8468,-36.3683,-1.818415,36.3683,-0.030502,-0.056825,5
58,sprungantwort_PAN_20deg_20260622_204702.csv,PAN,8,20.0,20.0,+,0.577056,-19.4613,16.8468,-36.3081,-1.815405,36.3081,-0.030408,-0.056731,6
58,sprungantwort_PAN_20deg_20260622_204702.csv,PAN,8,20.0,20.0,+,0.672373,-19.3691,16.8468,-36.2159,-1.810795,36.2159,-0.030264,-0.056587,7
58,sprungantwort_PAN_20deg_20260622_204702.csv,PAN,8,20.0,20.0,+,0.767923,-19.2988,16.8468,-36.1456,-1.80728,36.1456,-0.030154,-0.056477,8
58,sprungantwort_PAN_20deg_20260622_204702.csv,PAN,8,20.0,20.0,+,0.864922,-19.2451,16.8468,-36.0919,-1.804595,36.0919,-0.03007,-0.056393,9
58,sprungantwort_PAN_20deg_20260622_204702.csv,PAN,8,20.0,20.0,+,0.959324,-19.1849,16.8468,-36.0317,-1.801585,36.0317,-0.029976,-0.056299,10
58,sprungantwort_PAN_20deg_20260622_204702.csv,PAN,8,20.0,20.0,+,1.060579,-19.0913,16.8468,-35.9381,-1.796905,35.9381,-0.02983,-0.056153,11
58,sprungantwort_PAN_20deg_20260622_204702.csv,PAN,8,20.0,20.0,+,1.152712,-19.0876,16.8468,-35.9344,-1.79672,35.9344,-0.029824,-0.056147,12
59,sprungantwort_PAN_20deg_20260622_204702.csv,PAN,9,-20.0,20.0,-,0.0,-18.9639,-18.782825,-0.181075,0.009054,-0.181075,-0.029631,-0.000283,0
59,sprungantwort_PAN_20deg_20260622_204702.csv,PAN,9,-20.0,20.0,-,0.09348,-152.6595,-18.782825,-133.876675,6.693834,-133.876675,-0.23853,-0.209182,1
59,sprungantwort_PAN_20deg_20260622_204702.csv,PAN,9,-20.0,20.0,-,0.190518,14.6336,-18.782825,33.416425,-1.670821,33.416425,0.022865,0.052213,2
59,sprungantwort_PAN_20deg_20260622_204702.csv,PAN,9,-20.0,20.0,-,0.286976,10.4178,-18.782825,29.200625,-1.460031,29.200625,0.016278,0.045626,3
59,sprungantwort_PAN_20deg_20260622_204702.csv,PAN,9,-20.0,20.0,-,0.383731,18.5577,-18.782825,37.340525,-1.867026,37.340525,0.028996,0.058344,4
59,sprungantwort_PAN_20deg_20260622_204702.csv,PAN,9,-20.0,20.0,-,0.479345,18.3315,-18.782825,37.114325,-1.855716,37.114325,0.028643,0.057991,5
59,sprungantwort_PAN_20deg_20260622_204702.csv,PAN,9,-20.0,20.0,-,0.576299,18.3402,-18.782825,37.123025,-1.856151,37.123025,0.028657,0.058005,6
59,sprungantwort_PAN_20deg_20260622_204702.csv,PAN,9,-20.0,20.0,-,0.672613,18.3351,-18.782825,37.117925,-1.855896,37.117925,0.028649,0.057997,7
59,sprungantwort_PAN_20deg_20260622_204702.csv,PAN,9,-20.0,20.0,-,0.765157,18.2294,-18.782825,37.012225,-1.850611,37.012225,0.028483,0.057831,8
59,sprungantwort_PAN_20deg_20260622_204702.csv,PAN,9,-20.0,20.0,-,0.863713,18.2575,-18.782825,37.040325,-1.852016,37.040325,0.028527,0.057875,9
59,sprungantwort_PAN_20deg_20260622_204702.csv,PAN,9,-20.0,20.0,-,0.959417,18.1367,-18.782825,36.919525,-1.845976,36.919525,0.028339,0.057687,10
59,sprungantwort_PAN_20deg_20260622_204702.csv,PAN,9,-20.0,20.0,-,1.055546,18.1383,-18.782825,36.921125,-1.846056,36.921125,0.028341,0.057689,11
59,sprungantwort_PAN_20deg_20260622_204702.csv,PAN,9,-20.0,20.0,-,1.1493,18.1822,-18.782825,36.965025,-1.848251,36.965025,0.02841,0.057758,12
60,sprungantwort_TILT_-5deg_20260622_213348.csv,TILT,0,-5.0,5.0,-,0.0,2.1883,2.907711,-0.719411,0.143882,-0.719411,0.009118,-0.002997,0
60,sprungantwort_TILT_-5deg_20260622_213348.csv,TILT,0,-5.0,5.0,-,0.031492,1.9087,2.907711,-0.999011,0.199802,-0.999011,0.007953,-0.004162,1
60,sprungantwort_TILT_-5deg_20260622_213348.csv,TILT,0,-5.0,5.0,-,0.063426,26.2316,2.907711,23.323889,-4.664778,23.323889,0.109298,0.097183,2
60,sprungantwort_TILT_-5deg_20260622_213348.csv,TILT,0,-5.0,5.0,-,0.094961,68.8578,2.907711,65.950089,-13.190018,65.950089,0.286907,0.274792,3
60,sprungantwort_TILT_-5deg_20260622_213348.csv,TILT,0,-5.0,5.0,-,0.126961,96.135,2.907711,93.227289,-18.645458,93.227289,0.400562,0.388447,4
60,sprungantwort_TILT_-5deg_20260622_213348.csv,TILT,0,-5.0,5.0,-,0.15897,95.393,2.907711,92.485289,-18.497058,92.485289,0.397471,0.385356,5
60,sprungantwort_TILT_-5deg_20260622_213348.csv,TILT,0,-5.0,5.0,-,0.191101,87.2628,2.907711,84.355089,-16.871018,84.355089,0.363595,0.35148,6
60,sprungantwort_TILT_-5deg_20260622_213348.csv,TILT,0,-5.0,5.0,-,0.223057,89.2795,2.907711,86.371789,-17.274358,86.371789,0.371998,0.359883,7
60,sprungantwort_TILT_-5deg_20260622_213348.csv,TILT,0,-5.0,5.0,-,0.256055,93.4933,2.907711,90.585589,-18.117118,90.585589,0.389555,0.37744,8
60,sprungantwort_TILT_-5deg_20260622_213348.csv,TILT,0,-5.0,5.0,-,0.301683,90.7525,2.907711,87.844789,-17.568958,87.844789,0.378135,0.36602,9
60,sprungantwort_TILT_-5deg_20260622_213348.csv,TILT,0,-5.0,5.0,-,0.335155,89.5142,2.907711,86.606489,-17.321298,86.606489,0.372976,0.360861,10
60,sprungantwort_TILT_-5deg_20260622_213348.csv,TILT,0,-5.0,5.0,-,0.366788,91.5257,2.907711,88.617989,-17.723598,88.617989,0.381357,0.369242,11
60,sprungantwort_TILT_-5deg_20260622_213348.csv,TILT,0,-5.0,5.0,-,0.399375,91.9781,2.907711,89.070389,-17.814078,89.070389,0.383242,0.371127,12
60,sprungantwort_TILT_-5deg_20260622_213348.csv,TILT,0,-5.0,5.0,-,0.430643,93.0626,2.907711,90.154889,-18.030978,90.154889,0.387761,0.375646,13
60,sprungantwort_TILT_-5deg_20260622_213348.csv,TILT,0,-5.0,5.0,-,0.463354,93.985,2.907711,91.077289,-18.215458,91.077289,0.391604,0.379489,14
60,sprungantwort_TILT_-5deg_20260622_213348.csv,TILT,0,-5.0,5.0,-,0.494908,93.6483,2.907711,90.740589,-18.148118,90.740589,0.390201,0.378086,15
60,sprungantwort_TILT_-5deg_20260622_213348.csv,TILT,0,-5.0,5.0,-,0.526955,92.926,2.907711,90.018289,-18.003658,90.018289,0.387192,0.375077,16
60,sprungantwort_TILT_-5deg_20260622_213348.csv,TILT,0,-5.0,5.0,-,0.559429,92.0338,2.907711,89.126089,-17.825218,89.126089,0.383474,0.371359,17
60,sprungantwort_TILT_-5deg_20260622_213348.csv,TILT,0,-5.0,5.0,-,0.591096,91.8274,2.907711,88.919689,-17.783938,88.919689,0.382614,0.370499,18
60,sprungantwort_TILT_-5deg_20260622_213348.csv,TILT,0,-5.0,5.0,-,0.62317,91.8418,2.907711,88.934089,-17.786818,88.934089,0.382674,0.370559,19
60,sprungantwort_TILT_-5deg_20260622_213348.csv,TILT,0,-5.0,5.0,-,0.656088,91.885,2.907711,88.977289,-17.795458,88.977289,0.382854,0.370739,20
60,sprungantwort_TILT_-5deg_20260622_213348.csv,TILT,0,-5.0,5.0,-,0.703166,92.1619,2.907711,89.254189,-17.850838,89.254189,0.384008,0.371893,21
60,sprungantwort_TILT_-5deg_20260622_213348.csv,TILT,0,-5.0,5.0,-,0.735278,92.3373,2.907711,89.429589,-17.885918,89.429589,0.384739,0.372624,22
60,sprungantwort_TILT_-5deg_20260622_213348.csv,TILT,0,-5.0,5.0,-,0.767398,92.3382,2.907711,89.430489,-17.886098,89.430489,0.384743,0.372628,23
60,sprungantwort_TILT_-5deg_20260622_213348.csv,TILT,0,-5.0,5.0,-,0.798975,92.3186,2.907711,89.410889,-17.882178,89.410889,0.384661,0.372546,24
60,sprungantwort_TILT_-5deg_20260622_213348.csv,TILT,0,-5.0,5.0,-,0.83098,91.9589,2.907711,89.051189,-17.810238,89.051189,0.383162,0.371047,25
60,sprungantwort_TILT_-5deg_20260622_213348.csv,TILT,0,-5.0,5.0,-,0.863726,91.5844,2.907711,88.676689,-17.735338,88.676689,0.381602,0.369487,26
60,sprungantwort_TILT_-5deg_20260622_213348.csv,TILT,0,-5.0,5.0,-,0.895002,91.72,2.907711,88.812289,-17.762458,88.812289,0.382166,0.370051,27
60,sprungantwort_TILT_-5deg_20260622_213348.csv,TILT,0,-5.0,5.0,-,0.927984,91.8637,2.907711,88.955989,-17.791198,88.955989,0.382765,0.37065,28
60,sprungantwort_TILT_-5deg_20260622_213348.csv,TILT,0,-5.0,5.0,-,0.958985,92.1153,2.907711,89.207589,-17.841518,89.207589,0.383814,0.371699,29
60,sprungantwort_TILT_-5deg_20260622_213348.csv,TILT,0,-5.0,5.0,-,0.99164,92.3496,2.907711,89.441889,-17.888378,89.441889,0.38479,0.372675,30
60,sprungantwort_TILT_-5deg_20260622_213348.csv,TILT,0,-5.0,5.0,-,1.023638,92.3803,2.907711,89.472589,-17.894518,89.472589,0.384918,0.372803,31
60,sprungantwort_TILT_-5deg_20260622_213348.csv,TILT,0,-5.0,5.0,-,1.058151,92.5329,2.907711,89.625189,-17.925038,89.625189,0.385554,0.373439,32
60,sprungantwort_TILT_-5deg_20260622_213348.csv,TILT,0,-5.0,5.0,-,1.102956,92.6345,2.907711,89.726789,-17.945358,89.726789,0.385977,0.373862,33
60,sprungantwort_TILT_-5deg_20260622_213348.csv,TILT,0,-5.0,5.0,-,1.135991,92.4736,2.907711,89.565889,-17.913178,89.565889,0.385307,0.373192,34
60,sprungantwort_TILT_-5deg_20260622_213348.csv,TILT,0,-5.0,5.0,-,1.167958,92.4884,2.907711,89.580689,-17.916138,89.580689,0.385368,0.373253,35
60,sprungantwort_TILT_-5deg_20260622_213348.csv,TILT,0,-5.0,5.0,-,1.199561,92.8435,2.907711,89.935789,-17.987158,89.935789,0.386848,0.374733,36
61,sprungantwort_TILT_-5deg_20260622_213348.csv,TILT,1,5.0,5.0,+,0.0,93.0294,93.078022,-0.048622,-0.009724,0.048622,0.387623,-0.000202,0
61,sprungantwort_TILT_-5deg_20260622_213348.csv,TILT,1,5.0,5.0,+,0.031467,90.087,93.078022,-2.991022,-0.598204,2.991022,0.375363,-0.012462,1
61,sprungantwort_TILT_-5deg_20260622_213348.csv,TILT,1,5.0,5.0,+,0.06313,61.6499,93.078022,-31.428122,-6.285624,31.428122,0.256874,-0.130951,2
61,sprungantwort_TILT_-5deg_20260622_213348.csv,TILT,1,5.0,5.0,+,0.096121,15.8837,93.078022,-77.194322,-15.438864,77.194322,0.066182,-0.321643,3
61,sprungantwort_TILT_-5deg_20260622_213348.csv,TILT,1,5.0,5.0,+,0.12712,-11.9283,93.078022,-105.006322,-21.001264,105.006322,-0.049701,-0.437526,4
61,sprungantwort_TILT_-5deg_20260622_213348.csv,TILT,1,5.0,5.0,+,0.175494,-5.6716,93.078022,-98.749622,-19.749924,98.749622,-0.023632,-0.411457,5
61,sprungantwort_TILT_-5deg_20260622_213348.csv,TILT,1,5.0,5.0,+,0.207397,9.671,93.078022,-83.407022,-16.681404,83.407022,0.040296,-0.347529,6
61,sprungantwort_TILT_-5deg_20260622_213348.csv,TILT,1,5.0,5.0,+,0.239506,8.5238,93.078022,-84.554222,-16.910844,84.554222,0.035516,-0.352309,7
61,sprungantwort_TILT_-5deg_20260622_213348.csv,TILT,1,5.0,5.0,+,0.272183,0.496,93.078022,-92.582022,-18.516404,92.582022,0.002066,-0.385759,8
61,sprungantwort_TILT_-5deg_20260622_213348.csv,TILT,1,5.0,5.0,+,0.303169,1.9111,93.078022,-91.166922,-18.233384,91.166922,0.007963,-0.379862,9
61,sprungantwort_TILT_-5deg_20260622_213348.csv,TILT,1,5.0,5.0,+,0.336205,4.0942,93.078022,-88.983822,-17.796764,88.983822,0.017059,-0.370766,10
61,sprungantwort_TILT_-5deg_20260622_213348.csv,TILT,1,5.0,5.0,+,0.367875,2.0206,93.078022,-91.057422,-18.211484,91.057422,0.008419,-0.379406,11
61,sprungantwort_TILT_-5deg_20260622_213348.csv,TILT,1,5.0,5.0,+,0.399797,2.5298,93.078022,-90.548222,-18.109644,90.548222,0.010541,-0.377284,12
61,sprungantwort_TILT_-5deg_20260622_213348.csv,TILT,1,5.0,5.0,+,0.431899,2.9839,93.078022,-90.094122,-18.018824,90.094122,0.012433,-0.375392,13
61,sprungantwort_TILT_-5deg_20260622_213348.csv,TILT,1,5.0,5.0,+,0.463413,2.0494,93.078022,-91.028622,-18.205724,91.028622,0.008539,-0.379286,14
61,sprungantwort_TILT_-5deg_20260622_213348.csv,TILT,1,5.0,5.0,+,0.496338,2.5822,93.078022,-90.495822,-18.099164,90.495822,0.010759,-0.377066,15
61,sprungantwort_TILT_-5deg_20260622_213348.csv,TILT,1,5.0,5.0,+,0.528464,2.6508,93.078022,-90.427222,-18.085444,90.427222,0.011045,-0.37678,16
61,sprungantwort_TILT_-5deg_20260622_213348.csv,TILT,1,5.0,5.0,+,0.575175,2.3792,93.078022,-90.698822,-18.139764,90.698822,0.009913,-0.377912,17
61,sprungantwort_TILT_-5deg_20260622_213348.csv,TILT,1,5.0,5.0,+,0.607255,2.7175,93.078022,-90.360522,-18.072104,90.360522,0.011323,-0.376502,18
61,sprungantwort_TILT_-5deg_20260622_213348.csv,TILT,1,5.0,5.0,+,0.639221,2.5031,93.078022,-90.574922,-18.114984,90.574922,0.01043,-0.377395,19
61,sprungantwort_TILT_-5deg_20260622_213348.csv,TILT,1,5.0,5.0,+,0.671743,2.2528,93.078022,-90.825222,-18.165044,90.825222,0.009387,-0.378438,20
61,sprungantwort_TILT_-5deg_20260622_213348.csv,TILT,1,5.0,5.0,+,0.704006,2.6109,93.078022,-90.467122,-18.093424,90.467122,0.010879,-0.376946,21
61,sprungantwort_TILT_-5deg_20260622_213348.csv,TILT,1,5.0,5.0,+,0.735999,2.6335,93.078022,-90.444522,-18.088904,90.444522,0.010973,-0.376852,22
61,sprungantwort_TILT_-5deg_20260622_213348.csv,TILT,1,5.0,5.0,+,0.767658,2.5371,93.078022,-90.540922,-18.108184,90.540922,0.010571,-0.377254,23
61,sprungantwort_TILT_-5deg_20260622_213348.csv,TILT,1,5.0,5.0,+,0.799688,2.6123,93.078022,-90.465722,-18.093144,90.465722,0.010884,-0.376941,24
61,sprungantwort_TILT_-5deg_20260622_213348.csv,TILT,1,5.0,5.0,+,0.833569,2.3278,93.078022,-90.750222,-18.150044,90.750222,0.009699,-0.378126,25
61,sprungantwort_TILT_-5deg_20260622_213348.csv,TILT,1,5.0,5.0,+,0.864302,2.3661,93.078022,-90.711922,-18.142384,90.711922,0.009859,-0.377966,26
61,sprungantwort_TILT_-5deg_20260622_213348.csv,TILT,1,5.0,5.0,+,0.896305,2.516,93.078022,-90.562022,-18.112404,90.562022,0.010483,-0.377342,27
61,sprungantwort_TILT_-5deg_20260622_213348.csv,TILT,1,5.0,5.0,+,0.927306,2.5172,93.078022,-90.560822,-18.112164,90.560822,0.010488,-0.377337,28
61,sprungantwort_TILT_-5deg_20260622_213348.csv,TILT,1,5.0,5.0,+,0.975889,2.557,93.078022,-90.521022,-18.104204,90.521022,0.010654,-0.377171,29
61,sprungantwort_TILT_-5deg_20260622_213348.csv,TILT,1,5.0,5.0,+,1.007859,2.5968,93.078022,-90.481222,-18.096244,90.481222,0.01082,-0.377005,30
61,sprungantwort_TILT_-5deg_20260622_213348.csv,TILT,1,5.0,5.0,+,1.03897,2.9291,93.078022,-90.148922,-18.029784,90.148922,0.012205,-0.37562,31
61,sprungantwort_TILT_-5deg_20260622_213348.csv,TILT,1,5.0,5.0,+,1.072594,2.8896,93.078022,-90.188422,-18.037684,90.188422,0.01204,-0.375785,32
61,sprungantwort_TILT_-5deg_20260622_213348.csv,TILT,1,5.0,5.0,+,1.103616,2.8987,93.078022,-90.179322,-18.035864,90.179322,0.012078,-0.375747,33
61,sprungantwort_TILT_-5deg_20260622_213348.csv,TILT,1,5.0,5.0,+,1.135545,2.8943,93.078022,-90.183722,-18.036744,90.183722,0.012059,-0.375766,34
61,sprungantwort_TILT_-5deg_20260622_213348.csv,TILT,1,5.0,5.0,+,1.167294,2.9735,93.078022,-90.104522,-18.020904,90.104522,0.01239,-0.375435,35
61,sprungantwort_TILT_-5deg_20260622_213348.csv,TILT,1,5.0,5.0,+,1.199376,2.8902,93.078022,-90.187822,-18.037564,90.187822,0.012043,-0.375782,36
62,sprungantwort_TILT_-5deg_20260622_213348.csv,TILT,2,-5.0,5.0,-,0.0,3.0878,2.71322,0.37458,-0.074916,0.37458,0.012866,0.001561,0
62,sprungantwort_TILT_-5deg_20260622_213348.csv,TILT,2,-5.0,5.0,-,0.0313,3.1036,2.71322,0.39038,-0.078076,0.39038,0.012932,0.001627,1
62,sprungantwort_TILT_-5deg_20260622_213348.csv,TILT,2,-5.0,5.0,-,0.063693,27.5113,2.71322,24.79808,-4.959616,24.79808,0.114631,0.103326,2
62,sprungantwort_TILT_-5deg_20260622_213348.csv,TILT,2,-5.0,5.0,-,0.095177,71.9304,2.71322,69.21718,-13.843436,69.21718,0.29971,0.288405,3
62,sprungantwort_TILT_-5deg_20260622_213348.csv,TILT,2,-5.0,5.0,-,0.127281,101.3817,2.71322,98.66848,-19.733696,98.66848,0.422424,0.411119,4
62,sprungantwort_TILT_-5deg_20260622_213348.csv,TILT,2,-5.0,5.0,-,0.159432,100.974,2.71322,98.26078,-19.652156,98.26078,0.420725,0.40942,5
62,sprungantwort_TILT_-5deg_20260622_213348.csv,TILT,2,-5.0,5.0,-,0.191423,89.0313,2.71322,86.31808,-17.263616,86.31808,0.370964,0.359659,6
62,sprungantwort_TILT_-5deg_20260622_213348.csv,TILT,2,-5.0,5.0,-,0.222998,84.5118,2.71322,81.79858,-16.359716,81.79858,0.352132,0.340827,7
62,sprungantwort_TILT_-5deg_20260622_213348.csv,TILT,2,-5.0,5.0,-,0.25502,89.4278,2.71322,86.71458,-17.342916,86.71458,0.372616,0.361311,8
62,sprungantwort_TILT_-5deg_20260622_213348.csv,TILT,2,-5.0,5.0,-,0.286616,90.1721,2.71322,87.45888,-17.491776,87.45888,0.375717,0.364412,9
62,sprungantwort_TILT_-5deg_20260622_213348.csv,TILT,2,-5.0,5.0,-,0.318614,88.5956,2.71322,85.88238,-17.176476,85.88238,0.369148,0.357843,10
62,sprungantwort_TILT_-5deg_20260622_213348.csv,TILT,2,-5.0,5.0,-,0.350605,89.7856,2.71322,87.07238,-17.414476,87.07238,0.374107,0.362802,11
62,sprungantwort_TILT_-5deg_20260622_213348.csv,TILT,2,-5.0,5.0,-,0.39873,89.3033,2.71322,86.59008,-17.318016,86.59008,0.372097,0.360792,12
62,sprungantwort_TILT_-5deg_20260622_213348.csv,TILT,2,-5.0,5.0,-,0.430776,89.1548,2.71322,86.44158,-17.288316,86.44158,0.371478,0.360173,13
62,sprungantwort_TILT_-5deg_20260622_213348.csv,TILT,2,-5.0,5.0,-,0.462987,89.6517,2.71322,86.93848,-17.387696,86.93848,0.373549,0.362244,14
62,sprungantwort_TILT_-5deg_20260622_213348.csv,TILT,2,-5.0,5.0,-,0.495432,89.8107,2.71322,87.09748,-17.419496,87.09748,0.374211,0.362906,15
62,sprungantwort_TILT_-5deg_20260622_213348.csv,TILT,2,-5.0,5.0,-,0.527291,90.5714,2.71322,87.85818,-17.571636,87.85818,0.377381,0.366076,16
62,sprungantwort_TILT_-5deg_20260622_213348.csv,TILT,2,-5.0,5.0,-,0.559603,90.5739,2.71322,87.86068,-17.572136,87.86068,0.377391,0.366086,17
62,sprungantwort_TILT_-5deg_20260622_213348.csv,TILT,2,-5.0,5.0,-,0.591242,92.7457,2.71322,90.03248,-18.006496,90.03248,0.386441,0.375136,18
62,sprungantwort_TILT_-5deg_20260622_213348.csv,TILT,2,-5.0,5.0,-,0.623259,93.3074,2.71322,90.59418,-18.118836,90.59418,0.388781,0.377476,19
62,sprungantwort_TILT_-5deg_20260622_213348.csv,TILT,2,-5.0,5.0,-,0.656234,93.1145,2.71322,90.40128,-18.080256,90.40128,0.387977,0.376672,20
62,sprungantwort_TILT_-5deg_20260622_213348.csv,TILT,2,-5.0,5.0,-,0.68751,94.0138,2.71322,91.30058,-18.260116,91.30058,0.391724,0.380419,21
62,sprungantwort_TILT_-5deg_20260622_213348.csv,TILT,2,-5.0,5.0,-,0.719413,93.8124,2.71322,91.09918,-18.219836,91.09918,0.390885,0.37958,22
62,sprungantwort_TILT_-5deg_20260622_213348.csv,TILT,2,-5.0,5.0,-,0.751519,93.719,2.71322,91.00578,-18.201156,91.00578,0.390496,0.379191,23
62,sprungantwort_TILT_-5deg_20260622_213348.csv,TILT,2,-5.0,5.0,-,0.799132,93.72,2.71322,91.00678,-18.201356,91.00678,0.3905,0.379195,24
62,sprungantwort_TILT_-5deg_20260622_213348.csv,TILT,2,-5.0,5.0,-,0.831173,93.5605,2.71322,90.84728,-18.169456,90.84728,0.389835,0.37853,25
62,sprungantwort_TILT_-5deg_20260622_213348.csv,TILT,2,-5.0,5.0,-,0.862665,93.6246,2.71322,90.91138,-18.182276,90.91138,0.390102,0.378797,26
62,sprungantwort_TILT_-5deg_20260622_213348.csv,TILT,2,-5.0,5.0,-,0.895387,93.6005,2.71322,90.88728,-18.177456,90.88728,0.390002,0.378697,27
62,sprungantwort_TILT_-5deg_20260622_213348.csv,TILT,2,-5.0,5.0,-,0.927321,93.5558,2.71322,90.84258,-18.168516,90.84258,0.389816,0.378511,28
62,sprungantwort_TILT_-5deg_20260622_213348.csv,TILT,2,-5.0,5.0,-,0.959329,93.6323,2.71322,90.91908,-18.183816,90.91908,0.390135,0.37883,29
62,sprungantwort_TILT_-5deg_20260622_213348.csv,TILT,2,-5.0,5.0,-,0.990987,93.6669,2.71322,90.95368,-18.190736,90.95368,0.390279,0.378974,30
62,sprungantwort_TILT_-5deg_20260622_213348.csv,TILT,2,-5.0,5.0,-,1.023656,93.31,2.71322,90.59678,-18.119356,90.59678,0.388792,0.377487,31
62,sprungantwort_TILT_-5deg_20260622_213348.csv,TILT,2,-5.0,5.0,-,1.054714,93.479,2.71322,90.76578,-18.153156,90.76578,0.389496,0.378191,32
62,sprungantwort_TILT_-5deg_20260622_213348.csv,TILT,2,-5.0,5.0,-,1.087375,93.7934,2.71322,91.08018,-18.216036,91.08018,0.390806,0.379501,33
62,sprungantwort_TILT_-5deg_20260622_213348.csv,TILT,2,-5.0,5.0,-,1.11928,93.6384,2.71322,90.92518,-18.185036,90.92518,0.39016,0.378855,34
62,sprungantwort_TILT_-5deg_20260622_213348.csv,TILT,2,-5.0,5.0,-,1.151333,93.5232,2.71322,90.80998,-18.161996,90.80998,0.38968,0.378375,35
63,sprungantwort_TILT_-5deg_20260622_213348.csv,TILT,3,5.0,5.0,+,0.0,93.3937,93.418678,-0.024978,-0.004996,0.024978,0.389141,-0.000104,0
63,sprungantwort_TILT_-5deg_20260622_213348.csv,TILT,3,5.0,5.0,+,0.031869,92.9736,93.418678,-0.445078,-0.089016,0.445078,0.38739,-0.001855,1
63,sprungantwort_TILT_-5deg_20260622_213348.csv,TILT,3,5.0,5.0,+,0.063336,76.2179,93.418678,-17.200778,-3.440156,17.200778,0.317575,-0.07167,2
63,sprungantwort_TILT_-5deg_20260622_213348.csv,TILT,3,5.0,5.0,+,0.095611,39.3331,93.418678,-54.085578,-10.817116,54.085578,0.163888,-0.225357,3
63,sprungantwort_TILT_-5deg_20260622_213348.csv,TILT,3,5.0,5.0,+,0.128402,-1.6433,93.418678,-95.061978,-19.012396,95.061978,-0.006847,-0.396092,4
63,sprungantwort_TILT_-5deg_20260622_213348.csv,TILT,3,5.0,5.0,+,0.160054,-10.8898,93.418678,-104.308478,-20.861696,104.308478,-0.045374,-0.434619,5
63,sprungantwort_TILT_-5deg_20260622_213348.csv,TILT,3,5.0,5.0,+,0.191579,4.7264,93.418678,-88.692278,-17.738456,88.692278,0.019694,-0.369551,6
63,sprungantwort_TILT_-5deg_20260622_213348.csv,TILT,3,5.0,5.0,+,0.223646,12.9527,93.418678,-80.465978,-16.093196,80.465978,0.05397,-0.335275,7
63,sprungantwort_TILT_-5deg_20260622_213348.csv,TILT,3,5.0,5.0,+,0.255454,5.8986,93.418678,-87.520078,-17.504016,87.520078,0.024578,-0.364667,8
63,sprungantwort_TILT_-5deg_20260622_213348.csv,TILT,3,5.0,5.0,+,0.303804,2.4541,93.418678,-90.964578,-18.192916,90.964578,0.010226,-0.379019,9
63,sprungantwort_TILT_-5deg_20260622_213348.csv,TILT,3,5.0,5.0,+,0.335776,5.8969,93.418678,-87.521778,-17.504356,87.521778,0.02457,-0.364675,10
63,sprungantwort_TILT_-5deg_20260622_213348.csv,TILT,3,5.0,5.0,+,0.366368,5.3736,93.418678,-88.045078,-17.609016,88.045078,0.02239,-0.366855,11
63,sprungantwort_TILT_-5deg_20260622_213348.csv,TILT,3,5.0,5.0,+,0.399275,3.9828,93.418678,-89.435878,-17.887176,89.435878,0.016595,-0.37265,12
63,sprungantwort_TILT_-5deg_20260622_213348.csv,TILT,3,5.0,5.0,+,0.431221,5.2938,93.418678,-88.124878,-17.624976,88.124878,0.022058,-0.367187,13
63,sprungantwort_TILT_-5deg_20260622_213348.csv,TILT,3,5.0,5.0,+,0.463289,5.0367,93.418678,-88.381978,-17.676396,88.381978,0.020986,-0.368259,14
63,sprungantwort_TILT_-5deg_20260622_213348.csv,TILT,3,5.0,5.0,+,0.49508,4.5676,93.418678,-88.851078,-17.770216,88.851078,0.019032,-0.370213,15
63,sprungantwort_TILT_-5deg_20260622_213348.csv,TILT,3,5.0,5.0,+,0.526961,5.0235,93.418678,-88.395178,-17.679036,88.395178,0.020931,-0.368314,16
63,sprungantwort_TILT_-5deg_20260622_213348.csv,TILT,3,5.0,5.0,+,0.559927,4.7167,93.418678,-88.701978,-17.740396,88.701978,0.019653,-0.369592,17
63,sprungantwort_TILT_-5deg_20260622_213348.csv,TILT,3,5.0,5.0,+,0.590486,4.5268,93.418678,-88.891878,-17.778376,88.891878,0.018862,-0.370383,18
63,sprungantwort_TILT_-5deg_20260622_213348.csv,TILT,3,5.0,5.0,+,0.623748,4.7105,93.418678,-88.708178,-17.741636,88.708178,0.019627,-0.369618,19
63,sprungantwort_TILT_-5deg_20260622_213348.csv,TILT,3,5.0,5.0,+,0.655709,4.48,93.418678,-88.938678,-17.787736,88.938678,0.018667,-0.370578,20
63,sprungantwort_TILT_-5deg_20260622_213348.csv,TILT,3,5.0,5.0,+,0.703279,4.5573,93.418678,-88.861378,-17.772276,88.861378,0.018989,-0.370256,21
63,sprungantwort_TILT_-5deg_20260622_213348.csv,TILT,3,5.0,5.0,+,0.73515,4.6679,93.418678,-88.750778,-17.750156,88.750778,0.01945,-0.369795,22
63,sprungantwort_TILT_-5deg_20260622_213348.csv,TILT,3,5.0,5.0,+,0.767192,4.6169,93.418678,-88.801778,-17.760356,88.801778,0.019237,-0.370008,23
63,sprungantwort_TILT_-5deg_20260622_213348.csv,TILT,3,5.0,5.0,+,0.798912,4.8677,93.418678,-88.550978,-17.710196,88.550978,0.020282,-0.368963,24
63,sprungantwort_TILT_-5deg_20260622_213348.csv,TILT,3,5.0,5.0,+,0.831911,4.8449,93.418678,-88.573778,-17.714756,88.573778,0.020187,-0.369058,25
63,sprungantwort_TILT_-5deg_20260622_213348.csv,TILT,3,5.0,5.0,+,0.862934,4.8711,93.418678,-88.547578,-17.709516,88.547578,0.020296,-0.368949,26
63,sprungantwort_TILT_-5deg_20260622_213348.csv,TILT,3,5.0,5.0,+,0.896427,4.9538,93.418678,-88.464878,-17.692976,88.464878,0.020641,-0.368604,27
63,sprungantwort_TILT_-5deg_20260622_213348.csv,TILT,3,5.0,5.0,+,0.928443,4.8859,93.418678,-88.532778,-17.706556,88.532778,0.020358,-0.368887,28
63,sprungantwort_TILT_-5deg_20260622_213348.csv,TILT,3,5.0,5.0,+,0.960848,4.9333,93.418678,-88.485378,-17.697076,88.485378,0.020556,-0.368689,29
63,sprungantwort_TILT_-5deg_20260622_213348.csv,TILT,3,5.0,5.0,+,0.991474,4.8972,93.418678,-88.521478,-17.704296,88.521478,0.020405,-0.36884,30
63,sprungantwort_TILT_-5deg_20260622_213348.csv,TILT,3,5.0,5.0,+,1.024475,4.9645,93.418678,-88.454178,-17.690836,88.454178,0.020685,-0.36856,31
63,sprungantwort_TILT_-5deg_20260622_213348.csv,TILT,3,5.0,5.0,+,1.055509,4.9673,93.418678,-88.451378,-17.690276,88.451378,0.020697,-0.368548,32
63,sprungantwort_TILT_-5deg_20260622_213348.csv,TILT,3,5.0,5.0,+,1.104528,4.8784,93.418678,-88.540278,-17.708056,88.540278,0.020327,-0.368918,33
63,sprungantwort_TILT_-5deg_20260622_213348.csv,TILT,3,5.0,5.0,+,1.136162,4.9581,93.418678,-88.460578,-17.692116,88.460578,0.020659,-0.368586,34
63,sprungantwort_TILT_-5deg_20260622_213348.csv,TILT,3,5.0,5.0,+,1.167086,4.9572,93.418678,-88.461478,-17.692296,88.461478,0.020655,-0.36859,35
63,sprungantwort_TILT_-5deg_20260622_213348.csv,TILT,3,5.0,5.0,+,1.198803,4.9395,93.418678,-88.479178,-17.695836,88.479178,0.020581,-0.368664,36
64,sprungantwort_TILT_-5deg_20260622_213348.csv,TILT,4,-5.0,5.0,-,0.0,4.8964,5.025422,-0.129022,0.025804,-0.129022,0.020402,-0.000537,0
64,sprungantwort_TILT_-5deg_20260622_213348.csv,TILT,4,-5.0,5.0,-,0.029877,8.24,5.025422,3.214578,-0.642916,3.214578,0.034333,0.013394,1
64,sprungantwort_TILT_-5deg_20260622_213348.csv,TILT,4,-5.0,5.0,-,0.062475,40.3217,5.025422,35.296278,-7.059256,35.296278,0.168007,0.147068,2
64,sprungantwort_TILT_-5deg_20260622_213348.csv,TILT,4,-5.0,5.0,-,0.094555,88.3086,5.025422,83.283178,-16.656636,83.283178,0.367952,0.347013,3
64,sprungantwort_TILT_-5deg_20260622_213348.csv,TILT,4,-5.0,5.0,-,0.126511,106.6728,5.025422,101.647378,-20.329476,101.647378,0.44447,0.423531,4
64,sprungantwort_TILT_-5deg_20260622_213348.csv,TILT,4,-5.0,5.0,-,0.175118,101.44,5.025422,96.414578,-19.282916,96.414578,0.422667,0.401728,5
64,sprungantwort_TILT_-5deg_20260622_213348.csv,TILT,4,-5.0,5.0,-,0.205881,91.8463,5.025422,86.820878,-17.364176,86.820878,0.382693,0.361754,6
64,sprungantwort_TILT_-5deg_20260622_213348.csv,TILT,4,-5.0,5.0,-,0.239285,89.7373,5.025422,84.711878,-16.942376,84.711878,0.373905,0.352966,7
64,sprungantwort_TILT_-5deg_20260622_213348.csv,TILT,4,-5.0,5.0,-,0.27,93.0318,5.025422,88.006378,-17.601276,88.006378,0.387633,0.366694,8
64,sprungantwort_TILT_-5deg_20260622_213348.csv,TILT,4,-5.0,5.0,-,0.301907,92.089,5.025422,87.063578,-17.412716,87.063578,0.383704,0.362765,9
64,sprungantwort_TILT_-5deg_20260622_213348.csv,TILT,4,-5.0,5.0,-,0.33401,91.6034,5.025422,86.577978,-17.315596,86.577978,0.381681,0.360742,10
64,sprungantwort_TILT_-5deg_20260622_213348.csv,TILT,4,-5.0,5.0,-,0.366618,92.3957,5.025422,87.370278,-17.474056,87.370278,0.384982,0.364043,11
64,sprungantwort_TILT_-5deg_20260622_213348.csv,TILT,4,-5.0,5.0,-,0.398615,91.9018,5.025422,86.876378,-17.375276,86.876378,0.382924,0.361985,12
64,sprungantwort_TILT_-5deg_20260622_213348.csv,TILT,4,-5.0,5.0,-,0.430612,92.0401,5.025422,87.014678,-17.402936,87.014678,0.383501,0.362562,13
64,sprungantwort_TILT_-5deg_20260622_213348.csv,TILT,4,-5.0,5.0,-,0.461712,92.2762,5.025422,87.250778,-17.450156,87.250778,0.384484,0.363545,14
64,sprungantwort_TILT_-5deg_20260622_213348.csv,TILT,4,-5.0,5.0,-,0.494307,91.8406,5.025422,86.815178,-17.363036,86.815178,0.382669,0.36173,15
64,sprungantwort_TILT_-5deg_20260622_213348.csv,TILT,4,-5.0,5.0,-,0.526305,91.9875,5.025422,86.962078,-17.392416,86.962078,0.383281,0.362342,16
64,sprungantwort_TILT_-5deg_20260622_213348.csv,TILT,4,-5.0,5.0,-,0.573992,92.0124,5.025422,86.986978,-17.397396,86.986978,0.383385,0.362446,17
64,sprungantwort_TILT_-5deg_20260622_213348.csv,TILT,4,-5.0,5.0,-,0.605913,91.8793,5.025422,86.853878,-17.370776,86.853878,0.382831,0.361892,18
64,sprungantwort_TILT_-5deg_20260622_213348.csv,TILT,4,-5.0,5.0,-,0.638325,91.9572,5.025422,86.931778,-17.386356,86.931778,0.383155,0.362216,19
64,sprungantwort_TILT_-5deg_20260622_213348.csv,TILT,4,-5.0,5.0,-,0.67097,91.9277,5.025422,86.902278,-17.380456,86.902278,0.383032,0.362093,20
64,sprungantwort_TILT_-5deg_20260622_213348.csv,TILT,4,-5.0,5.0,-,0.702092,91.8541,5.025422,86.828678,-17.365736,86.828678,0.382725,0.361786,21
64,sprungantwort_TILT_-5deg_20260622_213348.csv,TILT,4,-5.0,5.0,-,0.733025,91.8461,5.025422,86.820678,-17.364136,86.820678,0.382692,0.361753,22
64,sprungantwort_TILT_-5deg_20260622_213348.csv,TILT,4,-5.0,5.0,-,0.767093,92.0729,5.025422,87.047478,-17.409496,87.047478,0.383637,0.362698,23
64,sprungantwort_TILT_-5deg_20260622_213348.csv,TILT,4,-5.0,5.0,-,0.799097,92.0784,5.025422,87.052978,-17.410596,87.052978,0.38366,0.362721,24
64,sprungantwort_TILT_-5deg_20260622_213348.csv,TILT,4,-5.0,5.0,-,0.83047,92.1082,5.025422,87.082778,-17.416556,87.082778,0.383784,0.362845,25
64,sprungantwort_TILT_-5deg_20260622_213348.csv,TILT,4,-5.0,5.0,-,0.863189,92.099,5.025422,87.073578,-17.414716,87.073578,0.383746,0.362807,26
64,sprungantwort_TILT_-5deg_20260622_213348.csv,TILT,4,-5.0,5.0,-,0.893453,92.0981,5.025422,87.072678,-17.414536,87.072678,0.383742,0.362803,27
64,sprungantwort_TILT_-5deg_20260622_213348.csv,TILT,4,-5.0,5.0,-,0.926454,91.9892,5.025422,86.963778,-17.392756,86.963778,0.383288,0.362349,28
64,sprungantwort_TILT_-5deg_20260622_213348.csv,TILT,4,-5.0,5.0,-,0.974676,92.2002,5.025422,87.174778,-17.434956,87.174778,0.384167,0.363228,29
64,sprungantwort_TILT_-5deg_20260622_213348.csv,TILT,4,-5.0,5.0,-,1.007561,92.25,5.025422,87.224578,-17.444916,87.224578,0.384375,0.363436,30
64,sprungantwort_TILT_-5deg_20260622_213348.csv,TILT,4,-5.0,5.0,-,1.038536,91.9881,5.025422,86.962678,-17.392536,86.962678,0.383284,0.362345,31
64,sprungantwort_TILT_-5deg_20260622_213348.csv,TILT,4,-5.0,5.0,-,1.070362,92.007,5.025422,86.981578,-17.396316,86.981578,0.383363,0.362424,32
64,sprungantwort_TILT_-5deg_20260622_213348.csv,TILT,4,-5.0,5.0,-,1.103326,91.9668,5.025422,86.941378,-17.388276,86.941378,0.383195,0.362256,33
64,sprungantwort_TILT_-5deg_20260622_213348.csv,TILT,4,-5.0,5.0,-,1.13432,91.9974,5.025422,86.971978,-17.394396,86.971978,0.383322,0.362383,34
64,sprungantwort_TILT_-5deg_20260622_213348.csv,TILT,4,-5.0,5.0,-,1.165773,91.9844,5.025422,86.958978,-17.391796,86.958978,0.383268,0.362329,35
64,sprungantwort_TILT_-5deg_20260622_213348.csv,TILT,4,-5.0,5.0,-,1.198827,91.8419,5.025422,86.816478,-17.363296,86.816478,0.382675,0.361736,36
65,sprungantwort_TILT_-5deg_20260622_213348.csv,TILT,5,5.0,5.0,+,0.0,91.9912,91.87183,0.11937,0.023874,-0.11937,0.383297,0.000498,0
65,sprungantwort_TILT_-5deg_20260622_213348.csv,TILT,5,5.0,5.0,+,0.031685,91.5759,91.87183,-0.29593,-0.059186,0.29593,0.381566,-0.001233,1
65,sprungantwort_TILT_-5deg_20260622_213348.csv,TILT,5,5.0,5.0,+,0.063702,72.4008,91.87183,-19.47103,-3.894206,19.47103,0.30167,-0.081129,2
65,sprungantwort_TILT_-5deg_20260622_213348.csv,TILT,5,5.0,5.0,+,0.095292,40.9038,91.87183,-50.96803,-10.193606,50.96803,0.170432,-0.212367,3
65,sprungantwort_TILT_-5deg_20260622_213348.csv,TILT,5,5.0,5.0,+,0.127383,5.2942,91.87183,-86.57763,-17.315526,86.57763,0.022059,-0.36074,4
65,sprungantwort_TILT_-5deg_20260622_213348.csv,TILT,5,5.0,5.0,+,0.159291,-4.288,91.87183,-96.15983,-19.231966,96.15983,-0.017867,-0.400666,5
65,sprungantwort_TILT_-5deg_20260622_213348.csv,TILT,5,5.0,5.0,+,0.190854,7.0843,91.87183,-84.78753,-16.957506,84.78753,0.029518,-0.353281,6
65,sprungantwort_TILT_-5deg_20260622_213348.csv,TILT,5,5.0,5.0,+,0.222858,14.2983,91.87183,-77.57353,-15.514706,77.57353,0.059576,-0.323223,7
65,sprungantwort_TILT_-5deg_20260622_213348.csv,TILT,5,5.0,5.0,+,0.254889,8.7203,91.87183,-83.15153,-16.630306,83.15153,0.036334,-0.346465,8
65,sprungantwort_TILT_-5deg_20260622_213348.csv,TILT,5,5.0,5.0,+,0.287942,6.2382,91.87183,-85.63363,-17.126726,85.63363,0.025992,-0.356807,9
65,sprungantwort_TILT_-5deg_20260622_213348.csv,TILT,5,5.0,5.0,+,0.318993,9.3279,91.87183,-82.54393,-16.508786,82.54393,0.038866,-0.343933,10
65,sprungantwort_TILT_-5deg_20260622_213348.csv,TILT,5,5.0,5.0,+,0.352057,8.6345,91.87183,-83.23733,-16.647466,83.23733,0.035977,-0.346822,11
65,sprungantwort_TILT_-5deg_20260622_213348.csv,TILT,5,5.0,5.0,+,0.398732,7.4527,91.87183,-84.41913,-16.883826,84.41913,0.031053,-0.351746,12
65,sprungantwort_TILT_-5deg_20260622_213348.csv,TILT,5,5.0,5.0,+,0.431089,8.6398,91.87183,-83.23203,-16.646406,83.23203,0.035999,-0.3468,13
65,sprungantwort_TILT_-5deg_20260622_213348.csv,TILT,5,5.0,5.0,+,0.463158,7.9744,91.87183,-83.89743,-16.779486,83.89743,0.033227,-0.349572,14
65,sprungantwort_TILT_-5deg_20260622_213348.csv,TILT,5,5.0,5.0,+,0.495099,7.7273,91.87183,-84.14453,-16.828906,84.14453,0.032197,-0.350602,15
65,sprungantwort_TILT_-5deg_20260622_213348.csv,TILT,5,5.0,5.0,+,0.527184,8.1879,91.87183,-83.68393,-16.736786,83.68393,0.034116,-0.348683,16
65,sprungantwort_TILT_-5deg_20260622_213348.csv,TILT,5,5.0,5.0,+,0.558165,7.9296,91.87183,-83.94223,-16.788446,83.94223,0.03304,-0.349759,17
65,sprungantwort_TILT_-5deg_20260622_213348.csv,TILT,5,5.0,5.0,+,0.590755,8.0752,91.87183,-83.79663,-16.759326,83.79663,0.033647,-0.349152,18
65,sprungantwort_TILT_-5deg_20260622_213348.csv,TILT,5,5.0,5.0,+,0.622819,8.1375,91.87183,-83.73433,-16.746866,83.73433,0.033906,-0.348893,19
65,sprungantwort_TILT_-5deg_20260622_213348.csv,TILT,5,5.0,5.0,+,0.654199,8.0634,91.87183,-83.80843,-16.761686,83.80843,0.033598,-0.349201,20
65,sprungantwort_TILT_-5deg_20260622_213348.csv,TILT,5,5.0,5.0,+,0.686244,8.0434,91.87183,-83.82843,-16.765686,83.82843,0.033514,-0.349285,21
65,sprungantwort_TILT_-5deg_20260622_213348.csv,TILT,5,5.0,5.0,+,0.718486,8.1353,91.87183,-83.73653,-16.747306,83.73653,0.033897,-0.348902,22
65,sprungantwort_TILT_-5deg_20260622_213348.csv,TILT,5,5.0,5.0,+,0.750519,8.0633,91.87183,-83.80853,-16.761706,83.80853,0.033597,-0.349202,23
65,sprungantwort_TILT_-5deg_20260622_213348.csv,TILT,5,5.0,5.0,+,0.799128,8.0718,91.87183,-83.80003,-16.760006,83.80003,0.033633,-0.349166,24
65,sprungantwort_TILT_-5deg_20260622_213348.csv,TILT,5,5.0,5.0,+,0.830043,8.0278,91.87183,-83.84403,-16.768806,83.84403,0.033449,-0.34935,25
65,sprungantwort_TILT_-5deg_20260622_213348.csv,TILT,5,5.0,5.0,+,0.86213,7.9359,91.87183,-83.93593,-16.787186,83.93593,0.033066,-0.349733,26
65,sprungantwort_TILT_-5deg_20260622_213348.csv,TILT,5,5.0,5.0,+,0.894221,8.0458,91.87183,-83.82603,-16.765206,83.82603,0.033524,-0.349275,27
65,sprungantwort_TILT_-5deg_20260622_213348.csv,TILT,5,5.0,5.0,+,0.926222,7.9046,91.87183,-83.96723,-16.793446,83.96723,0.032936,-0.349863,28
65,sprungantwort_TILT_-5deg_20260622_213348.csv,TILT,5,5.0,5.0,+,0.959227,7.9135,91.87183,-83.95833,-16.791666,83.95833,0.032973,-0.349826,29
65,sprungantwort_TILT_-5deg_20260622_213348.csv,TILT,5,5.0,5.0,+,0.990765,7.8982,91.87183,-83.97363,-16.794726,83.97363,0.032909,-0.34989,30
65,sprungantwort_TILT_-5deg_20260622_213348.csv,TILT,5,5.0,5.0,+,1.023291,7.5614,91.87183,-84.31043,-16.862086,84.31043,0.031506,-0.351293,31
65,sprungantwort_TILT_-5deg_20260622_213348.csv,TILT,5,5.0,5.0,+,1.056667,7.7138,91.87183,-84.15803,-16.831606,84.15803,0.032141,-0.350658,32
65,sprungantwort_TILT_-5deg_20260622_213348.csv,TILT,5,5.0,5.0,+,1.087818,7.6862,91.87183,-84.18563,-16.837126,84.18563,0.032026,-0.350773,33
65,sprungantwort_TILT_-5deg_20260622_213348.csv,TILT,5,5.0,5.0,+,1.118415,7.7308,91.87183,-84.14103,-16.828206,84.14103,0.032212,-0.350587,34
65,sprungantwort_TILT_-5deg_20260622_213348.csv,TILT,5,5.0,5.0,+,1.150383,7.9056,91.87183,-83.96623,-16.793246,83.96623,0.03294,-0.349859,35
65,sprungantwort_TILT_-5deg_20260622_213348.csv,TILT,5,5.0,5.0,+,1.199167,7.9626,91.87183,-83.90923,-16.781846,83.90923,0.033177,-0.349622,36
66,sprungantwort_TILT_-5deg_20260622_213348.csv,TILT,6,-5.0,5.0,-,0.0,7.911,7.738944,0.172056,-0.034411,0.172056,0.032962,0.000716,0
66,sprungantwort_TILT_-5deg_20260622_213348.csv,TILT,6,-5.0,5.0,-,0.031364,11.2183,7.738944,3.479356,-0.695871,3.479356,0.046743,0.014497,1
66,sprungantwort_TILT_-5deg_20260622_213348.csv,TILT,6,-5.0,5.0,-,0.062426,43.8727,7.738944,36.133756,-7.226751,36.133756,0.182803,0.150557,2
66,sprungantwort_TILT_-5deg_20260622_213348.csv,TILT,6,-5.0,5.0,-,0.095014,89.3228,7.738944,81.583856,-16.316771,81.583856,0.372178,0.339932,3
66,sprungantwort_TILT_-5deg_20260622_213348.csv,TILT,6,-5.0,5.0,-,0.126014,104.2345,7.738944,96.495556,-19.299111,96.495556,0.43431,0.402064,4
66,sprungantwort_TILT_-5deg_20260622_213348.csv,TILT,6,-5.0,5.0,-,0.159025,96.5782,7.738944,88.839256,-17.767851,88.839256,0.402409,0.370163,5
66,sprungantwort_TILT_-5deg_20260622_213348.csv,TILT,6,-5.0,5.0,-,0.191149,87.5809,7.738944,79.841956,-15.968391,79.841956,0.36492,0.332674,6
66,sprungantwort_TILT_-5deg_20260622_213348.csv,TILT,6,-5.0,5.0,-,0.224325,87.85,7.738944,80.111056,-16.022211,80.111056,0.366042,0.333796,7
66,sprungantwort_TILT_-5deg_20260622_213348.csv,TILT,6,-5.0,5.0,-,0.271091,92.0045,7.738944,84.265556,-16.853111,84.265556,0.383352,0.351106,8
66,sprungantwort_TILT_-5deg_20260622_213348.csv,TILT,6,-5.0,5.0,-,0.303649,90.582,7.738944,82.843056,-16.568611,82.843056,0.377425,0.345179,9
66,sprungantwort_TILT_-5deg_20260622_213348.csv,TILT,6,-5.0,5.0,-,0.33729,91.0533,7.738944,83.314356,-16.662871,83.314356,0.379389,0.347143,10
66,sprungantwort_TILT_-5deg_20260622_213348.csv,TILT,6,-5.0,5.0,-,0.368053,93.1375,7.738944,85.398556,-17.079711,85.398556,0.388073,0.355827,11
66,sprungantwort_TILT_-5deg_20260622_213348.csv,TILT,6,-5.0,5.0,-,0.400082,92.6871,7.738944,84.948156,-16.989631,84.948156,0.386196,0.35395,12
66,sprungantwort_TILT_-5deg_20260622_213348.csv,TILT,6,-5.0,5.0,-,0.432124,93.0512,7.738944,85.312256,-17.062451,85.312256,0.387713,0.355467,13
66,sprungantwort_TILT_-5deg_20260622_213348.csv,TILT,6,-5.0,5.0,-,0.464139,93.0252,7.738944,85.286256,-17.057251,85.286256,0.387605,0.355359,14
66,sprungantwort_TILT_-5deg_20260622_213348.csv,TILT,6,-5.0,5.0,-,0.495723,93.686,7.738944,85.947056,-17.189411,85.947056,0.390358,0.358112,15
66,sprungantwort_TILT_-5deg_20260622_213348.csv,TILT,6,-5.0,5.0,-,0.526755,94.6818,7.738944,86.942856,-17.388571,86.942856,0.394507,0.362261,16
66,sprungantwort_TILT_-5deg_20260622_213348.csv,TILT,6,-5.0,5.0,-,0.558773,94.3033,7.738944,86.564356,-17.312871,86.564356,0.39293,0.360684,17
66,sprungantwort_TILT_-5deg_20260622_213348.csv,TILT,6,-5.0,5.0,-,0.591362,94.3448,7.738944,86.605856,-17.321171,86.605856,0.393103,0.360857,18
66,sprungantwort_TILT_-5deg_20260622_213348.csv,TILT,6,-5.0,5.0,-,0.623367,94.4661,7.738944,86.727156,-17.345431,86.727156,0.393609,0.361363,19
66,sprungantwort_TILT_-5deg_20260622_213348.csv,TILT,6,-5.0,5.0,-,0.670997,94.1651,7.738944,86.426156,-17.285231,86.426156,0.392355,0.360109,20
66,sprungantwort_TILT_-5deg_20260622_213348.csv,TILT,6,-5.0,5.0,-,0.702899,94.657,7.738944,86.918056,-17.383611,86.918056,0.394404,0.362158,21
66,sprungantwort_TILT_-5deg_20260622_213348.csv,TILT,6,-5.0,5.0,-,0.734953,94.534,7.738944,86.795056,-17.359011,86.795056,0.393892,0.361646,22
66,sprungantwort_TILT_-5deg_20260622_213348.csv,TILT,6,-5.0,5.0,-,0.766616,94.3302,7.738944,86.591256,-17.318251,86.591256,0.393043,0.360797,23
66,sprungantwort_TILT_-5deg_20260622_213348.csv,TILT,6,-5.0,5.0,-,0.798713,94.5401,7.738944,86.801156,-17.360231,86.801156,0.393917,0.361671,24
66,sprungantwort_TILT_-5deg_20260622_213348.csv,TILT,6,-5.0,5.0,-,0.830952,94.6913,7.738944,86.952356,-17.390471,86.952356,0.394547,0.362301,25
66,sprungantwort_TILT_-5deg_20260622_213348.csv,TILT,6,-5.0,5.0,-,0.864071,94.6047,7.738944,86.865756,-17.373151,86.865756,0.394186,0.36194,26
66,sprungantwort_TILT_-5deg_20260622_213348.csv,TILT,6,-5.0,5.0,-,0.89574,94.3864,7.738944,86.647456,-17.329491,86.647456,0.393277,0.361031,27
66,sprungantwort_TILT_-5deg_20260622_213348.csv,TILT,6,-5.0,5.0,-,0.927715,94.3337,7.738944,86.594756,-17.318951,86.594756,0.393057,0.360811,28
66,sprungantwort_TILT_-5deg_20260622_213348.csv,TILT,6,-5.0,5.0,-,0.959792,94.0817,7.738944,86.342756,-17.268551,86.342756,0.392007,0.359761,29
66,sprungantwort_TILT_-5deg_20260622_213348.csv,TILT,6,-5.0,5.0,-,0.9914,94.2875,7.738944,86.548556,-17.309711,86.548556,0.392865,0.360619,30
66,sprungantwort_TILT_-5deg_20260622_213348.csv,TILT,6,-5.0,5.0,-,1.023369,94.2824,7.738944,86.543456,-17.308691,86.543456,0.392843,0.360597,31
66,sprungantwort_TILT_-5deg_20260622_213348.csv,TILT,6,-5.0,5.0,-,1.071032,94.2549,7.738944,86.515956,-17.303191,86.515956,0.392729,0.360483,32
66,sprungantwort_TILT_-5deg_20260622_213348.csv,TILT,6,-5.0,5.0,-,1.104053,94.2819,7.738944,86.542956,-17.308591,86.542956,0.392841,0.360595,33
66,sprungantwort_TILT_-5deg_20260622_213348.csv,TILT,6,-5.0,5.0,-,1.137066,94.2582,7.738944,86.519256,-17.303851,86.519256,0.392743,0.360497,34
66,sprungantwort_TILT_-5deg_20260622_213348.csv,TILT,6,-5.0,5.0,-,1.168671,94.2886,7.738944,86.549656,-17.309931,86.549656,0.392869,0.360623,35
66,sprungantwort_TILT_-5deg_20260622_213348.csv,TILT,6,-5.0,5.0,-,1.199429,94.3224,7.738944,86.583456,-17.316691,86.583456,0.39301,0.360764,36
67,sprungantwort_TILT_-5deg_20260622_213348.csv,TILT,7,5.0,5.0,+,0.0,94.4967,94.351822,0.144878,0.028976,-0.144878,0.393736,0.000603,0
67,sprungantwort_TILT_-5deg_20260622_213348.csv,TILT,7,5.0,5.0,+,0.030514,93.6709,94.351822,-0.680922,-0.136184,0.680922,0.390295,-0.002838,1
67,sprungantwort_TILT_-5deg_20260622_213348.csv,TILT,7,5.0,5.0,+,0.06311,72.1757,94.351822,-22.176122,-4.435224,22.176122,0.300732,-0.092401,2
67,sprungantwort_TILT_-5deg_20260622_213348.csv,TILT,7,5.0,5.0,+,0.095107,31.8227,94.351822,-62.529122,-12.505824,62.529122,0.132595,-0.260538,3
67,sprungantwort_TILT_-5deg_20260622_213348.csv,TILT,7,5.0,5.0,+,0.142954,-2.2314,94.351822,-96.583222,-19.316644,96.583222,-0.009298,-0.402431,4
67,sprungantwort_TILT_-5deg_20260622_213348.csv,TILT,7,5.0,5.0,+,0.175641,-5.5016,94.351822,-99.853422,-19.970684,99.853422,-0.022923,-0.416056,5
67,sprungantwort_TILT_-5deg_20260622_213348.csv,TILT,7,5.0,5.0,+,0.207585,11.0791,94.351822,-83.272722,-16.654544,83.272722,0.046163,-0.34697,6
67,sprungantwort_TILT_-5deg_20260622_213348.csv,TILT,7,5.0,5.0,+,0.238622,16.3531,94.351822,-77.998722,-15.599744,77.998722,0.068138,-0.324995,7
67,sprungantwort_TILT_-5deg_20260622_213348.csv,TILT,7,5.0,5.0,+,0.270442,8.0993,94.351822,-86.252522,-17.250504,86.252522,0.033747,-0.359386,8
67,sprungantwort_TILT_-5deg_20260622_213348.csv,TILT,7,5.0,5.0,+,0.302474,5.4566,94.351822,-88.895222,-17.779044,88.895222,0.022736,-0.370397,9
67,sprungantwort_TILT_-5deg_20260622_213348.csv,TILT,7,5.0,5.0,+,0.334534,8.6627,94.351822,-85.689122,-17.137824,85.689122,0.036094,-0.357039,10
67,sprungantwort_TILT_-5deg_20260622_213348.csv,TILT,7,5.0,5.0,+,0.367094,8.1157,94.351822,-86.236122,-17.247224,86.236122,0.033815,-0.359318,11
67,sprungantwort_TILT_-5deg_20260622_213348.csv,TILT,7,5.0,5.0,+,0.399013,7.2923,94.351822,-87.059522,-17.411904,87.059522,0.030385,-0.362748,12
67,sprungantwort_TILT_-5deg_20260622_213348.csv,TILT,7,5.0,5.0,+,0.430568,8.4185,94.351822,-85.933322,-17.186664,85.933322,0.035077,-0.358056,13
67,sprungantwort_TILT_-5deg_20260622_213348.csv,TILT,7,5.0,5.0,+,0.463277,7.9493,94.351822,-86.402522,-17.280504,86.402522,0.033122,-0.360011,14
67,sprungantwort_TILT_-5deg_20260622_213348.csv,TILT,7,5.0,5.0,+,0.495189,7.7073,94.351822,-86.644522,-17.328904,86.644522,0.032114,-0.361019,15
67,sprungantwort_TILT_-5deg_20260622_213348.csv,TILT,7,5.0,5.0,+,0.54267,8.1288,94.351822,-86.223022,-17.244604,86.223022,0.03387,-0.359263,16
67,sprungantwort_TILT_-5deg_20260622_213348.csv,TILT,7,5.0,5.0,+,0.574639,7.8484,94.351822,-86.503422,-17.300684,86.503422,0.032702,-0.360431,17
67,sprungantwort_TILT_-5deg_20260622_213348.csv,TILT,7,5.0,5.0,+,0.606615,7.9958,94.351822,-86.356022,-17.271204,86.356022,0.033316,-0.359817,18
67,sprungantwort_TILT_-5deg_20260622_213348.csv,TILT,7,5.0,5.0,+,0.640232,7.9657,94.351822,-86.386122,-17.277224,86.386122,0.03319,-0.359943,19
67,sprungantwort_TILT_-5deg_20260622_213348.csv,TILT,7,5.0,5.0,+,0.670591,7.8926,94.351822,-86.459222,-17.291844,86.459222,0.032886,-0.360247,20
67,sprungantwort_TILT_-5deg_20260622_213348.csv,TILT,7,5.0,5.0,+,0.703428,8.0969,94.351822,-86.254922,-17.250984,86.254922,0.033737,-0.359396,21
67,sprungantwort_TILT_-5deg_20260622_213348.csv,TILT,7,5.0,5.0,+,0.735453,7.968,94.351822,-86.383822,-17.276764,86.383822,0.0332,-0.359933,22
67,sprungantwort_TILT_-5deg_20260622_213348.csv,TILT,7,5.0,5.0,+,0.767002,7.8429,94.351822,-86.508922,-17.301784,86.508922,0.032679,-0.360454,23
67,sprungantwort_TILT_-5deg_20260622_213348.csv,TILT,7,5.0,5.0,+,0.798992,7.9991,94.351822,-86.352722,-17.270544,86.352722,0.033329,-0.359804,24
67,sprungantwort_TILT_-5deg_20260622_213348.csv,TILT,7,5.0,5.0,+,0.831214,7.9353,94.351822,-86.416522,-17.283304,86.416522,0.033064,-0.360069,25
67,sprungantwort_TILT_-5deg_20260622_213348.csv,TILT,7,5.0,5.0,+,0.863722,7.9655,94.351822,-86.386322,-17.277264,86.386322,0.03319,-0.359943,26
67,sprungantwort_TILT_-5deg_20260622_213348.csv,TILT,7,5.0,5.0,+,0.895795,7.9163,94.351822,-86.435522,-17.287104,86.435522,0.032984,-0.360149,27
67,sprungantwort_TILT_-5deg_20260622_213348.csv,TILT,7,5.0,5.0,+,0.943056,7.9046,94.351822,-86.447222,-17.289444,86.447222,0.032936,-0.360197,28
67,sprungantwort_TILT_-5deg_20260622_213348.csv,TILT,7,5.0,5.0,+,0.974168,7.9649,94.351822,-86.386922,-17.277384,86.386922,0.033187,-0.359946,29
67,sprungantwort_TILT_-5deg_20260622_213348.csv,TILT,7,5.0,5.0,+,1.006894,8.0355,94.351822,-86.316322,-17.263264,86.316322,0.033481,-0.359652,30
67,sprungantwort_TILT_-5deg_20260622_213348.csv,TILT,7,5.0,5.0,+,1.038351,7.979,94.351822,-86.372822,-17.274564,86.372822,0.033246,-0.359887,31
67,sprungantwort_TILT_-5deg_20260622_213348.csv,TILT,7,5.0,5.0,+,1.07093,7.9784,94.351822,-86.373422,-17.274684,86.373422,0.033243,-0.35989,32
67,sprungantwort_TILT_-5deg_20260622_213348.csv,TILT,7,5.0,5.0,+,1.102935,8.1852,94.351822,-86.166622,-17.233324,86.166622,0.034105,-0.359028,33
67,sprungantwort_TILT_-5deg_20260622_213348.csv,TILT,7,5.0,5.0,+,1.135888,8.0699,94.351822,-86.281922,-17.256384,86.281922,0.033624,-0.359509,34
67,sprungantwort_TILT_-5deg_20260622_213348.csv,TILT,7,5.0,5.0,+,1.166547,8.1214,94.351822,-86.230422,-17.246084,86.230422,0.033839,-0.359294,35
67,sprungantwort_TILT_-5deg_20260622_213348.csv,TILT,7,5.0,5.0,+,1.199524,8.1331,94.351822,-86.218722,-17.243744,86.218722,0.033888,-0.359245,36
68,sprungantwort_TILT_-5deg_20260622_213348.csv,TILT,8,-5.0,5.0,-,0.0,8.3147,8.149011,0.165689,-0.033138,0.165689,0.034644,0.00069,0
68,sprungantwort_TILT_-5deg_20260622_213348.csv,TILT,8,-5.0,5.0,-,0.030437,8.5796,8.149011,0.430589,-0.086118,0.430589,0.035748,0.001794,1
68,sprungantwort_TILT_-5deg_20260622_213348.csv,TILT,8,-5.0,5.0,-,0.063377,31.0398,8.149011,22.890789,-4.578158,22.890789,0.129333,0.095379,2
68,sprungantwort_TILT_-5deg_20260622_213348.csv,TILT,8,-5.0,5.0,-,0.094496,71.8184,8.149011,63.669389,-12.733878,63.669389,0.299243,0.265289,3
68,sprungantwort_TILT_-5deg_20260622_213348.csv,TILT,8,-5.0,5.0,-,0.127047,103.1157,8.149011,94.966689,-18.993338,94.966689,0.429649,0.395695,4
68,sprungantwort_TILT_-5deg_20260622_213348.csv,TILT,8,-5.0,5.0,-,0.159366,107.9962,8.149011,99.847189,-19.969438,99.847189,0.449984,0.41603,5
68,sprungantwort_TILT_-5deg_20260622_213348.csv,TILT,8,-5.0,5.0,-,0.192352,96.1211,8.149011,87.972089,-17.594418,87.972089,0.400505,0.366551,6
68,sprungantwort_TILT_-5deg_20260622_213348.csv,TILT,8,-5.0,5.0,-,0.223499,89.8552,8.149011,81.706189,-16.341238,81.706189,0.374397,0.340443,7
68,sprungantwort_TILT_-5deg_20260622_213348.csv,TILT,8,-5.0,5.0,-,0.255501,92.2182,8.149011,84.069189,-16.813838,84.069189,0.384243,0.350289,8
68,sprungantwort_TILT_-5deg_20260622_213348.csv,TILT,8,-5.0,5.0,-,0.286557,93.5473,8.149011,85.398289,-17.079658,85.398289,0.38978,0.355826,9
68,sprungantwort_TILT_-5deg_20260622_213348.csv,TILT,8,-5.0,5.0,-,0.317947,91.9456,8.149011,83.796589,-16.759318,83.796589,0.383107,0.349153,10
68,sprungantwort_TILT_-5deg_20260622_213348.csv,TILT,8,-5.0,5.0,-,0.351937,92.7118,8.149011,84.562789,-16.912558,84.562789,0.386299,0.352345,11
68,sprungantwort_TILT_-5deg_20260622_213348.csv,TILT,8,-5.0,5.0,-,0.399089,92.5971,8.149011,84.448089,-16.889618,84.448089,0.385821,0.351867,12
68,sprungantwort_TILT_-5deg_20260622_213348.csv,TILT,8,-5.0,5.0,-,0.430222,92.1259,8.149011,83.976889,-16.795378,83.976889,0.383858,0.349904,13
68,sprungantwort_TILT_-5deg_20260622_213348.csv,TILT,8,-5.0,5.0,-,0.463309,92.7443,8.149011,84.595289,-16.919058,84.595289,0.386435,0.352481,14
68,sprungantwort_TILT_-5deg_20260622_213348.csv,TILT,8,-5.0,5.0,-,0.495261,92.6164,8.149011,84.467389,-16.893478,84.467389,0.385902,0.351948,15
68,sprungantwort_TILT_-5deg_20260622_213348.csv,TILT,8,-5.0,5.0,-,0.526826,92.6311,8.149011,84.482089,-16.896418,84.482089,0.385963,0.352009,16
68,sprungantwort_TILT_-5deg_20260622_213348.csv,TILT,8,-5.0,5.0,-,0.558874,92.585,8.149011,84.435989,-16.887198,84.435989,0.385771,0.351817,17
68,sprungantwort_TILT_-5deg_20260622_213348.csv,TILT,8,-5.0,5.0,-,0.590877,92.5036,8.149011,84.354589,-16.870918,84.354589,0.385432,0.351478,18
68,sprungantwort_TILT_-5deg_20260622_213348.csv,TILT,8,-5.0,5.0,-,0.62248,92.6003,8.149011,84.451289,-16.890258,84.451289,0.385834,0.35188,19
68,sprungantwort_TILT_-5deg_20260622_213348.csv,TILT,8,-5.0,5.0,-,0.655474,92.4085,8.149011,84.259489,-16.851898,84.259489,0.385035,0.351081,20
68,sprungantwort_TILT_-5deg_20260622_213348.csv,TILT,8,-5.0,5.0,-,0.687474,92.4771,8.149011,84.328089,-16.865618,84.328089,0.385321,0.351367,21
68,sprungantwort_TILT_-5deg_20260622_213348.csv,TILT,8,-5.0,5.0,-,0.71909,92.4625,8.149011,84.313489,-16.862698,84.313489,0.38526,0.351306,22
68,sprungantwort_TILT_-5deg_20260622_213348.csv,TILT,8,-5.0,5.0,-,0.752001,92.2271,8.149011,84.078089,-16.815618,84.078089,0.38428,0.350326,23
68,sprungantwort_TILT_-5deg_20260622_213348.csv,TILT,8,-5.0,5.0,-,0.799614,92.4363,8.149011,84.287289,-16.857458,84.287289,0.385151,0.351197,24
68,sprungantwort_TILT_-5deg_20260622_213348.csv,TILT,8,-5.0,5.0,-,0.830934,92.2582,8.149011,84.109189,-16.821838,84.109189,0.384409,0.350455,25
68,sprungantwort_TILT_-5deg_20260622_213348.csv,TILT,8,-5.0,5.0,-,0.863017,92.2814,8.149011,84.132389,-16.826478,84.132389,0.384506,0.350552,26
68,sprungantwort_TILT_-5deg_20260622_213348.csv,TILT,8,-5.0,5.0,-,0.895915,92.1481,8.149011,83.999089,-16.799818,83.999089,0.38395,0.349996,27
68,sprungantwort_TILT_-5deg_20260622_213348.csv,TILT,8,-5.0,5.0,-,0.926541,92.1155,8.149011,83.966489,-16.793298,83.966489,0.383815,0.349861,28
68,sprungantwort_TILT_-5deg_20260622_213348.csv,TILT,8,-5.0,5.0,-,0.958441,92.3008,8.149011,84.151789,-16.830358,84.151789,0.384587,0.350633,29
68,sprungantwort_TILT_-5deg_20260622_213348.csv,TILT,8,-5.0,5.0,-,0.990584,92.3002,8.149011,84.151189,-16.830238,84.151189,0.384584,0.35063,30
68,sprungantwort_TILT_-5deg_20260622_213348.csv,TILT,8,-5.0,5.0,-,1.023445,92.3991,8.149011,84.250089,-16.850018,84.250089,0.384996,0.351042,31
68,sprungantwort_TILT_-5deg_20260622_213348.csv,TILT,8,-5.0,5.0,-,1.055739,92.4335,8.149011,84.284489,-16.856898,84.284489,0.38514,0.351186,32
68,sprungantwort_TILT_-5deg_20260622_213348.csv,TILT,8,-5.0,5.0,-,1.087305,92.4373,8.149011,84.288289,-16.857658,84.288289,0.385155,0.351201,33
68,sprungantwort_TILT_-5deg_20260622_213348.csv,TILT,8,-5.0,5.0,-,1.118813,92.4012,8.149011,84.252189,-16.850438,84.252189,0.385005,0.351051,34
68,sprungantwort_TILT_-5deg_20260622_213348.csv,TILT,8,-5.0,5.0,-,1.151846,92.4468,8.149011,84.297789,-16.859558,84.297789,0.385195,0.351241,35
68,sprungantwort_TILT_-5deg_20260622_213348.csv,TILT,8,-5.0,5.0,-,1.199157,92.4173,8.149011,84.268289,-16.853658,84.268289,0.385072,0.351118,36
69,sprungantwort_TILT_-5deg_20260622_213348.csv,TILT,9,5.0,5.0,+,0.0,92.586,92.407744,0.178256,0.035651,-0.178256,0.385775,0.000743,0
69,sprungantwort_TILT_-5deg_20260622_213348.csv,TILT,9,5.0,5.0,+,0.031497,89.7066,92.407744,-2.701144,-0.540229,2.701144,0.373777,-0.011255,1
69,sprungantwort_TILT_-5deg_20260622_213348.csv,TILT,9,5.0,5.0,+,0.063498,58.5116,92.407744,-33.896144,-6.779229,33.896144,0.243798,-0.141234,2
69,sprungantwort_TILT_-5deg_20260622_213348.csv,TILT,9,5.0,5.0,+,0.09522,21.0184,92.407744,-71.389344,-14.277869,71.389344,0.087577,-0.297455,3
69,sprungantwort_TILT_-5deg_20260622_213348.csv,TILT,9,5.0,5.0,+,0.127126,-2.2299,92.407744,-94.637644,-18.927529,94.637644,-0.009291,-0.394323,4
69,sprungantwort_TILT_-5deg_20260622_213348.csv,TILT,9,5.0,5.0,+,0.158827,-2.5864,92.407744,-94.994144,-18.998829,94.994144,-0.010777,-0.395809,5
69,sprungantwort_TILT_-5deg_20260622_213348.csv,TILT,9,5.0,5.0,+,0.191349,8.9229,92.407744,-83.484844,-16.696969,83.484844,0.037179,-0.347853,6
69,sprungantwort_TILT_-5deg_20260622_213348.csv,TILT,9,5.0,5.0,+,0.223453,9.8846,92.407744,-82.523144,-16.504629,82.523144,0.041186,-0.343846,7
69,sprungantwort_TILT_-5deg_20260622_213348.csv,TILT,9,5.0,5.0,+,0.27142,4.6767,92.407744,-87.731044,-17.546209,87.731044,0.019486,-0.365546,8
69,sprungantwort_TILT_-5deg_20260622_213348.csv,TILT,9,5.0,5.0,+,0.303417,5.9058,92.407744,-86.501944,-17.300389,86.501944,0.024607,-0.360425,9
69,sprungantwort_TILT_-5deg_20260622_213348.csv,TILT,9,5.0,5.0,+,0.335349,7.2745,92.407744,-85.133244,-17.026649,85.133244,0.03031,-0.354722,10
69,sprungantwort_TILT_-5deg_20260622_213348.csv,TILT,9,5.0,5.0,+,0.368066,5.7059,92.407744,-86.701844,-17.340369,86.701844,0.023775,-0.361257,11
69,sprungantwort_TILT_-5deg_20260622_213348.csv,TILT,9,5.0,5.0,+,0.399265,6.4992,92.407744,-85.908544,-17.181709,85.908544,0.02708,-0.357952,12
69,sprungantwort_TILT_-5deg_20260622_213348.csv,TILT,9,5.0,5.0,+,0.43134,6.7797,92.407744,-85.628044,-17.125609,85.628044,0.028249,-0.356783,13
69,sprungantwort_TILT_-5deg_20260622_213348.csv,TILT,9,5.0,5.0,+,0.463767,5.9774,92.407744,-86.430344,-17.286069,86.430344,0.024906,-0.360126,14
69,sprungantwort_TILT_-5deg_20260622_213348.csv,TILT,9,5.0,5.0,+,0.495369,6.5705,92.407744,-85.837244,-17.167449,85.837244,0.027377,-0.357655,15
69,sprungantwort_TILT_-5deg_20260622_213348.csv,TILT,9,5.0,5.0,+,0.527373,6.5576,92.407744,-85.850144,-17.170029,85.850144,0.027323,-0.357709,16
69,sprungantwort_TILT_-5deg_20260622_213348.csv,TILT,9,5.0,5.0,+,0.559367,6.379,92.407744,-86.028744,-17.205749,86.028744,0.026579,-0.358453,17
69,sprungantwort_TILT_-5deg_20260622_213348.csv,TILT,9,5.0,5.0,+,0.592087,6.6349,92.407744,-85.772844,-17.154569,85.772844,0.027645,-0.357387,18
69,sprungantwort_TILT_-5deg_20260622_213348.csv,TILT,9,5.0,5.0,+,0.623043,6.4515,92.407744,-85.956244,-17.191249,85.956244,0.026881,-0.358151,19
69,sprungantwort_TILT_-5deg_20260622_213348.csv,TILT,9,5.0,5.0,+,0.671095,6.5341,92.407744,-85.873644,-17.174729,85.873644,0.027226,-0.357806,20
69,sprungantwort_TILT_-5deg_20260622_213348.csv,TILT,9,5.0,5.0,+,0.703696,6.7337,92.407744,-85.674044,-17.134809,85.674044,0.028057,-0.356975,21
69,sprungantwort_TILT_-5deg_20260622_213348.csv,TILT,9,5.0,5.0,+,0.735674,6.3545,92.407744,-86.053244,-17.210649,86.053244,0.026477,-0.358555,22
69,sprungantwort_TILT_-5deg_20260622_213348.csv,TILT,9,5.0,5.0,+,0.766743,6.3762,92.407744,-86.031544,-17.206309,86.031544,0.026568,-0.358464,23
69,sprungantwort_TILT_-5deg_20260622_213348.csv,TILT,9,5.0,5.0,+,0.799379,6.4265,92.407744,-85.981244,-17.196249,85.981244,0.026777,-0.358255,24
69,sprungantwort_TILT_-5deg_20260622_213348.csv,TILT,9,5.0,5.0,+,0.831453,6.2574,92.407744,-86.150344,-17.230069,86.150344,0.026072,-0.35896,25
69,sprungantwort_TILT_-5deg_20260622_213348.csv,TILT,9,5.0,5.0,+,0.862825,6.5932,92.407744,-85.814544,-17.162909,85.814544,0.027472,-0.35756,26
69,sprungantwort_TILT_-5deg_20260622_213348.csv,TILT,9,5.0,5.0,+,0.894445,6.5294,92.407744,-85.878344,-17.175669,85.878344,0.027206,-0.357826,27
69,sprungantwort_TILT_-5deg_20260622_213348.csv,TILT,9,5.0,5.0,+,0.927172,6.2543,92.407744,-86.153444,-17.230689,86.153444,0.02606,-0.358972,28
69,sprungantwort_TILT_-5deg_20260622_213348.csv,TILT,9,5.0,5.0,+,0.958672,6.4905,92.407744,-85.917244,-17.183449,85.917244,0.027044,-0.357988,29
69,sprungantwort_TILT_-5deg_20260622_213348.csv,TILT,9,5.0,5.0,+,0.99125,6.3736,92.407744,-86.034144,-17.206829,86.034144,0.026557,-0.358475,30
69,sprungantwort_TILT_-5deg_20260622_213348.csv,TILT,9,5.0,5.0,+,1.023159,6.3465,92.407744,-86.061244,-17.212249,86.061244,0.026444,-0.358588,31
69,sprungantwort_TILT_-5deg_20260622_213348.csv,TILT,9,5.0,5.0,+,1.071362,6.7823,92.407744,-85.625444,-17.125089,85.625444,0.02826,-0.356772,32
69,sprungantwort_TILT_-5deg_20260622_213348.csv,TILT,9,5.0,5.0,+,1.102931,6.4737,92.407744,-85.934044,-17.186809,85.934044,0.026974,-0.358058,33
69,sprungantwort_TILT_-5deg_20260622_213348.csv,TILT,9,5.0,5.0,+,1.134993,6.3041,92.407744,-86.103644,-17.220729,86.103644,0.026267,-0.358765,34
69,sprungantwort_TILT_-5deg_20260622_213348.csv,TILT,9,5.0,5.0,+,1.167965,6.8019,92.407744,-85.605844,-17.121169,85.605844,0.028341,-0.356691,35
70,sprungantwort_TILT_-5deg_20260622_213853.csv,TILT,0,-5.0,5.0,-,0.0,-3.1678,-3.57016,0.40236,-0.080472,0.40236,-0.013199,0.001677,0
70,sprungantwort_TILT_-5deg_20260622_213853.csv,TILT,0,-5.0,5.0,-,0.031966,3.9407,-3.57016,7.51086,-1.502172,7.51086,0.01642,0.031296,1
70,sprungantwort_TILT_-5deg_20260622_213853.csv,TILT,0,-5.0,5.0,-,0.079635,44.0745,-3.57016,47.64466,-9.528932,47.64466,0.183644,0.19852,2
70,sprungantwort_TILT_-5deg_20260622_213853.csv,TILT,0,-5.0,5.0,-,0.111644,88.1774,-3.57016,91.74756,-18.349512,91.74756,0.367406,0.382282,3
70,sprungantwort_TILT_-5deg_20260622_213853.csv,TILT,0,-5.0,5.0,-,0.148296,95.5009,-3.57016,99.07106,-19.814212,99.07106,0.39792,0.412796,4
70,sprungantwort_TILT_-5deg_20260622_213853.csv,TILT,0,-5.0,5.0,-,0.177107,83.7076,-3.57016,87.27776,-17.455552,87.27776,0.348782,0.363658,5
70,sprungantwort_TILT_-5deg_20260622_213853.csv,TILT,0,-5.0,5.0,-,0.208179,75.134,-3.57016,78.70416,-15.740832,78.70416,0.313058,0.327934,6
70,sprungantwort_TILT_-5deg_20260622_213853.csv,TILT,0,-5.0,5.0,-,0.240755,78.8065,-3.57016,82.37666,-16.475332,82.37666,0.32836,0.343236,7
70,sprungantwort_TILT_-5deg_20260622_213853.csv,TILT,0,-5.0,5.0,-,0.273705,86.3484,-3.57016,89.91856,-17.983712,89.91856,0.359785,0.374661,8
70,sprungantwort_TILT_-5deg_20260622_213853.csv,TILT,0,-5.0,5.0,-,0.303751,85.4124,-3.57016,88.98256,-17.796512,88.98256,0.355885,0.370761,9
70,sprungantwort_TILT_-5deg_20260622_213853.csv,TILT,0,-5.0,5.0,-,0.336433,82.4861,-3.57016,86.05626,-17.211252,86.05626,0.343692,0.358568,10
70,sprungantwort_TILT_-5deg_20260622_213853.csv,TILT,0,-5.0,5.0,-,0.36827,83.7466,-3.57016,87.31676,-17.463352,87.31676,0.348944,0.36382,11
70,sprungantwort_TILT_-5deg_20260622_213853.csv,TILT,0,-5.0,5.0,-,0.4004,83.882,-3.57016,87.45216,-17.490432,87.45216,0.349508,0.364384,12
70,sprungantwort_TILT_-5deg_20260622_213853.csv,TILT,0,-5.0,5.0,-,0.432026,83.9857,-3.57016,87.55586,-17.511172,87.55586,0.34994,0.364816,13
70,sprungantwort_TILT_-5deg_20260622_213853.csv,TILT,0,-5.0,5.0,-,0.480037,85.4275,-3.57016,88.99766,-17.799532,88.99766,0.355948,0.370824,14
70,sprungantwort_TILT_-5deg_20260622_213853.csv,TILT,0,-5.0,5.0,-,0.51112,85.418,-3.57016,88.98816,-17.797632,88.98816,0.355908,0.370784,15
70,sprungantwort_TILT_-5deg_20260622_213853.csv,TILT,0,-5.0,5.0,-,0.544715,85.1177,-3.57016,88.68786,-17.737572,88.68786,0.354657,0.369533,16
70,sprungantwort_TILT_-5deg_20260622_213853.csv,TILT,0,-5.0,5.0,-,0.575344,85.3187,-3.57016,88.88886,-17.777772,88.88886,0.355495,0.370371,17
70,sprungantwort_TILT_-5deg_20260622_213853.csv,TILT,0,-5.0,5.0,-,0.608732,85.3568,-3.57016,88.92696,-17.785392,88.92696,0.355653,0.370529,18
70,sprungantwort_TILT_-5deg_20260622_213853.csv,TILT,0,-5.0,5.0,-,0.639242,85.2968,-3.57016,88.86696,-17.773392,88.86696,0.355403,0.370279,19
70,sprungantwort_TILT_-5deg_20260622_213853.csv,TILT,0,-5.0,5.0,-,0.672203,85.3,-3.57016,88.87016,-17.774032,88.87016,0.355417,0.370293,20
70,sprungantwort_TILT_-5deg_20260622_213853.csv,TILT,0,-5.0,5.0,-,0.704273,85.4707,-3.57016,89.04086,-17.808172,89.04086,0.356128,0.371004,21
70,sprungantwort_TILT_-5deg_20260622_213853.csv,TILT,0,-5.0,5.0,-,0.735859,85.4449,-3.57016,89.01506,-17.803012,89.01506,0.356021,0.370897,22
70,sprungantwort_TILT_-5deg_20260622_213853.csv,TILT,0,-5.0,5.0,-,0.767847,85.4508,-3.57016,89.02096,-17.804192,89.02096,0.356045,0.370921,23
70,sprungantwort_TILT_-5deg_20260622_213853.csv,TILT,0,-5.0,5.0,-,0.800639,85.4411,-3.57016,89.01126,-17.802252,89.01126,0.356004,0.37088,24
70,sprungantwort_TILT_-5deg_20260622_213853.csv,TILT,0,-5.0,5.0,-,0.831149,85.4784,-3.57016,89.04856,-17.809712,89.04856,0.35616,0.371036,25
70,sprungantwort_TILT_-5deg_20260622_213853.csv,TILT,0,-5.0,5.0,-,0.879297,85.4808,-3.57016,89.05096,-17.810192,89.05096,0.35617,0.371046,26
70,sprungantwort_TILT_-5deg_20260622_213853.csv,TILT,0,-5.0,5.0,-,0.911795,85.2902,-3.57016,88.86036,-17.772072,88.86036,0.355376,0.370252,27
70,sprungantwort_TILT_-5deg_20260622_213853.csv,TILT,0,-5.0,5.0,-,0.943465,85.3236,-3.57016,88.89376,-17.778752,88.89376,0.355515,0.370391,28
70,sprungantwort_TILT_-5deg_20260622_213853.csv,TILT,0,-5.0,5.0,-,0.976597,85.3311,-3.57016,88.90126,-17.780252,88.90126,0.355546,0.370422,29
70,sprungantwort_TILT_-5deg_20260622_213853.csv,TILT,0,-5.0,5.0,-,1.008762,85.2641,-3.57016,88.83426,-17.766852,88.83426,0.355267,0.370143,30
70,sprungantwort_TILT_-5deg_20260622_213853.csv,TILT,0,-5.0,5.0,-,1.039348,85.2925,-3.57016,88.86266,-17.772532,88.86266,0.355386,0.370262,31
70,sprungantwort_TILT_-5deg_20260622_213853.csv,TILT,0,-5.0,5.0,-,1.072454,85.2445,-3.57016,88.81466,-17.762932,88.81466,0.355185,0.370061,32
70,sprungantwort_TILT_-5deg_20260622_213853.csv,TILT,0,-5.0,5.0,-,1.103803,85.2378,-3.57016,88.80796,-17.761592,88.80796,0.355157,0.370033,33
70,sprungantwort_TILT_-5deg_20260622_213853.csv,TILT,0,-5.0,5.0,-,1.136173,85.4354,-3.57016,89.00556,-17.801112,89.00556,0.355981,0.370857,34
70,sprungantwort_TILT_-5deg_20260622_213853.csv,TILT,0,-5.0,5.0,-,1.168181,85.5222,-3.57016,89.09236,-17.818472,89.09236,0.356343,0.371219,35
70,sprungantwort_TILT_-5deg_20260622_213853.csv,TILT,0,-5.0,5.0,-,1.199531,85.541,-3.57016,89.11116,-17.822232,89.11116,0.356421,0.371297,36
71,sprungantwort_TILT_-5deg_20260622_213853.csv,TILT,1,5.0,5.0,+,0.0,85.6013,85.523256,0.078044,0.015609,-0.078044,0.356672,0.000325,0
71,sprungantwort_TILT_-5deg_20260622_213853.csv,TILT,1,5.0,5.0,+,0.031814,83.4862,85.523256,-2.037056,-0.407411,2.037056,0.347859,-0.008488,1
71,sprungantwort_TILT_-5deg_20260622_213853.csv,TILT,1,5.0,5.0,+,0.063692,57.7177,85.523256,-27.805556,-5.561111,27.805556,0.24049,-0.115857,2
71,sprungantwort_TILT_-5deg_20260622_213853.csv,TILT,1,5.0,5.0,+,0.095267,18.2695,85.523256,-67.253756,-13.450751,67.253756,0.076123,-0.280224,3
71,sprungantwort_TILT_-5deg_20260622_213853.csv,TILT,1,5.0,5.0,+,0.127249,-12.8953,85.523256,-98.418556,-19.683711,98.418556,-0.05373,-0.410077,4
71,sprungantwort_TILT_-5deg_20260622_213853.csv,TILT,1,5.0,5.0,+,0.15926,-13.311,85.523256,-98.834256,-19.766851,98.834256,-0.055463,-0.41181,5
71,sprungantwort_TILT_-5deg_20260622_213853.csv,TILT,1,5.0,5.0,+,0.191005,1.5953,85.523256,-83.927956,-16.785591,83.927956,0.006647,-0.3497,6
71,sprungantwort_TILT_-5deg_20260622_213853.csv,TILT,1,5.0,5.0,+,0.222978,5.1411,85.523256,-80.382156,-16.076431,80.382156,0.021421,-0.334926,7
71,sprungantwort_TILT_-5deg_20260622_213853.csv,TILT,1,5.0,5.0,+,0.255977,-2.047,85.523256,-87.570256,-17.514051,87.570256,-0.008529,-0.364876,8
71,sprungantwort_TILT_-5deg_20260622_213853.csv,TILT,1,5.0,5.0,+,0.287675,-3.2754,85.523256,-88.798656,-17.759731,88.798656,-0.013648,-0.369995,9
71,sprungantwort_TILT_-5deg_20260622_213853.csv,TILT,1,5.0,5.0,+,0.336748,-0.1051,85.523256,-85.628356,-17.125671,85.628356,-0.000438,-0.356785,10
71,sprungantwort_TILT_-5deg_20260622_213853.csv,TILT,1,5.0,5.0,+,0.366866,-1.2407,85.523256,-86.763956,-17.352791,86.763956,-0.005169,-0.361516,11
71,sprungantwort_TILT_-5deg_20260622_213853.csv,TILT,1,5.0,5.0,+,0.398982,-2.2479,85.523256,-87.771156,-17.554231,87.771156,-0.009366,-0.365713,12
71,sprungantwort_TILT_-5deg_20260622_213853.csv,TILT,1,5.0,5.0,+,0.444916,-0.44,85.523256,-85.963256,-17.192651,85.963256,-0.001833,-0.35818,13
71,sprungantwort_TILT_-5deg_20260622_213853.csv,TILT,1,5.0,5.0,+,0.467324,-1.0423,85.523256,-86.565556,-17.313111,86.565556,-0.004343,-0.36069,14
71,sprungantwort_TILT_-5deg_20260622_213853.csv,TILT,1,5.0,5.0,+,0.495209,-2.2742,85.523256,-87.797456,-17.559491,87.797456,-0.009476,-0.365823,15
71,sprungantwort_TILT_-5deg_20260622_213853.csv,TILT,1,5.0,5.0,+,0.527093,-1.1644,85.523256,-86.687656,-17.337531,86.687656,-0.004852,-0.361199,16
71,sprungantwort_TILT_-5deg_20260622_213853.csv,TILT,1,5.0,5.0,+,0.558278,-1.0269,85.523256,-86.550156,-17.310031,86.550156,-0.004279,-0.360626,17
71,sprungantwort_TILT_-5deg_20260622_213853.csv,TILT,1,5.0,5.0,+,0.589848,-1.6378,85.523256,-87.161056,-17.432211,87.161056,-0.006824,-0.363171,18
71,sprungantwort_TILT_-5deg_20260622_213853.csv,TILT,1,5.0,5.0,+,0.623726,-1.1861,85.523256,-86.709356,-17.341871,86.709356,-0.004942,-0.361289,19
71,sprungantwort_TILT_-5deg_20260622_213853.csv,TILT,1,5.0,5.0,+,0.656674,-0.9969,85.523256,-86.520156,-17.304031,86.520156,-0.004154,-0.360501,20
71,sprungantwort_TILT_-5deg_20260622_213853.csv,TILT,1,5.0,5.0,+,0.687293,-1.4407,85.523256,-86.963956,-17.392791,86.963956,-0.006003,-0.36235,21
71,sprungantwort_TILT_-5deg_20260622_213853.csv,TILT,1,5.0,5.0,+,0.736332,-1.4311,85.523256,-86.954356,-17.390871,86.954356,-0.005963,-0.36231,22
71,sprungantwort_TILT_-5deg_20260622_213853.csv,TILT,1,5.0,5.0,+,0.768397,-1.1899,85.523256,-86.713156,-17.342631,86.713156,-0.004958,-0.361305,23
71,sprungantwort_TILT_-5deg_20260622_213853.csv,TILT,1,5.0,5.0,+,0.79989,-1.3877,85.523256,-86.910956,-17.382191,86.910956,-0.005782,-0.362129,24
71,sprungantwort_TILT_-5deg_20260622_213853.csv,TILT,1,5.0,5.0,+,0.831644,-1.4426,85.523256,-86.965856,-17.393171,86.965856,-0.006011,-0.362358,25
71,sprungantwort_TILT_-5deg_20260622_213853.csv,TILT,1,5.0,5.0,+,0.863933,-1.3572,85.523256,-86.880456,-17.376091,86.880456,-0.005655,-0.362002,26
71,sprungantwort_TILT_-5deg_20260622_213853.csv,TILT,1,5.0,5.0,+,0.896053,-1.7765,85.523256,-87.299756,-17.459951,87.299756,-0.007402,-0.363749,27
71,sprungantwort_TILT_-5deg_20260622_213853.csv,TILT,1,5.0,5.0,+,0.927481,-2.2261,85.523256,-87.749356,-17.549871,87.749356,-0.009275,-0.365622,28
71,sprungantwort_TILT_-5deg_20260622_213853.csv,TILT,1,5.0,5.0,+,0.959491,-2.3016,85.523256,-87.824856,-17.564971,87.824856,-0.00959,-0.365937,29
71,sprungantwort_TILT_-5deg_20260622_213853.csv,TILT,1,5.0,5.0,+,0.991239,-2.5277,85.523256,-88.050956,-17.610191,88.050956,-0.010532,-0.366879,30
71,sprungantwort_TILT_-5deg_20260622_213853.csv,TILT,1,5.0,5.0,+,1.024237,-2.5434,85.523256,-88.066656,-17.613331,88.066656,-0.010598,-0.366945,31
71,sprungantwort_TILT_-5deg_20260622_213853.csv,TILT,1,5.0,5.0,+,1.056245,-2.2427,85.523256,-87.765956,-17.553191,87.765956,-0.009345,-0.365692,32
71,sprungantwort_TILT_-5deg_20260622_213853.csv,TILT,1,5.0,5.0,+,1.087896,-1.9327,85.523256,-87.455956,-17.491191,87.455956,-0.008053,-0.3644,33
71,sprungantwort_TILT_-5deg_20260622_213853.csv,TILT,1,5.0,5.0,+,1.136279,-1.4188,85.523256,-86.942056,-17.388411,86.942056,-0.005912,-0.362259,34
71,sprungantwort_TILT_-5deg_20260622_213853.csv,TILT,1,5.0,5.0,+,1.168342,-0.6404,85.523256,-86.163656,-17.232731,86.163656,-0.002668,-0.359015,35
72,sprungantwort_TILT_-5deg_20260622_213853.csv,TILT,2,-5.0,5.0,-,0.0,-1.7511,-1.625089,-0.126011,0.025202,-0.126011,-0.007296,-0.000525,0
72,sprungantwort_TILT_-5deg_20260622_213853.csv,TILT,2,-5.0,5.0,-,0.032449,0.1897,-1.625089,1.814789,-0.362958,1.814789,0.00079,0.007561,1
72,sprungantwort_TILT_-5deg_20260622_213853.csv,TILT,2,-5.0,5.0,-,0.062984,28.5106,-1.625089,30.135689,-6.027138,30.135689,0.118794,0.125565,2
72,sprungantwort_TILT_-5deg_20260622_213853.csv,TILT,2,-5.0,5.0,-,0.095252,70.9709,-1.625089,72.595989,-14.519198,72.595989,0.295712,0.302483,3
72,sprungantwort_TILT_-5deg_20260622_213853.csv,TILT,2,-5.0,5.0,-,0.127246,90.2879,-1.625089,91.912989,-18.382598,91.912989,0.3762,0.382971,4
72,sprungantwort_TILT_-5deg_20260622_213853.csv,TILT,2,-5.0,5.0,-,0.159165,88.3061,-1.625089,89.931189,-17.986238,89.931189,0.367942,0.374713,5
72,sprungantwort_TILT_-5deg_20260622_213853.csv,TILT,2,-5.0,5.0,-,0.191992,78.3214,-1.625089,79.946489,-15.989298,79.946489,0.326339,0.33311,6
72,sprungantwort_TILT_-5deg_20260622_213853.csv,TILT,2,-5.0,5.0,-,0.240058,76.4694,-1.625089,78.094489,-15.618898,78.094489,0.318623,0.325394,7
72,sprungantwort_TILT_-5deg_20260622_213853.csv,TILT,2,-5.0,5.0,-,0.271606,83.3136,-1.625089,84.938689,-16.987738,84.938689,0.34714,0.353911,8
72,sprungantwort_TILT_-5deg_20260622_213853.csv,TILT,2,-5.0,5.0,-,0.305242,84.8505,-1.625089,86.475589,-17.295118,86.475589,0.353544,0.360315,9
72,sprungantwort_TILT_-5deg_20260622_213853.csv,TILT,2,-5.0,5.0,-,0.336186,82.6596,-1.625089,84.284689,-16.856938,84.284689,0.344415,0.351186,10
72,sprungantwort_TILT_-5deg_20260622_213853.csv,TILT,2,-5.0,5.0,-,0.368441,83.3667,-1.625089,84.991789,-16.998358,84.991789,0.347361,0.354132,11
72,sprungantwort_TILT_-5deg_20260622_213853.csv,TILT,2,-5.0,5.0,-,0.399137,83.865,-1.625089,85.490089,-17.098018,85.490089,0.349437,0.356208,12
72,sprungantwort_TILT_-5deg_20260622_213853.csv,TILT,2,-5.0,5.0,-,0.430303,83.0435,-1.625089,84.668589,-16.933718,84.668589,0.346015,0.352786,13
72,sprungantwort_TILT_-5deg_20260622_213853.csv,TILT,2,-5.0,5.0,-,0.464781,83.5462,-1.625089,85.171289,-17.034258,85.171289,0.348109,0.35488,14
72,sprungantwort_TILT_-5deg_20260622_213853.csv,TILT,2,-5.0,5.0,-,0.495938,83.5577,-1.625089,85.182789,-17.036558,85.182789,0.348157,0.354928,15
72,sprungantwort_TILT_-5deg_20260622_213853.csv,TILT,2,-5.0,5.0,-,0.528062,83.1118,-1.625089,84.736889,-16.947378,84.736889,0.346299,0.35307,16
72,sprungantwort_TILT_-5deg_20260622_213853.csv,TILT,2,-5.0,5.0,-,0.559961,83.7786,-1.625089,85.403689,-17.080738,85.403689,0.349078,0.355849,17
72,sprungantwort_TILT_-5deg_20260622_213853.csv,TILT,2,-5.0,5.0,-,0.592517,83.4073,-1.625089,85.032389,-17.006478,85.032389,0.34753,0.354301,18
72,sprungantwort_TILT_-5deg_20260622_213853.csv,TILT,2,-5.0,5.0,-,0.638971,83.3179,-1.625089,84.942989,-16.988598,84.942989,0.347158,0.353929,19
72,sprungantwort_TILT_-5deg_20260622_213853.csv,TILT,2,-5.0,5.0,-,0.671623,83.5761,-1.625089,85.201189,-17.040238,85.201189,0.348234,0.355005,20
72,sprungantwort_TILT_-5deg_20260622_213853.csv,TILT,2,-5.0,5.0,-,0.703176,83.5448,-1.625089,85.169889,-17.033978,85.169889,0.348103,0.354874,21
72,sprungantwort_TILT_-5deg_20260622_213853.csv,TILT,2,-5.0,5.0,-,0.736181,83.5151,-1.625089,85.140189,-17.028038,85.140189,0.34798,0.354751,22
72,sprungantwort_TILT_-5deg_20260622_213853.csv,TILT,2,-5.0,5.0,-,0.767184,83.5997,-1.625089,85.224789,-17.044958,85.224789,0.348332,0.355103,23
72,sprungantwort_TILT_-5deg_20260622_213853.csv,TILT,2,-5.0,5.0,-,0.800595,83.6017,-1.625089,85.226789,-17.045358,85.226789,0.34834,0.355111,24
72,sprungantwort_TILT_-5deg_20260622_213853.csv,TILT,2,-5.0,5.0,-,0.832061,83.6142,-1.625089,85.239289,-17.047858,85.239289,0.348392,0.355163,25
72,sprungantwort_TILT_-5deg_20260622_213853.csv,TILT,2,-5.0,5.0,-,0.86593,83.8304,-1.625089,85.455489,-17.091098,85.455489,0.349293,0.356064,26
72,sprungantwort_TILT_-5deg_20260622_213853.csv,TILT,2,-5.0,5.0,-,0.897914,83.7854,-1.625089,85.410489,-17.082098,85.410489,0.349106,0.355877,27
72,sprungantwort_TILT_-5deg_20260622_213853.csv,TILT,2,-5.0,5.0,-,0.928443,83.7109,-1.625089,85.335989,-17.067198,85.335989,0.348796,0.355567,28
72,sprungantwort_TILT_-5deg_20260622_213853.csv,TILT,2,-5.0,5.0,-,0.96072,83.802,-1.625089,85.427089,-17.085418,85.427089,0.349175,0.355946,29
72,sprungantwort_TILT_-5deg_20260622_213853.csv,TILT,2,-5.0,5.0,-,0.992589,83.7909,-1.625089,85.415989,-17.083198,85.415989,0.349129,0.3559,30
72,sprungantwort_TILT_-5deg_20260622_213853.csv,TILT,2,-5.0,5.0,-,1.039187,83.7462,-1.625089,85.371289,-17.074258,85.371289,0.348943,0.355714,31
72,sprungantwort_TILT_-5deg_20260622_213853.csv,TILT,2,-5.0,5.0,-,1.071705,83.867,-1.625089,85.492089,-17.098418,85.492089,0.349446,0.356217,32
72,sprungantwort_TILT_-5deg_20260622_213853.csv,TILT,2,-5.0,5.0,-,1.104288,83.887,-1.625089,85.512089,-17.102418,85.512089,0.349529,0.3563,33
72,sprungantwort_TILT_-5deg_20260622_213853.csv,TILT,2,-5.0,5.0,-,1.135925,83.8879,-1.625089,85.512989,-17.102598,85.512989,0.349533,0.356304,34
72,sprungantwort_TILT_-5deg_20260622_213853.csv,TILT,2,-5.0,5.0,-,1.167925,83.9328,-1.625089,85.557889,-17.111578,85.557889,0.34972,0.356491,35
72,sprungantwort_TILT_-5deg_20260622_213853.csv,TILT,2,-5.0,5.0,-,1.199582,83.9287,-1.625089,85.553789,-17.110758,85.553789,0.349703,0.356474,36
73,sprungantwort_TILT_-5deg_20260622_213853.csv,TILT,3,5.0,5.0,+,0.0,85.947,85.74739,0.19961,0.039922,-0.19961,0.358112,0.000831,0
73,sprungantwort_TILT_-5deg_20260622_213853.csv,TILT,3,5.0,5.0,+,0.03191,82.4247,85.74739,-3.32269,-0.664538,3.32269,0.343436,-0.013845,1
73,sprungantwort_TILT_-5deg_20260622_213853.csv,TILT,3,5.0,5.0,+,0.079178,52.0797,85.74739,-33.66769,-6.733538,33.66769,0.216999,-0.140282,2
73,sprungantwort_TILT_-5deg_20260622_213853.csv,TILT,3,5.0,5.0,+,0.11322,8.4511,85.74739,-77.29629,-15.459258,77.29629,0.035213,-0.322068,3
73,sprungantwort_TILT_-5deg_20260622_213853.csv,TILT,3,5.0,5.0,+,0.143871,-15.6356,85.74739,-101.38299,-20.276598,101.38299,-0.065148,-0.422429,4
73,sprungantwort_TILT_-5deg_20260622_213853.csv,TILT,3,5.0,5.0,+,0.174865,-9.2708,85.74739,-95.01819,-19.003638,95.01819,-0.038628,-0.395909,5
73,sprungantwort_TILT_-5deg_20260622_213853.csv,TILT,3,5.0,5.0,+,0.207048,5.945,85.74739,-79.80239,-15.960478,79.80239,0.024771,-0.33251,6
73,sprungantwort_TILT_-5deg_20260622_213853.csv,TILT,3,5.0,5.0,+,0.239651,6.3419,85.74739,-79.40549,-15.881098,79.40549,0.026425,-0.330856,7
73,sprungantwort_TILT_-5deg_20260622_213853.csv,TILT,3,5.0,5.0,+,0.271683,-1.3176,85.74739,-87.06499,-17.412998,87.06499,-0.00549,-0.362771,8
73,sprungantwort_TILT_-5deg_20260622_213853.csv,TILT,3,5.0,5.0,+,0.302921,-0.9557,85.74739,-86.70309,-17.340618,86.70309,-0.003982,-0.361263,9
73,sprungantwort_TILT_-5deg_20260622_213853.csv,TILT,3,5.0,5.0,+,0.335438,1.2796,85.74739,-84.46779,-16.893558,84.46779,0.005332,-0.351949,10
73,sprungantwort_TILT_-5deg_20260622_213853.csv,TILT,3,5.0,5.0,+,0.368505,-0.2585,85.74739,-86.00589,-17.201178,86.00589,-0.001077,-0.358358,11
73,sprungantwort_TILT_-5deg_20260622_213853.csv,TILT,3,5.0,5.0,+,0.40052,-0.1773,85.74739,-85.92469,-17.184938,85.92469,-0.000739,-0.35802,12
73,sprungantwort_TILT_-5deg_20260622_213853.csv,TILT,3,5.0,5.0,+,0.432125,0.5858,85.74739,-85.16159,-17.032318,85.16159,0.002441,-0.35484,13
73,sprungantwort_TILT_-5deg_20260622_213853.csv,TILT,3,5.0,5.0,+,0.479362,-0.0391,85.74739,-85.78649,-17.157298,85.78649,-0.000163,-0.357444,14
73,sprungantwort_TILT_-5deg_20260622_213853.csv,TILT,3,5.0,5.0,+,0.511895,0.0231,85.74739,-85.72429,-17.144858,85.72429,9.6e-05,-0.357185,15
73,sprungantwort_TILT_-5deg_20260622_213853.csv,TILT,3,5.0,5.0,+,0.543389,0.2862,85.74739,-85.46119,-17.092238,85.46119,0.001193,-0.356088,16
73,sprungantwort_TILT_-5deg_20260622_213853.csv,TILT,3,5.0,5.0,+,0.575425,0.152,85.74739,-85.59539,-17.119078,85.59539,0.000633,-0.356648,17
73,sprungantwort_TILT_-5deg_20260622_213853.csv,TILT,3,5.0,5.0,+,0.606068,0.3607,85.74739,-85.38669,-17.077338,85.38669,0.001503,-0.355778,18
73,sprungantwort_TILT_-5deg_20260622_213853.csv,TILT,3,5.0,5.0,+,0.639988,0.1799,85.74739,-85.56749,-17.113498,85.56749,0.000749,-0.356532,19
73,sprungantwort_TILT_-5deg_20260622_213853.csv,TILT,3,5.0,5.0,+,0.672669,0.2098,85.74739,-85.53759,-17.107518,85.53759,0.000874,-0.356407,20
73,sprungantwort_TILT_-5deg_20260622_213853.csv,TILT,3,5.0,5.0,+,0.703531,0.2168,85.74739,-85.53059,-17.106118,85.53059,0.000904,-0.356377,21
73,sprungantwort_TILT_-5deg_20260622_213853.csv,TILT,3,5.0,5.0,+,0.734405,0.0575,85.74739,-85.68989,-17.137978,85.68989,0.00024,-0.357041,22
73,sprungantwort_TILT_-5deg_20260622_213853.csv,TILT,3,5.0,5.0,+,0.767811,0.1305,85.74739,-85.61689,-17.123378,85.61689,0.000544,-0.356737,23
73,sprungantwort_TILT_-5deg_20260622_213853.csv,TILT,3,5.0,5.0,+,0.799184,0.1753,85.74739,-85.57209,-17.114418,85.57209,0.000731,-0.35655,24
73,sprungantwort_TILT_-5deg_20260622_213853.csv,TILT,3,5.0,5.0,+,0.830905,0.1512,85.74739,-85.59619,-17.119238,85.59619,0.00063,-0.356651,25
73,sprungantwort_TILT_-5deg_20260622_213853.csv,TILT,3,5.0,5.0,+,0.878982,0.4209,85.74739,-85.32649,-17.065298,85.32649,0.001754,-0.355527,26
73,sprungantwort_TILT_-5deg_20260622_213853.csv,TILT,3,5.0,5.0,+,0.910951,0.2034,85.74739,-85.54399,-17.108798,85.54399,0.000848,-0.356433,27
73,sprungantwort_TILT_-5deg_20260622_213853.csv,TILT,3,5.0,5.0,+,0.943597,0.0965,85.74739,-85.65089,-17.130178,85.65089,0.000402,-0.356879,28
73,sprungantwort_TILT_-5deg_20260622_213853.csv,TILT,3,5.0,5.0,+,0.975617,0.4178,85.74739,-85.32959,-17.065918,85.32959,0.001741,-0.35554,29
73,sprungantwort_TILT_-5deg_20260622_213853.csv,TILT,3,5.0,5.0,+,1.007588,0.3722,85.74739,-85.37519,-17.075038,85.37519,0.001551,-0.35573,30
73,sprungantwort_TILT_-5deg_20260622_213853.csv,TILT,3,5.0,5.0,+,1.03927,0.0613,85.74739,-85.68609,-17.137218,85.68609,0.000255,-0.357026,31
73,sprungantwort_TILT_-5deg_20260622_213853.csv,TILT,3,5.0,5.0,+,1.072239,0.1761,85.74739,-85.57129,-17.114258,85.57129,0.000734,-0.356547,32
73,sprungantwort_TILT_-5deg_20260622_213853.csv,TILT,3,5.0,5.0,+,1.104189,0.1813,85.74739,-85.56609,-17.113218,85.56609,0.000755,-0.356526,33
73,sprungantwort_TILT_-5deg_20260622_213853.csv,TILT,3,5.0,5.0,+,1.135796,0.0206,85.74739,-85.72679,-17.145358,85.72679,8.6e-05,-0.357195,34
73,sprungantwort_TILT_-5deg_20260622_213853.csv,TILT,3,5.0,5.0,+,1.167504,-0.0168,85.74739,-85.76419,-17.152838,85.76419,-7e-05,-0.357351,35
73,sprungantwort_TILT_-5deg_20260622_213853.csv,TILT,3,5.0,5.0,+,1.199525,0.269,85.74739,-85.47839,-17.095678,85.47839,0.001121,-0.35616,36
74,sprungantwort_TILT_-5deg_20260622_213853.csv,TILT,4,-5.0,5.0,-,0.0,1.3441,1.125089,0.219011,-0.043802,0.219011,0.005601,0.000913,0
74,sprungantwort_TILT_-5deg_20260622_213853.csv,TILT,4,-5.0,5.0,-,0.031656,3.7226,1.125089,2.597511,-0.519502,2.597511,0.015511,0.010823,1
74,sprungantwort_TILT_-5deg_20260622_213853.csv,TILT,4,-5.0,5.0,-,0.063578,35.8852,1.125089,34.760111,-6.952022,34.760111,0.149522,0.144834,2
74,sprungantwort_TILT_-5deg_20260622_213853.csv,TILT,4,-5.0,5.0,-,0.095878,80.173,1.125089,79.047911,-15.809582,79.047911,0.334054,0.329366,3
74,sprungantwort_TILT_-5deg_20260622_213853.csv,TILT,4,-5.0,5.0,-,0.128573,97.1193,1.125089,95.994211,-19.198842,95.994211,0.404664,0.399976,4
74,sprungantwort_TILT_-5deg_20260622_213853.csv,TILT,4,-5.0,5.0,-,0.16181,92.3073,1.125089,91.182211,-18.236442,91.182211,0.384614,0.379926,5
74,sprungantwort_TILT_-5deg_20260622_213853.csv,TILT,4,-5.0,5.0,-,0.19118,82.8401,1.125089,81.715011,-16.343002,81.715011,0.345167,0.340479,6
74,sprungantwort_TILT_-5deg_20260622_213853.csv,TILT,4,-5.0,5.0,-,0.22333,80.8925,1.125089,79.767411,-15.953482,79.767411,0.337052,0.332364,7
74,sprungantwort_TILT_-5deg_20260622_213853.csv,TILT,4,-5.0,5.0,-,0.256335,85.604,1.125089,84.478911,-16.895782,84.478911,0.356684,0.351996,8
74,sprungantwort_TILT_-5deg_20260622_213853.csv,TILT,4,-5.0,5.0,-,0.287567,85.3614,1.125089,84.236311,-16.847262,84.236311,0.355673,0.350985,9
74,sprungantwort_TILT_-5deg_20260622_213853.csv,TILT,4,-5.0,5.0,-,0.336813,84.2512,1.125089,83.126111,-16.625222,83.126111,0.351047,0.346359,10
74,sprungantwort_TILT_-5deg_20260622_213853.csv,TILT,4,-5.0,5.0,-,0.367908,85.153,1.125089,84.027911,-16.805582,84.027911,0.354804,0.350116,11
74,sprungantwort_TILT_-5deg_20260622_213853.csv,TILT,4,-5.0,5.0,-,0.398715,84.6249,1.125089,83.499811,-16.699962,83.499811,0.352604,0.347916,12
74,sprungantwort_TILT_-5deg_20260622_213853.csv,TILT,4,-5.0,5.0,-,0.431752,84.6242,1.125089,83.499111,-16.699822,83.499111,0.352601,0.347913,13
74,sprungantwort_TILT_-5deg_20260622_213853.csv,TILT,4,-5.0,5.0,-,0.463712,84.8693,1.125089,83.744211,-16.748842,83.744211,0.353622,0.348934,14
74,sprungantwort_TILT_-5deg_20260622_213853.csv,TILT,4,-5.0,5.0,-,0.496508,84.8999,1.125089,83.774811,-16.754962,83.774811,0.35375,0.349062,15
74,sprungantwort_TILT_-5deg_20260622_213853.csv,TILT,4,-5.0,5.0,-,0.528509,85.0011,1.125089,83.876011,-16.775202,83.876011,0.354171,0.349483,16
74,sprungantwort_TILT_-5deg_20260622_213853.csv,TILT,4,-5.0,5.0,-,0.560455,85.1908,1.125089,84.065711,-16.813142,84.065711,0.354961,0.350273,17
74,sprungantwort_TILT_-5deg_20260622_213853.csv,TILT,4,-5.0,5.0,-,0.593605,85.1404,1.125089,84.015311,-16.803062,84.015311,0.354752,0.350064,18
74,sprungantwort_TILT_-5deg_20260622_213853.csv,TILT,4,-5.0,5.0,-,0.62416,85.1927,1.125089,84.067611,-16.813522,84.067611,0.35497,0.350282,19
74,sprungantwort_TILT_-5deg_20260622_213853.csv,TILT,4,-5.0,5.0,-,0.656163,85.2941,1.125089,84.169011,-16.833802,84.169011,0.355392,0.350704,20
74,sprungantwort_TILT_-5deg_20260622_213853.csv,TILT,4,-5.0,5.0,-,0.688242,86.0692,1.125089,84.944111,-16.988822,84.944111,0.358622,0.353934,21
74,sprungantwort_TILT_-5deg_20260622_213853.csv,TILT,4,-5.0,5.0,-,0.73684,87.5127,1.125089,86.387611,-17.277522,86.387611,0.364636,0.359948,22
74,sprungantwort_TILT_-5deg_20260622_213853.csv,TILT,4,-5.0,5.0,-,0.768799,87.1796,1.125089,86.054511,-17.210902,86.054511,0.363248,0.35856,23
74,sprungantwort_TILT_-5deg_20260622_213853.csv,TILT,4,-5.0,5.0,-,0.800183,87.1563,1.125089,86.031211,-17.206242,86.031211,0.363151,0.358463,24
74,sprungantwort_TILT_-5deg_20260622_213853.csv,TILT,4,-5.0,5.0,-,0.832404,87.4356,1.125089,86.310511,-17.262102,86.310511,0.364315,0.359627,25
74,sprungantwort_TILT_-5deg_20260622_213853.csv,TILT,4,-5.0,5.0,-,0.864131,87.2985,1.125089,86.173411,-17.234682,86.173411,0.363744,0.359056,26
74,sprungantwort_TILT_-5deg_20260622_213853.csv,TILT,4,-5.0,5.0,-,0.895832,87.2826,1.125089,86.157511,-17.231502,86.157511,0.363678,0.35899,27
74,sprungantwort_TILT_-5deg_20260622_213853.csv,TILT,4,-5.0,5.0,-,0.928324,87.3313,1.125089,86.206211,-17.241242,86.206211,0.363881,0.359193,28
74,sprungantwort_TILT_-5deg_20260622_213853.csv,TILT,4,-5.0,5.0,-,0.960254,87.3611,1.125089,86.236011,-17.247202,86.236011,0.364005,0.359317,29
74,sprungantwort_TILT_-5deg_20260622_213853.csv,TILT,4,-5.0,5.0,-,0.991975,87.3869,1.125089,86.261811,-17.252362,86.261811,0.364112,0.359424,30
74,sprungantwort_TILT_-5deg_20260622_213853.csv,TILT,4,-5.0,5.0,-,1.023834,87.3979,1.125089,86.272811,-17.254562,86.272811,0.364158,0.35947,31
74,sprungantwort_TILT_-5deg_20260622_213853.csv,TILT,4,-5.0,5.0,-,1.0558,87.5602,1.125089,86.435111,-17.287022,86.435111,0.364834,0.360146,32
74,sprungantwort_TILT_-5deg_20260622_213853.csv,TILT,4,-5.0,5.0,-,1.088892,88.0553,1.125089,86.930211,-17.386042,86.930211,0.366897,0.362209,33
74,sprungantwort_TILT_-5deg_20260622_213853.csv,TILT,4,-5.0,5.0,-,1.136561,88.1736,1.125089,87.048511,-17.409702,87.048511,0.36739,0.362702,34
74,sprungantwort_TILT_-5deg_20260622_213853.csv,TILT,4,-5.0,5.0,-,1.167162,88.29,1.125089,87.164911,-17.432982,87.164911,0.367875,0.363187,35
75,sprungantwort_TILT_-5deg_20260622_213853.csv,TILT,5,5.0,5.0,+,0.0,89.7654,88.910722,0.854678,0.170936,-0.854678,0.374022,0.003561,0
75,sprungantwort_TILT_-5deg_20260622_213853.csv,TILT,5,5.0,5.0,+,0.031587,88.0314,88.910722,-0.879322,-0.175864,0.879322,0.366798,-0.003663,1
75,sprungantwort_TILT_-5deg_20260622_213853.csv,TILT,5,5.0,5.0,+,0.063545,62.8756,88.910722,-26.035122,-5.207024,26.035122,0.261982,-0.108479,2
75,sprungantwort_TILT_-5deg_20260622_213853.csv,TILT,5,5.0,5.0,+,0.094691,21.286,88.910722,-67.624722,-13.524944,67.624722,0.088692,-0.281769,3
75,sprungantwort_TILT_-5deg_20260622_213853.csv,TILT,5,5.0,5.0,+,0.127663,-9.4635,88.910722,-98.374222,-19.674844,98.374222,-0.039431,-0.409892,4
75,sprungantwort_TILT_-5deg_20260622_213853.csv,TILT,5,5.0,5.0,+,0.159717,-9.4017,88.910722,-98.312422,-19.662484,98.312422,-0.039174,-0.409635,5
75,sprungantwort_TILT_-5deg_20260622_213853.csv,TILT,5,5.0,5.0,+,0.192191,4.3871,88.910722,-84.523622,-16.904724,84.523622,0.018279,-0.352182,6
75,sprungantwort_TILT_-5deg_20260622_213853.csv,TILT,5,5.0,5.0,+,0.240006,6.1231,88.910722,-82.787622,-16.557524,82.787622,0.025513,-0.344948,7
75,sprungantwort_TILT_-5deg_20260622_213853.csv,TILT,5,5.0,5.0,+,0.271355,-0.1243,88.910722,-89.035022,-17.807004,89.035022,-0.000518,-0.370979,8
75,sprungantwort_TILT_-5deg_20260622_213853.csv,TILT,5,5.0,5.0,+,0.302914,0.3916,88.910722,-88.519122,-17.703824,88.519122,0.001632,-0.368829,9
75,sprungantwort_TILT_-5deg_20260622_213853.csv,TILT,5,5.0,5.0,+,0.334301,1.9463,88.910722,-86.964422,-17.392884,86.964422,0.00811,-0.362351,10
75,sprungantwort_TILT_-5deg_20260622_213853.csv,TILT,5,5.0,5.0,+,0.367724,0.3438,88.910722,-88.566922,-17.713384,88.566922,0.001432,-0.369029,11
75,sprungantwort_TILT_-5deg_20260622_213853.csv,TILT,5,5.0,5.0,+,0.399947,1.0717,88.910722,-87.839022,-17.567804,87.839022,0.004466,-0.365995,12
75,sprungantwort_TILT_-5deg_20260622_213853.csv,TILT,5,5.0,5.0,+,0.430746,1.4636,88.910722,-87.447122,-17.489424,87.447122,0.006098,-0.364363,13
75,sprungantwort_TILT_-5deg_20260622_213853.csv,TILT,5,5.0,5.0,+,0.463227,0.6832,88.910722,-88.227522,-17.645504,88.227522,0.002847,-0.367614,14
75,sprungantwort_TILT_-5deg_20260622_213853.csv,TILT,5,5.0,5.0,+,0.495327,1.068,88.910722,-87.842722,-17.568544,87.842722,0.00445,-0.366011,15
75,sprungantwort_TILT_-5deg_20260622_213853.csv,TILT,5,5.0,5.0,+,0.526394,1.0324,88.910722,-87.878322,-17.575664,87.878322,0.004302,-0.366159,16
75,sprungantwort_TILT_-5deg_20260622_213853.csv,TILT,5,5.0,5.0,+,0.558717,0.9209,88.910722,-87.989822,-17.597964,87.989822,0.003837,-0.366624,17
75,sprungantwort_TILT_-5deg_20260622_213853.csv,TILT,5,5.0,5.0,+,0.590886,1.0966,88.910722,-87.814122,-17.562824,87.814122,0.004569,-0.365892,18
75,sprungantwort_TILT_-5deg_20260622_213853.csv,TILT,5,5.0,5.0,+,0.637937,1.0563,88.910722,-87.854422,-17.570884,87.854422,0.004401,-0.36606,19
75,sprungantwort_TILT_-5deg_20260622_213853.csv,TILT,5,5.0,5.0,+,0.670661,1.0079,88.910722,-87.902822,-17.580564,87.902822,0.004199,-0.366262,20
75,sprungantwort_TILT_-5deg_20260622_213853.csv,TILT,5,5.0,5.0,+,0.702799,0.7842,88.910722,-88.126522,-17.625304,88.126522,0.003267,-0.367194,21
75,sprungantwort_TILT_-5deg_20260622_213853.csv,TILT,5,5.0,5.0,+,0.735791,0.6346,88.910722,-88.276122,-17.655224,88.276122,0.002644,-0.367817,22
75,sprungantwort_TILT_-5deg_20260622_213853.csv,TILT,5,5.0,5.0,+,0.765442,0.5878,88.910722,-88.322922,-17.664584,88.322922,0.002449,-0.368012,23
75,sprungantwort_TILT_-5deg_20260622_213853.csv,TILT,5,5.0,5.0,+,0.800215,0.5968,88.910722,-88.313922,-17.662784,88.313922,0.002487,-0.367974,24
75,sprungantwort_TILT_-5deg_20260622_213853.csv,TILT,5,5.0,5.0,+,0.830963,0.5175,88.910722,-88.393222,-17.678644,88.393222,0.002156,-0.368305,25
75,sprungantwort_TILT_-5deg_20260622_213853.csv,TILT,5,5.0,5.0,+,0.864247,0.748,88.910722,-88.162722,-17.632544,88.162722,0.003117,-0.367344,26
75,sprungantwort_TILT_-5deg_20260622_213853.csv,TILT,5,5.0,5.0,+,0.896224,0.8709,88.910722,-88.039822,-17.607964,88.039822,0.003629,-0.366832,27
75,sprungantwort_TILT_-5deg_20260622_213853.csv,TILT,5,5.0,5.0,+,0.926805,0.9159,88.910722,-87.994822,-17.598964,87.994822,0.003816,-0.366645,28
75,sprungantwort_TILT_-5deg_20260622_213853.csv,TILT,5,5.0,5.0,+,0.958669,0.9084,88.910722,-88.002322,-17.600464,88.002322,0.003785,-0.366676,29
75,sprungantwort_TILT_-5deg_20260622_213853.csv,TILT,5,5.0,5.0,+,0.990964,0.9512,88.910722,-87.959522,-17.591904,87.959522,0.003963,-0.366498,30
75,sprungantwort_TILT_-5deg_20260622_213853.csv,TILT,5,5.0,5.0,+,1.040425,0.9727,88.910722,-87.938022,-17.587604,87.938022,0.004053,-0.366408,31
75,sprungantwort_TILT_-5deg_20260622_213853.csv,TILT,5,5.0,5.0,+,1.071543,0.9427,88.910722,-87.968022,-17.593604,87.968022,0.003928,-0.366533,32
75,sprungantwort_TILT_-5deg_20260622_213853.csv,TILT,5,5.0,5.0,+,1.102787,0.971,88.910722,-87.939722,-17.587944,87.939722,0.004046,-0.366415,33
75,sprungantwort_TILT_-5deg_20260622_213853.csv,TILT,5,5.0,5.0,+,1.134736,0.9572,88.910722,-87.953522,-17.590704,87.953522,0.003988,-0.366473,34
75,sprungantwort_TILT_-5deg_20260622_213853.csv,TILT,5,5.0,5.0,+,1.166766,0.9623,88.910722,-87.948422,-17.589684,87.948422,0.004009,-0.366452,35
75,sprungantwort_TILT_-5deg_20260622_213853.csv,TILT,5,5.0,5.0,+,1.199308,0.8027,88.910722,-88.108022,-17.621604,88.108022,0.003345,-0.367116,36
76,sprungantwort_TILT_-5deg_20260622_213853.csv,TILT,6,-5.0,5.0,-,0.0,1.3069,1.41284,-0.10594,0.021188,-0.10594,0.005445,-0.000442,0
76,sprungantwort_TILT_-5deg_20260622_213853.csv,TILT,6,-5.0,5.0,-,0.031697,6.1547,1.41284,4.74186,-0.948372,4.74186,0.025644,0.019757,1
76,sprungantwort_TILT_-5deg_20260622_213853.csv,TILT,6,-5.0,5.0,-,0.080265,41.6106,1.41284,40.19776,-8.039552,40.19776,0.173378,0.167491,2
76,sprungantwort_TILT_-5deg_20260622_213853.csv,TILT,6,-5.0,5.0,-,0.112236,87.8276,1.41284,86.41476,-17.282952,86.41476,0.365948,0.360061,3
76,sprungantwort_TILT_-5deg_20260622_213853.csv,TILT,6,-5.0,5.0,-,0.14387,102.3426,1.41284,100.92976,-20.185952,100.92976,0.426427,0.42054,4
76,sprungantwort_TILT_-5deg_20260622_213853.csv,TILT,6,-5.0,5.0,-,0.17684,93.664,1.41284,92.25116,-18.450232,92.25116,0.390267,0.38438,5
76,sprungantwort_TILT_-5deg_20260622_213853.csv,TILT,6,-5.0,5.0,-,0.207878,84.4042,1.41284,82.99136,-16.598272,82.99136,0.351684,0.345797,6
76,sprungantwort_TILT_-5deg_20260622_213853.csv,TILT,6,-5.0,5.0,-,0.239818,83.1272,1.41284,81.71436,-16.342872,81.71436,0.346363,0.340476,7
76,sprungantwort_TILT_-5deg_20260622_213853.csv,TILT,6,-5.0,5.0,-,0.271854,86.0183,1.41284,84.60546,-16.921092,84.60546,0.35841,0.352523,8
76,sprungantwort_TILT_-5deg_20260622_213853.csv,TILT,6,-5.0,5.0,-,0.304839,85.4258,1.41284,84.01296,-16.802592,84.01296,0.355941,0.350054,9
76,sprungantwort_TILT_-5deg_20260622_213853.csv,TILT,6,-5.0,5.0,-,0.335795,86.8195,1.41284,85.40666,-17.081332,85.40666,0.361748,0.355861,10
76,sprungantwort_TILT_-5deg_20260622_213853.csv,TILT,6,-5.0,5.0,-,0.367544,87.1351,1.41284,85.72226,-17.144452,85.72226,0.363063,0.357176,11
76,sprungantwort_TILT_-5deg_20260622_213853.csv,TILT,6,-5.0,5.0,-,0.400471,86.5009,1.41284,85.08806,-17.017612,85.08806,0.36042,0.354533,12
76,sprungantwort_TILT_-5deg_20260622_213853.csv,TILT,6,-5.0,5.0,-,0.432118,86.7247,1.41284,85.31186,-17.062372,85.31186,0.361353,0.355466,13
76,sprungantwort_TILT_-5deg_20260622_213853.csv,TILT,6,-5.0,5.0,-,0.480514,87.0626,1.41284,85.64976,-17.129952,85.64976,0.362761,0.356874,14
76,sprungantwort_TILT_-5deg_20260622_213853.csv,TILT,6,-5.0,5.0,-,0.51256,88.0698,1.41284,86.65696,-17.331392,86.65696,0.366957,0.36107,15
76,sprungantwort_TILT_-5deg_20260622_213853.csv,TILT,6,-5.0,5.0,-,0.544704,89.4506,1.41284,88.03776,-17.607552,88.03776,0.372711,0.366824,16
76,sprungantwort_TILT_-5deg_20260622_213853.csv,TILT,6,-5.0,5.0,-,0.576729,89.3137,1.41284,87.90086,-17.580172,87.90086,0.37214,0.366253,17
76,sprungantwort_TILT_-5deg_20260622_213853.csv,TILT,6,-5.0,5.0,-,0.607723,89.3207,1.41284,87.90786,-17.581572,87.90786,0.372169,0.366282,18
76,sprungantwort_TILT_-5deg_20260622_213853.csv,TILT,6,-5.0,5.0,-,0.639286,89.4083,1.41284,87.99546,-17.599092,87.99546,0.372534,0.366647,19
76,sprungantwort_TILT_-5deg_20260622_213853.csv,TILT,6,-5.0,5.0,-,0.672219,89.4032,1.41284,87.99036,-17.598072,87.99036,0.372513,0.366626,20
76,sprungantwort_TILT_-5deg_20260622_213853.csv,TILT,6,-5.0,5.0,-,0.704192,89.3979,1.41284,87.98506,-17.597012,87.98506,0.372491,0.366604,21
76,sprungantwort_TILT_-5deg_20260622_213853.csv,TILT,6,-5.0,5.0,-,0.736163,90.8541,1.41284,89.44126,-17.888252,89.44126,0.378559,0.372672,22
76,sprungantwort_TILT_-5deg_20260622_213853.csv,TILT,6,-5.0,5.0,-,0.767841,91.3031,1.41284,89.89026,-17.978052,89.89026,0.380429,0.374542,23
76,sprungantwort_TILT_-5deg_20260622_213853.csv,TILT,6,-5.0,5.0,-,0.799914,90.6073,1.41284,89.19446,-17.838892,89.19446,0.37753,0.371643,24
76,sprungantwort_TILT_-5deg_20260622_213853.csv,TILT,6,-5.0,5.0,-,0.832694,90.7275,1.41284,89.31466,-17.862932,89.31466,0.378031,0.372144,25
76,sprungantwort_TILT_-5deg_20260622_213853.csv,TILT,6,-5.0,5.0,-,0.879354,91.3254,1.41284,89.91256,-17.982512,89.91256,0.380523,0.374636,26
76,sprungantwort_TILT_-5deg_20260622_213853.csv,TILT,6,-5.0,5.0,-,0.911151,91.0968,1.41284,89.68396,-17.936792,89.68396,0.37957,0.373683,27
76,sprungantwort_TILT_-5deg_20260622_213853.csv,TILT,6,-5.0,5.0,-,0.943216,90.8018,1.41284,89.38896,-17.877792,89.38896,0.378341,0.372454,28
76,sprungantwort_TILT_-5deg_20260622_213853.csv,TILT,6,-5.0,5.0,-,0.976103,90.7985,1.41284,89.38566,-17.877132,89.38566,0.378327,0.37244,29
76,sprungantwort_TILT_-5deg_20260622_213853.csv,TILT,6,-5.0,5.0,-,1.008197,90.7967,1.41284,89.38386,-17.876772,89.38386,0.37832,0.372433,30
76,sprungantwort_TILT_-5deg_20260622_213853.csv,TILT,6,-5.0,5.0,-,1.039798,90.7314,1.41284,89.31856,-17.863712,89.31856,0.378048,0.372161,31
76,sprungantwort_TILT_-5deg_20260622_213853.csv,TILT,6,-5.0,5.0,-,1.071805,90.5755,1.41284,89.16266,-17.832532,89.16266,0.377398,0.371511,32
76,sprungantwort_TILT_-5deg_20260622_213853.csv,TILT,6,-5.0,5.0,-,1.103803,90.6408,1.41284,89.22796,-17.845592,89.22796,0.37767,0.371783,33
76,sprungantwort_TILT_-5deg_20260622_213853.csv,TILT,6,-5.0,5.0,-,1.135924,90.8111,1.41284,89.39826,-17.879652,89.39826,0.378379,0.372492,34
76,sprungantwort_TILT_-5deg_20260622_213853.csv,TILT,6,-5.0,5.0,-,1.16742,91.0909,1.41284,89.67806,-17.935612,89.67806,0.379546,0.373659,35
77,sprungantwort_TILT_-5deg_20260622_213853.csv,TILT,7,5.0,5.0,+,0.0,90.9893,90.965822,0.023478,0.004696,-0.023478,0.379122,9.8e-05,0
77,sprungantwort_TILT_-5deg_20260622_213853.csv,TILT,7,5.0,5.0,+,0.031713,91.0136,90.965822,0.047778,0.009556,-0.047778,0.379223,0.000199,1
77,sprungantwort_TILT_-5deg_20260622_213853.csv,TILT,7,5.0,5.0,+,0.062992,77.1629,90.965822,-13.802922,-2.760584,13.802922,0.321512,-0.057512,2
77,sprungantwort_TILT_-5deg_20260622_213853.csv,TILT,7,5.0,5.0,+,0.095991,40.627,90.965822,-50.338822,-10.067764,50.338822,0.169279,-0.209745,3
77,sprungantwort_TILT_-5deg_20260622_213853.csv,TILT,7,5.0,5.0,+,0.127524,-1.5572,90.965822,-92.523022,-18.504604,92.523022,-0.006489,-0.385513,4
77,sprungantwort_TILT_-5deg_20260622_213853.csv,TILT,7,5.0,5.0,+,0.159856,-11.0182,90.965822,-101.984022,-20.396804,101.984022,-0.045909,-0.424933,5
77,sprungantwort_TILT_-5deg_20260622_213853.csv,TILT,7,5.0,5.0,+,0.192753,3.7062,90.965822,-87.259622,-17.451924,87.259622,0.015443,-0.363581,6
77,sprungantwort_TILT_-5deg_20260622_213853.csv,TILT,7,5.0,5.0,+,0.224856,12.36,90.965822,-78.605822,-15.721164,78.605822,0.0515,-0.327524,7
77,sprungantwort_TILT_-5deg_20260622_213853.csv,TILT,7,5.0,5.0,+,0.255309,5.6252,90.965822,-85.340622,-17.068124,85.340622,0.023439,-0.355585,8
77,sprungantwort_TILT_-5deg_20260622_213853.csv,TILT,7,5.0,5.0,+,0.287652,2.1463,90.965822,-88.819522,-17.763904,88.819522,0.008943,-0.370081,9
77,sprungantwort_TILT_-5deg_20260622_213853.csv,TILT,7,5.0,5.0,+,0.319655,4.6441,90.965822,-86.321722,-17.264344,86.321722,0.01935,-0.359674,10
77,sprungantwort_TILT_-5deg_20260622_213853.csv,TILT,7,5.0,5.0,+,0.367178,4.1978,90.965822,-86.768022,-17.353604,86.768022,0.017491,-0.361533,11
77,sprungantwort_TILT_-5deg_20260622_213853.csv,TILT,7,5.0,5.0,+,0.400176,3.571,90.965822,-87.394822,-17.478964,87.394822,0.014879,-0.364145,12
77,sprungantwort_TILT_-5deg_20260622_213853.csv,TILT,7,5.0,5.0,+,0.432358,4.5291,90.965822,-86.436722,-17.287344,86.436722,0.018871,-0.360153,13
77,sprungantwort_TILT_-5deg_20260622_213853.csv,TILT,7,5.0,5.0,+,0.464357,4.2873,90.965822,-86.678522,-17.335704,86.678522,0.017864,-0.36116,14
77,sprungantwort_TILT_-5deg_20260622_213853.csv,TILT,7,5.0,5.0,+,0.495377,4.2339,90.965822,-86.731922,-17.346384,86.731922,0.017641,-0.361383,15
77,sprungantwort_TILT_-5deg_20260622_213853.csv,TILT,7,5.0,5.0,+,0.528409,4.5381,90.965822,-86.427722,-17.285544,86.427722,0.018909,-0.360115,16
77,sprungantwort_TILT_-5deg_20260622_213853.csv,TILT,7,5.0,5.0,+,0.559975,4.4229,90.965822,-86.542922,-17.308584,86.542922,0.018429,-0.360595,17
77,sprungantwort_TILT_-5deg_20260622_213853.csv,TILT,7,5.0,5.0,+,0.591973,4.7642,90.965822,-86.201622,-17.240324,86.201622,0.019851,-0.359173,18
77,sprungantwort_TILT_-5deg_20260622_213853.csv,TILT,7,5.0,5.0,+,0.624559,4.7111,90.965822,-86.254722,-17.250944,86.254722,0.01963,-0.359394,19
77,sprungantwort_TILT_-5deg_20260622_213853.csv,TILT,7,5.0,5.0,+,0.655042,4.689,90.965822,-86.276822,-17.255364,86.276822,0.019538,-0.359486,20
77,sprungantwort_TILT_-5deg_20260622_213853.csv,TILT,7,5.0,5.0,+,0.687972,4.7472,90.965822,-86.218622,-17.243724,86.218622,0.01978,-0.359244,21
77,sprungantwort_TILT_-5deg_20260622_213853.csv,TILT,7,5.0,5.0,+,0.720315,4.825,90.965822,-86.140822,-17.228164,86.140822,0.020104,-0.35892,22
77,sprungantwort_TILT_-5deg_20260622_213853.csv,TILT,7,5.0,5.0,+,0.767812,4.8174,90.965822,-86.148422,-17.229684,86.148422,0.020073,-0.358951,23
77,sprungantwort_TILT_-5deg_20260622_213853.csv,TILT,7,5.0,5.0,+,0.799811,4.7431,90.965822,-86.222722,-17.244544,86.222722,0.019763,-0.359261,24
77,sprungantwort_TILT_-5deg_20260622_213853.csv,TILT,7,5.0,5.0,+,0.832372,4.7839,90.965822,-86.181922,-17.236384,86.181922,0.019933,-0.359091,25
77,sprungantwort_TILT_-5deg_20260622_213853.csv,TILT,7,5.0,5.0,+,0.862375,4.8633,90.965822,-86.102522,-17.220504,86.102522,0.020264,-0.35876,26
77,sprungantwort_TILT_-5deg_20260622_213853.csv,TILT,7,5.0,5.0,+,0.89537,4.9216,90.965822,-86.044222,-17.208844,86.044222,0.020507,-0.358517,27
77,sprungantwort_TILT_-5deg_20260622_213853.csv,TILT,7,5.0,5.0,+,0.927308,4.84,90.965822,-86.125822,-17.225164,86.125822,0.020167,-0.358857,28
77,sprungantwort_TILT_-5deg_20260622_213853.csv,TILT,7,5.0,5.0,+,0.959918,4.8519,90.965822,-86.113922,-17.222784,86.113922,0.020216,-0.358808,29
77,sprungantwort_TILT_-5deg_20260622_213853.csv,TILT,7,5.0,5.0,+,0.990909,4.8832,90.965822,-86.082622,-17.216524,86.082622,0.020347,-0.358677,30
77,sprungantwort_TILT_-5deg_20260622_213853.csv,TILT,7,5.0,5.0,+,1.023966,5.0247,90.965822,-85.941122,-17.188224,85.941122,0.020936,-0.358088,31
77,sprungantwort_TILT_-5deg_20260622_213853.csv,TILT,7,5.0,5.0,+,1.056297,4.9746,90.965822,-85.991222,-17.198244,85.991222,0.020727,-0.358297,32
77,sprungantwort_TILT_-5deg_20260622_213853.csv,TILT,7,5.0,5.0,+,1.087646,5.15,90.965822,-85.815822,-17.163164,85.815822,0.021458,-0.357566,33
77,sprungantwort_TILT_-5deg_20260622_213853.csv,TILT,7,5.0,5.0,+,1.11966,5.0918,90.965822,-85.874022,-17.174804,85.874022,0.021216,-0.357808,34
77,sprungantwort_TILT_-5deg_20260622_213853.csv,TILT,7,5.0,5.0,+,1.166367,5.102,90.965822,-85.863822,-17.172764,85.863822,0.021258,-0.357766,35
77,sprungantwort_TILT_-5deg_20260622_213853.csv,TILT,7,5.0,5.0,+,1.199123,5.1436,90.965822,-85.822222,-17.164444,85.822222,0.021432,-0.357592,36
78,sprungantwort_TILT_-5deg_20260622_213853.csv,TILT,8,-5.0,5.0,-,0.0,5.355,5.233022,0.121978,-0.024396,0.121978,0.022312,0.000508,0
78,sprungantwort_TILT_-5deg_20260622_213853.csv,TILT,8,-5.0,5.0,-,0.030701,7.4829,5.233022,2.249878,-0.449976,2.249878,0.031179,0.009375,1
78,sprungantwort_TILT_-5deg_20260622_213853.csv,TILT,8,-5.0,5.0,-,0.06256,38.9914,5.233022,33.758378,-6.751676,33.758378,0.162464,0.14066,2
78,sprungantwort_TILT_-5deg_20260622_213853.csv,TILT,8,-5.0,5.0,-,0.094631,82.9421,5.233022,77.709078,-15.541816,77.709078,0.345592,0.323788,3
78,sprungantwort_TILT_-5deg_20260622_213853.csv,TILT,8,-5.0,5.0,-,0.126176,100.58,5.233022,95.346978,-19.069396,95.346978,0.419083,0.397279,4
78,sprungantwort_TILT_-5deg_20260622_213853.csv,TILT,8,-5.0,5.0,-,0.159116,96.7346,5.233022,91.501578,-18.300316,91.501578,0.403061,0.381257,5
78,sprungantwort_TILT_-5deg_20260622_213853.csv,TILT,8,-5.0,5.0,-,0.191122,88.9493,5.233022,83.716278,-16.743256,83.716278,0.370622,0.348818,6
78,sprungantwort_TILT_-5deg_20260622_213853.csv,TILT,8,-5.0,5.0,-,0.23867,87.8432,5.233022,82.610178,-16.522036,82.610178,0.366013,0.344209,7
78,sprungantwort_TILT_-5deg_20260622_213853.csv,TILT,8,-5.0,5.0,-,0.270758,89.9907,5.233022,84.757678,-16.951536,84.757678,0.374961,0.353157,8
78,sprungantwort_TILT_-5deg_20260622_213853.csv,TILT,8,-5.0,5.0,-,0.302257,89.0852,5.233022,83.852178,-16.770436,83.852178,0.371188,0.349384,9
78,sprungantwort_TILT_-5deg_20260622_213853.csv,TILT,8,-5.0,5.0,-,0.334265,89.1818,5.233022,83.948778,-16.789756,83.948778,0.371591,0.349787,10
78,sprungantwort_TILT_-5deg_20260622_213853.csv,TILT,8,-5.0,5.0,-,0.366387,89.5961,5.233022,84.363078,-16.872616,84.363078,0.373317,0.351513,11
78,sprungantwort_TILT_-5deg_20260622_213853.csv,TILT,8,-5.0,5.0,-,0.398403,88.9412,5.233022,83.708178,-16.741636,83.708178,0.370588,0.348784,12
78,sprungantwort_TILT_-5deg_20260622_213853.csv,TILT,8,-5.0,5.0,-,0.429914,89.0682,5.233022,83.835178,-16.767036,83.835178,0.371117,0.349313,13
78,sprungantwort_TILT_-5deg_20260622_213853.csv,TILT,8,-5.0,5.0,-,0.461915,89.2444,5.233022,84.011378,-16.802276,84.011378,0.371851,0.350047,14
78,sprungantwort_TILT_-5deg_20260622_213853.csv,TILT,8,-5.0,5.0,-,0.495089,89.2541,5.233022,84.021078,-16.804216,84.021078,0.371892,0.350088,15
78,sprungantwort_TILT_-5deg_20260622_213853.csv,TILT,8,-5.0,5.0,-,0.52707,89.4029,5.233022,84.169878,-16.833976,84.169878,0.372512,0.350708,16
78,sprungantwort_TILT_-5deg_20260622_213853.csv,TILT,8,-5.0,5.0,-,0.559059,88.9204,5.233022,83.687378,-16.737476,83.687378,0.370502,0.348698,17
78,sprungantwort_TILT_-5deg_20260622_213853.csv,TILT,8,-5.0,5.0,-,0.59016,88.9775,5.233022,83.744478,-16.748896,83.744478,0.370739,0.348935,18
78,sprungantwort_TILT_-5deg_20260622_213853.csv,TILT,8,-5.0,5.0,-,0.639185,89.0089,5.233022,83.775878,-16.755176,83.775878,0.37087,0.349066,19
78,sprungantwort_TILT_-5deg_20260622_213853.csv,TILT,8,-5.0,5.0,-,0.670704,89.14,5.233022,83.906978,-16.781396,83.906978,0.371417,0.349613,20
78,sprungantwort_TILT_-5deg_20260622_213853.csv,TILT,8,-5.0,5.0,-,0.702532,89.1385,5.233022,83.905478,-16.781096,83.905478,0.37141,0.349606,21
78,sprungantwort_TILT_-5deg_20260622_213853.csv,TILT,8,-5.0,5.0,-,0.734477,89.0458,5.233022,83.812778,-16.762556,83.812778,0.371024,0.34922,22
78,sprungantwort_TILT_-5deg_20260622_213853.csv,TILT,8,-5.0,5.0,-,0.766478,89.0893,5.233022,83.856278,-16.771256,83.856278,0.371205,0.349401,23
78,sprungantwort_TILT_-5deg_20260622_213853.csv,TILT,8,-5.0,5.0,-,0.798531,89.0739,5.233022,83.840878,-16.768176,83.840878,0.371141,0.349337,24
78,sprungantwort_TILT_-5deg_20260622_213853.csv,TILT,8,-5.0,5.0,-,0.83021,89.3832,5.233022,84.150178,-16.830036,84.150178,0.37243,0.350626,25
78,sprungantwort_TILT_-5deg_20260622_213853.csv,TILT,8,-5.0,5.0,-,0.863204,89.1352,5.233022,83.902178,-16.780436,83.902178,0.371397,0.349593,26
78,sprungantwort_TILT_-5deg_20260622_213853.csv,TILT,8,-5.0,5.0,-,0.894169,89.4487,5.233022,84.215678,-16.843136,84.215678,0.372703,0.350899,27
78,sprungantwort_TILT_-5deg_20260622_213853.csv,TILT,8,-5.0,5.0,-,0.926702,89.4034,5.233022,84.170378,-16.834076,84.170378,0.372514,0.35071,28
78,sprungantwort_TILT_-5deg_20260622_213853.csv,TILT,8,-5.0,5.0,-,0.958734,89.3972,5.233022,84.164178,-16.832836,84.164178,0.372489,0.350685,29
78,sprungantwort_TILT_-5deg_20260622_213853.csv,TILT,8,-5.0,5.0,-,0.991007,89.3554,5.233022,84.122378,-16.824476,84.122378,0.372314,0.35051,30
78,sprungantwort_TILT_-5deg_20260622_213853.csv,TILT,8,-5.0,5.0,-,1.038804,89.296,5.233022,84.062978,-16.812596,84.062978,0.372067,0.350263,31
78,sprungantwort_TILT_-5deg_20260622_213853.csv,TILT,8,-5.0,5.0,-,1.070258,89.574,5.233022,84.340978,-16.868196,84.340978,0.373225,0.351421,32
78,sprungantwort_TILT_-5deg_20260622_213853.csv,TILT,8,-5.0,5.0,-,1.102707,89.6065,5.233022,84.373478,-16.874696,84.373478,0.37336,0.351556,33
78,sprungantwort_TILT_-5deg_20260622_213853.csv,TILT,8,-5.0,5.0,-,1.134964,89.5651,5.233022,84.332078,-16.866416,84.332078,0.373188,0.351384,34
78,sprungantwort_TILT_-5deg_20260622_213853.csv,TILT,8,-5.0,5.0,-,1.165443,89.5538,5.233022,84.320778,-16.864156,84.320778,0.373141,0.351337,35
78,sprungantwort_TILT_-5deg_20260622_213853.csv,TILT,8,-5.0,5.0,-,1.199062,89.7522,5.233022,84.519178,-16.903836,84.519178,0.373967,0.352163,36
79,sprungantwort_TILT_-5deg_20260622_213853.csv,TILT,9,5.0,5.0,+,0.0,89.2763,89.53498,-0.25868,-0.051736,0.25868,0.371985,-0.001077,0
79,sprungantwort_TILT_-5deg_20260622_213853.csv,TILT,9,5.0,5.0,+,0.031648,85.5795,89.53498,-3.95548,-0.791096,3.95548,0.356581,-0.016481,1
79,sprungantwort_TILT_-5deg_20260622_213853.csv,TILT,9,5.0,5.0,+,0.079077,54.1767,89.53498,-35.35828,-7.071656,35.35828,0.225736,-0.147326,2
79,sprungantwort_TILT_-5deg_20260622_213853.csv,TILT,9,5.0,5.0,+,0.112121,11.1921,89.53498,-78.34288,-15.668576,78.34288,0.046634,-0.326428,3
79,sprungantwort_TILT_-5deg_20260622_213853.csv,TILT,9,5.0,5.0,+,0.144078,-11.3911,89.53498,-100.92608,-20.185216,100.92608,-0.047463,-0.420525,4
79,sprungantwort_TILT_-5deg_20260622_213853.csv,TILT,9,5.0,5.0,+,0.175669,-8.0135,89.53498,-97.54848,-19.509696,97.54848,-0.03339,-0.406452,5
79,sprungantwort_TILT_-5deg_20260622_213853.csv,TILT,9,5.0,5.0,+,0.207733,4.4659,89.53498,-85.06908,-17.013816,85.06908,0.018608,-0.354454,6
79,sprungantwort_TILT_-5deg_20260622_213853.csv,TILT,9,5.0,5.0,+,0.239724,4.3228,89.53498,-85.21218,-17.042436,85.21218,0.018012,-0.35505,7
79,sprungantwort_TILT_-5deg_20260622_213853.csv,TILT,9,5.0,5.0,+,0.271396,-1.1986,89.53498,-90.73358,-18.146716,90.73358,-0.004994,-0.378056,8
79,sprungantwort_TILT_-5deg_20260622_213853.csv,TILT,9,5.0,5.0,+,0.303437,0.2408,89.53498,-89.29418,-17.858836,89.29418,0.001003,-0.37206,9
79,sprungantwort_TILT_-5deg_20260622_213853.csv,TILT,9,5.0,5.0,+,0.334692,1.3084,89.53498,-88.22658,-17.645316,88.22658,0.005452,-0.36761,10
79,sprungantwort_TILT_-5deg_20260622_213853.csv,TILT,9,5.0,5.0,+,0.368037,-0.1437,89.53498,-89.67868,-17.935736,89.67868,-0.000599,-0.373662,11
79,sprungantwort_TILT_-5deg_20260622_213853.csv,TILT,9,5.0,5.0,+,0.399327,0.4252,89.53498,-89.10978,-17.821956,89.10978,0.001772,-0.37129,12
79,sprungantwort_TILT_-5deg_20260622_213853.csv,TILT,9,5.0,5.0,+,0.4314,0.6711,89.53498,-88.86388,-17.772776,88.86388,0.002796,-0.370266,13
79,sprungantwort_TILT_-5deg_20260622_213853.csv,TILT,9,5.0,5.0,+,0.480012,0.3661,89.53498,-89.16888,-17.833776,89.16888,0.001525,-0.371537,14
79,sprungantwort_TILT_-5deg_20260622_213853.csv,TILT,9,5.0,5.0,+,0.512237,0.5744,89.53498,-88.96058,-17.792116,88.96058,0.002393,-0.37067,15
79,sprungantwort_TILT_-5deg_20260622_213853.csv,TILT,9,5.0,5.0,+,0.544715,0.7187,89.53498,-88.81628,-17.763256,88.81628,0.002995,-0.370067,16
79,sprungantwort_TILT_-5deg_20260622_213853.csv,TILT,9,5.0,5.0,+,0.575724,0.6968,89.53498,-88.83818,-17.767636,88.83818,0.002903,-0.37016,17
79,sprungantwort_TILT_-5deg_20260622_213853.csv,TILT,9,5.0,5.0,+,0.608718,0.6722,89.53498,-88.86278,-17.772556,88.86278,0.002801,-0.370261,18
79,sprungantwort_TILT_-5deg_20260622_213853.csv,TILT,9,5.0,5.0,+,0.64035,0.7354,89.53498,-88.79958,-17.759916,88.79958,0.003064,-0.369998,19
79,sprungantwort_TILT_-5deg_20260622_213853.csv,TILT,9,5.0,5.0,+,0.67144,0.7782,89.53498,-88.75678,-17.751356,88.75678,0.003243,-0.369819,20
79,sprungantwort_TILT_-5deg_20260622_213853.csv,TILT,9,5.0,5.0,+,0.703936,0.2326,89.53498,-89.30238,-17.860476,89.30238,0.000969,-0.372093,21
79,sprungantwort_TILT_-5deg_20260622_213853.csv,TILT,9,5.0,5.0,+,0.736018,0.4445,89.53498,-89.09048,-17.818096,89.09048,0.001852,-0.37121,22
79,sprungantwort_TILT_-5deg_20260622_213853.csv,TILT,9,5.0,5.0,+,0.767479,1.0268,89.53498,-88.50818,-17.701636,88.50818,0.004278,-0.368784,23
79,sprungantwort_TILT_-5deg_20260622_213853.csv,TILT,9,5.0,5.0,+,0.799952,0.8109,89.53498,-88.72408,-17.744816,88.72408,0.003379,-0.369683,24
79,sprungantwort_TILT_-5deg_20260622_213853.csv,TILT,9,5.0,5.0,+,0.832144,0.8425,89.53498,-88.69248,-17.738496,88.69248,0.003511,-0.369552,25
79,sprungantwort_TILT_-5deg_20260622_213853.csv,TILT,9,5.0,5.0,+,0.880425,1.3279,89.53498,-88.20708,-17.641416,88.20708,0.005533,-0.367529,26
79,sprungantwort_TILT_-5deg_20260622_213853.csv,TILT,9,5.0,5.0,+,0.91236,1.2854,89.53498,-88.24958,-17.649916,88.24958,0.005356,-0.367706,27
79,sprungantwort_TILT_-5deg_20260622_213853.csv,TILT,9,5.0,5.0,+,0.944412,0.7444,89.53498,-88.79058,-17.758116,88.79058,0.003102,-0.36996,28
79,sprungantwort_TILT_-5deg_20260622_213853.csv,TILT,9,5.0,5.0,+,0.975709,0.7002,89.53498,-88.83478,-17.766956,88.83478,0.002918,-0.370144,29
79,sprungantwort_TILT_-5deg_20260622_213853.csv,TILT,9,5.0,5.0,+,1.00771,0.8355,89.53498,-88.69948,-17.739896,88.69948,0.003481,-0.369581,30
79,sprungantwort_TILT_-5deg_20260622_213853.csv,TILT,9,5.0,5.0,+,1.039769,0.7512,89.53498,-88.78378,-17.756756,88.78378,0.00313,-0.369932,31
79,sprungantwort_TILT_-5deg_20260622_213853.csv,TILT,9,5.0,5.0,+,1.072245,0.5871,89.53498,-88.94788,-17.789576,88.94788,0.002446,-0.370616,32
79,sprungantwort_TILT_-5deg_20260622_213853.csv,TILT,9,5.0,5.0,+,1.10358,0.5025,89.53498,-89.03248,-17.806496,89.03248,0.002094,-0.370968,33
79,sprungantwort_TILT_-5deg_20260622_213853.csv,TILT,9,5.0,5.0,+,1.13556,0.3671,89.53498,-89.16788,-17.833576,89.16788,0.00153,-0.371532,34
79,sprungantwort_TILT_-5deg_20260622_213853.csv,TILT,9,5.0,5.0,+,1.16816,0.3398,89.53498,-89.19518,-17.839036,89.19518,0.001416,-0.371646,35
80,sprungantwort_TILT_-5deg_20260622_213853.csv,TILT,10,-5.0,5.0,-,0.0,0.3928,0.416089,-0.023289,0.004658,-0.023289,0.001637,-9.7e-05,0
80,sprungantwort_TILT_-5deg_20260622_213853.csv,TILT,10,-5.0,5.0,-,0.030577,0.5958,0.416089,0.179711,-0.035942,0.179711,0.002483,0.000749,1
80,sprungantwort_TILT_-5deg_20260622_213853.csv,TILT,10,-5.0,5.0,-,0.063106,21.5289,0.416089,21.112811,-4.222562,21.112811,0.089704,0.08797,2
80,sprungantwort_TILT_-5deg_20260622_213853.csv,TILT,10,-5.0,5.0,-,0.096107,61.6311,0.416089,61.215011,-12.243002,61.215011,0.256796,0.255062,3
80,sprungantwort_TILT_-5deg_20260622_213853.csv,TILT,10,-5.0,5.0,-,0.127114,98.2872,0.416089,97.871111,-19.574222,97.871111,0.40953,0.407796,4
80,sprungantwort_TILT_-5deg_20260622_213853.csv,TILT,10,-5.0,5.0,-,0.159231,104.7622,0.416089,104.346111,-20.869222,104.346111,0.436509,0.434775,5
80,sprungantwort_TILT_-5deg_20260622_213853.csv,TILT,10,-5.0,5.0,-,0.191216,93.4612,0.416089,93.045111,-18.609022,93.045111,0.389422,0.387688,6
80,sprungantwort_TILT_-5deg_20260622_213853.csv,TILT,10,-5.0,5.0,-,0.223272,87.5401,0.416089,87.124011,-17.424802,87.124011,0.36475,0.363016,7
80,sprungantwort_TILT_-5deg_20260622_213853.csv,TILT,10,-5.0,5.0,-,0.255953,89.506,0.416089,89.089911,-17.817982,89.089911,0.372942,0.371208,8
80,sprungantwort_TILT_-5deg_20260622_213853.csv,TILT,10,-5.0,5.0,-,0.288012,89.9514,0.416089,89.535311,-17.907062,89.535311,0.374797,0.373063,9
80,sprungantwort_TILT_-5deg_20260622_213853.csv,TILT,10,-5.0,5.0,-,0.320971,89.0099,0.416089,88.593811,-17.718762,88.593811,0.370875,0.369141,10
80,sprungantwort_TILT_-5deg_20260622_213853.csv,TILT,10,-5.0,5.0,-,0.367478,89.7982,0.416089,89.382111,-17.876422,89.382111,0.374159,0.372425,11
80,sprungantwort_TILT_-5deg_20260622_213853.csv,TILT,10,-5.0,5.0,-,0.399517,89.503,0.416089,89.086911,-17.817382,89.086911,0.372929,0.371195,12
80,sprungantwort_TILT_-5deg_20260622_213853.csv,TILT,10,-5.0,5.0,-,0.432442,89.4866,0.416089,89.070511,-17.814102,89.070511,0.372861,0.371127,13
80,sprungantwort_TILT_-5deg_20260622_213853.csv,TILT,10,-5.0,5.0,-,0.464903,89.851,0.416089,89.434911,-17.886982,89.434911,0.374379,0.372645,14
80,sprungantwort_TILT_-5deg_20260622_213853.csv,TILT,10,-5.0,5.0,-,0.494932,89.814,0.416089,89.397911,-17.879582,89.397911,0.374225,0.372491,15
80,sprungantwort_TILT_-5deg_20260622_213853.csv,TILT,10,-5.0,5.0,-,0.527913,89.8271,0.416089,89.411011,-17.882202,89.411011,0.37428,0.372546,16
80,sprungantwort_TILT_-5deg_20260622_213853.csv,TILT,10,-5.0,5.0,-,0.559415,89.8411,0.416089,89.425011,-17.885002,89.425011,0.374338,0.372604,17
80,sprungantwort_TILT_-5deg_20260622_213853.csv,TILT,10,-5.0,5.0,-,0.591416,89.9552,0.416089,89.539111,-17.907822,89.539111,0.374813,0.373079,18
80,sprungantwort_TILT_-5deg_20260622_213853.csv,TILT,10,-5.0,5.0,-,0.623584,89.9683,0.416089,89.552211,-17.910442,89.552211,0.374868,0.373134,19
80,sprungantwort_TILT_-5deg_20260622_213853.csv,TILT,10,-5.0,5.0,-,0.65504,89.9693,0.416089,89.553211,-17.910642,89.553211,0.374872,0.373138,20
80,sprungantwort_TILT_-5deg_20260622_213853.csv,TILT,10,-5.0,5.0,-,0.68784,90.0369,0.416089,89.620811,-17.924162,89.620811,0.375154,0.37342,21
80,sprungantwort_TILT_-5deg_20260622_213853.csv,TILT,10,-5.0,5.0,-,0.719935,89.9789,0.416089,89.562811,-17.912562,89.562811,0.374912,0.373178,22
80,sprungantwort_TILT_-5deg_20260622_213853.csv,TILT,10,-5.0,5.0,-,0.766563,89.9201,0.416089,89.504011,-17.900802,89.504011,0.374667,0.372933,23
80,sprungantwort_TILT_-5deg_20260622_213853.csv,TILT,10,-5.0,5.0,-,0.799588,89.9176,0.416089,89.501511,-17.900302,89.501511,0.374657,0.372923,24
80,sprungantwort_TILT_-5deg_20260622_213853.csv,TILT,10,-5.0,5.0,-,0.831639,89.9764,0.416089,89.560311,-17.912062,89.560311,0.374902,0.373168,25
80,sprungantwort_TILT_-5deg_20260622_213853.csv,TILT,10,-5.0,5.0,-,0.863216,90.0772,0.416089,89.661111,-17.932222,89.661111,0.375321,0.373587,26
80,sprungantwort_TILT_-5deg_20260622_213853.csv,TILT,10,-5.0,5.0,-,0.895212,90.0572,0.416089,89.641111,-17.928222,89.641111,0.375238,0.373504,27
80,sprungantwort_TILT_-5deg_20260622_213853.csv,TILT,10,-5.0,5.0,-,0.927266,90.1007,0.416089,89.684611,-17.936922,89.684611,0.37542,0.373686,28
80,sprungantwort_TILT_-5deg_20260622_213853.csv,TILT,10,-5.0,5.0,-,0.959926,90.0107,0.416089,89.594611,-17.918922,89.594611,0.375045,0.373311,29
80,sprungantwort_TILT_-5deg_20260622_213853.csv,TILT,10,-5.0,5.0,-,0.990909,90.1722,0.416089,89.756111,-17.951222,89.756111,0.375717,0.373983,30
80,sprungantwort_TILT_-5deg_20260622_213853.csv,TILT,10,-5.0,5.0,-,1.022949,90.4513,0.416089,90.035211,-18.007042,90.035211,0.37688,0.375146,31
80,sprungantwort_TILT_-5deg_20260622_213853.csv,TILT,10,-5.0,5.0,-,1.055404,90.4406,0.416089,90.024511,-18.004902,90.024511,0.376836,0.375102,32
80,sprungantwort_TILT_-5deg_20260622_213853.csv,TILT,10,-5.0,5.0,-,1.086415,90.7609,0.416089,90.344811,-18.068962,90.344811,0.37817,0.376436,33
80,sprungantwort_TILT_-5deg_20260622_213853.csv,TILT,10,-5.0,5.0,-,1.119426,90.7109,0.416089,90.294811,-18.058962,90.294811,0.377962,0.376228,34
80,sprungantwort_TILT_-5deg_20260622_213853.csv,TILT,10,-5.0,5.0,-,1.166938,90.2738,0.416089,89.857711,-17.971542,89.857711,0.376141,0.374407,35
80,sprungantwort_TILT_-5deg_20260622_213853.csv,TILT,10,-5.0,5.0,-,1.198544,90.7491,0.416089,90.333011,-18.066602,90.333011,0.378121,0.376387,36
81,sprungantwort_TILT_-5deg_20260622_213853.csv,TILT,11,5.0,5.0,+,0.0,91.3148,91.026578,0.288222,0.057644,-0.288222,0.380478,0.001201,0
81,sprungantwort_TILT_-5deg_20260622_213853.csv,TILT,11,5.0,5.0,+,0.031614,89.4111,91.026578,-1.615478,-0.323096,1.615478,0.372546,-0.006731,1
81,sprungantwort_TILT_-5deg_20260622_213853.csv,TILT,11,5.0,5.0,+,0.063701,60.7731,91.026578,-30.253478,-6.050696,30.253478,0.253221,-0.126056,2
81,sprungantwort_TILT_-5deg_20260622_213853.csv,TILT,11,5.0,5.0,+,0.097275,24.3004,91.026578,-66.726178,-13.345236,66.726178,0.101252,-0.278025,3
81,sprungantwort_TILT_-5deg_20260622_213853.csv,TILT,11,5.0,5.0,+,0.128095,1.8415,91.026578,-89.185078,-17.837016,89.185078,0.007673,-0.371604,4
81,sprungantwort_TILT_-5deg_20260622_213853.csv,TILT,11,5.0,5.0,+,0.160152,2.4028,91.026578,-88.623778,-17.724756,88.623778,0.010012,-0.369265,5
81,sprungantwort_TILT_-5deg_20260622_213853.csv,TILT,11,5.0,5.0,+,0.192045,12.4244,91.026578,-78.602178,-15.720436,78.602178,0.051768,-0.327509,6
81,sprungantwort_TILT_-5deg_20260622_213853.csv,TILT,11,5.0,5.0,+,0.239575,12.4598,91.026578,-78.566778,-15.713356,78.566778,0.051916,-0.327361,7
81,sprungantwort_TILT_-5deg_20260622_213853.csv,TILT,11,5.0,5.0,+,0.271771,8.1281,91.026578,-82.898478,-16.579696,82.898478,0.033867,-0.34541,8
81,sprungantwort_TILT_-5deg_20260622_213853.csv,TILT,11,5.0,5.0,+,0.303979,9.7659,91.026578,-81.260678,-16.252136,81.260678,0.040691,-0.338586,9
81,sprungantwort_TILT_-5deg_20260622_213853.csv,TILT,11,5.0,5.0,+,0.336441,10.117,91.026578,-80.909578,-16.181916,80.909578,0.042154,-0.337123,10
81,sprungantwort_TILT_-5deg_20260622_213853.csv,TILT,11,5.0,5.0,+,0.368481,9.0841,91.026578,-81.942478,-16.388496,81.942478,0.03785,-0.341427,11
81,sprungantwort_TILT_-5deg_20260622_213853.csv,TILT,11,5.0,5.0,+,0.399512,10.0556,91.026578,-80.970978,-16.194196,80.970978,0.041898,-0.337379,12
81,sprungantwort_TILT_-5deg_20260622_213853.csv,TILT,11,5.0,5.0,+,0.431151,9.8689,91.026578,-81.157678,-16.231536,81.157678,0.04112,-0.338157,13
81,sprungantwort_TILT_-5deg_20260622_213853.csv,TILT,11,5.0,5.0,+,0.46322,9.0591,91.026578,-81.967478,-16.393496,81.967478,0.037746,-0.341531,14
81,sprungantwort_TILT_-5deg_20260622_213853.csv,TILT,11,5.0,5.0,+,0.496393,9.6923,91.026578,-81.334278,-16.266856,81.334278,0.040384,-0.338893,15
81,sprungantwort_TILT_-5deg_20260622_213853.csv,TILT,11,5.0,5.0,+,0.52782,9.7321,91.026578,-81.294478,-16.258896,81.294478,0.04055,-0.338727,16
81,sprungantwort_TILT_-5deg_20260622_213853.csv,TILT,11,5.0,5.0,+,0.560068,9.1844,91.026578,-81.842178,-16.368436,81.842178,0.038268,-0.341009,17
81,sprungantwort_TILT_-5deg_20260622_213853.csv,TILT,11,5.0,5.0,+,0.591985,9.2004,91.026578,-81.826178,-16.365236,81.826178,0.038335,-0.340942,18
81,sprungantwort_TILT_-5deg_20260622_213853.csv,TILT,11,5.0,5.0,+,0.640604,9.0688,91.026578,-81.957778,-16.391556,81.957778,0.037786,-0.341491,19
81,sprungantwort_TILT_-5deg_20260622_213853.csv,TILT,11,5.0,5.0,+,0.672572,8.8029,91.026578,-82.223678,-16.444736,82.223678,0.036679,-0.342598,20
81,sprungantwort_TILT_-5deg_20260622_213853.csv,TILT,11,5.0,5.0,+,0.703541,8.7448,91.026578,-82.281778,-16.456356,82.281778,0.036437,-0.34284,21
81,sprungantwort_TILT_-5deg_20260622_213853.csv,TILT,11,5.0,5.0,+,0.736106,8.716,91.026578,-82.310578,-16.462116,82.310578,0.036317,-0.34296,22
81,sprungantwort_TILT_-5deg_20260622_213853.csv,TILT,11,5.0,5.0,+,0.768112,8.747,91.026578,-82.279578,-16.455916,82.279578,0.036446,-0.342831,23
81,sprungantwort_TILT_-5deg_20260622_213853.csv,TILT,11,5.0,5.0,+,0.800116,8.7541,91.026578,-82.272478,-16.454496,82.272478,0.036475,-0.342802,24
81,sprungantwort_TILT_-5deg_20260622_213853.csv,TILT,11,5.0,5.0,+,0.832377,8.7421,91.026578,-82.284478,-16.456896,82.284478,0.036426,-0.342851,25
81,sprungantwort_TILT_-5deg_20260622_213853.csv,TILT,11,5.0,5.0,+,0.863795,8.6636,91.026578,-82.362978,-16.472596,82.362978,0.036098,-0.343179,26
81,sprungantwort_TILT_-5deg_20260622_213853.csv,TILT,11,5.0,5.0,+,0.89573,8.7847,91.026578,-82.241878,-16.448376,82.241878,0.036603,-0.342674,27
81,sprungantwort_TILT_-5deg_20260622_213853.csv,TILT,11,5.0,5.0,+,0.927827,8.8317,91.026578,-82.194878,-16.438976,82.194878,0.036799,-0.342478,28
81,sprungantwort_TILT_-5deg_20260622_213853.csv,TILT,11,5.0,5.0,+,0.959364,8.7609,91.026578,-82.265678,-16.453136,82.265678,0.036504,-0.342773,29
81,sprungantwort_TILT_-5deg_20260622_213853.csv,TILT,11,5.0,5.0,+,0.992358,8.8146,91.026578,-82.211978,-16.442396,82.211978,0.036728,-0.342549,30
81,sprungantwort_TILT_-5deg_20260622_213853.csv,TILT,11,5.0,5.0,+,1.040973,8.7301,91.026578,-82.296478,-16.459296,82.296478,0.036376,-0.342901,31
81,sprungantwort_TILT_-5deg_20260622_213853.csv,TILT,11,5.0,5.0,+,1.071588,8.6421,91.026578,-82.384478,-16.476896,82.384478,0.036009,-0.343268,32
81,sprungantwort_TILT_-5deg_20260622_213853.csv,TILT,11,5.0,5.0,+,1.104503,8.2971,91.026578,-82.729478,-16.545896,82.729478,0.034571,-0.344706,33
81,sprungantwort_TILT_-5deg_20260622_213853.csv,TILT,11,5.0,5.0,+,1.135814,8.287,91.026578,-82.739578,-16.547916,82.739578,0.034529,-0.344748,34
81,sprungantwort_TILT_-5deg_20260622_213853.csv,TILT,11,5.0,5.0,+,1.167706,8.2064,91.026578,-82.820178,-16.564036,82.820178,0.034193,-0.345084,35
82,sprungantwort_TILT_-5deg_20260622_213853.csv,TILT,12,-5.0,5.0,-,0.0,4.3372,4.957878,-0.620678,0.124136,-0.620678,0.018072,-0.002586,0
82,sprungantwort_TILT_-5deg_20260622_213853.csv,TILT,12,-5.0,5.0,-,0.031246,6.6145,4.957878,1.656622,-0.331324,1.656622,0.02756,0.006902,1
82,sprungantwort_TILT_-5deg_20260622_213853.csv,TILT,12,-5.0,5.0,-,0.063322,35.1343,4.957878,30.176422,-6.035284,30.176422,0.146393,0.125735,2
82,sprungantwort_TILT_-5deg_20260622_213853.csv,TILT,12,-5.0,5.0,-,0.095248,74.3166,4.957878,69.358722,-13.871744,69.358722,0.309653,0.288995,3
82,sprungantwort_TILT_-5deg_20260622_213853.csv,TILT,12,-5.0,5.0,-,0.143774,92.6911,4.957878,87.733222,-17.546644,87.733222,0.386213,0.365555,4
82,sprungantwort_TILT_-5deg_20260622_213853.csv,TILT,12,-5.0,5.0,-,0.175779,90.6186,4.957878,85.660722,-17.132144,85.660722,0.377577,0.356919,5
82,sprungantwort_TILT_-5deg_20260622_213853.csv,TILT,12,-5.0,5.0,-,0.207777,83.1002,4.957878,78.142322,-15.628464,78.142322,0.346251,0.325593,6
82,sprungantwort_TILT_-5deg_20260622_213853.csv,TILT,12,-5.0,5.0,-,0.240291,83.565,4.957878,78.607122,-15.721424,78.607122,0.348188,0.32753,7
82,sprungantwort_TILT_-5deg_20260622_213853.csv,TILT,12,-5.0,5.0,-,0.271289,87.7846,4.957878,82.826722,-16.565344,82.826722,0.365769,0.345111,8
82,sprungantwort_TILT_-5deg_20260622_213853.csv,TILT,12,-5.0,5.0,-,0.304285,86.6551,4.957878,81.697222,-16.339444,81.697222,0.361063,0.340405,9
82,sprungantwort_TILT_-5deg_20260622_213853.csv,TILT,12,-5.0,5.0,-,0.336813,86.236,4.957878,81.278122,-16.255624,81.278122,0.359317,0.338659,10
82,sprungantwort_TILT_-5deg_20260622_213853.csv,TILT,12,-5.0,5.0,-,0.366798,86.9835,4.957878,82.025622,-16.405124,82.025622,0.362431,0.341773,11
82,sprungantwort_TILT_-5deg_20260622_213853.csv,TILT,12,-5.0,5.0,-,0.400751,86.6209,4.957878,81.663022,-16.332604,81.663022,0.36092,0.340262,12
82,sprungantwort_TILT_-5deg_20260622_213853.csv,TILT,12,-5.0,5.0,-,0.43119,86.7355,4.957878,81.777622,-16.355524,81.777622,0.361398,0.34074,13
82,sprungantwort_TILT_-5deg_20260622_213853.csv,TILT,12,-5.0,5.0,-,0.463189,86.8958,4.957878,81.937922,-16.387584,81.937922,0.362066,0.341408,14
82,sprungantwort_TILT_-5deg_20260622_213853.csv,TILT,12,-5.0,5.0,-,0.496191,87.4804,4.957878,82.522522,-16.504504,82.522522,0.364501,0.343843,15
82,sprungantwort_TILT_-5deg_20260622_213853.csv,TILT,12,-5.0,5.0,-,0.542101,88.8568,4.957878,83.898922,-16.779784,83.898922,0.370236,0.349578,16
82,sprungantwort_TILT_-5deg_20260622_213853.csv,TILT,12,-5.0,5.0,-,0.574099,89.4695,4.957878,84.511622,-16.902324,84.511622,0.372789,0.352131,17
82,sprungantwort_TILT_-5deg_20260622_213853.csv,TILT,12,-5.0,5.0,-,0.606167,88.9464,4.957878,83.988522,-16.797704,83.988522,0.37061,0.349952,18
82,sprungantwort_TILT_-5deg_20260622_213853.csv,TILT,12,-5.0,5.0,-,0.6384,89.5464,4.957878,84.588522,-16.917704,84.588522,0.37311,0.352452,19
82,sprungantwort_TILT_-5deg_20260622_213853.csv,TILT,12,-5.0,5.0,-,0.672323,89.5573,4.957878,84.599422,-16.919884,84.599422,0.373155,0.352497,20
82,sprungantwort_TILT_-5deg_20260622_213853.csv,TILT,12,-5.0,5.0,-,0.703401,89.3856,4.957878,84.427722,-16.885544,84.427722,0.37244,0.351782,21
82,sprungantwort_TILT_-5deg_20260622_213853.csv,TILT,12,-5.0,5.0,-,0.735973,89.588,4.957878,84.630122,-16.926024,84.630122,0.373283,0.352625,22
82,sprungantwort_TILT_-5deg_20260622_213853.csv,TILT,12,-5.0,5.0,-,0.767211,88.9376,4.957878,83.979722,-16.795944,83.979722,0.370573,0.349915,23
82,sprungantwort_TILT_-5deg_20260622_213853.csv,TILT,12,-5.0,5.0,-,0.799962,89.4174,4.957878,84.459522,-16.891904,84.459522,0.372572,0.351914,24
82,sprungantwort_TILT_-5deg_20260622_213853.csv,TILT,12,-5.0,5.0,-,0.831478,89.6113,4.957878,84.653422,-16.930684,84.653422,0.373381,0.352723,25
82,sprungantwort_TILT_-5deg_20260622_213853.csv,TILT,12,-5.0,5.0,-,0.862479,89.1426,4.957878,84.184722,-16.836944,84.184722,0.371427,0.350769,26
82,sprungantwort_TILT_-5deg_20260622_213853.csv,TILT,12,-5.0,5.0,-,0.895529,89.2073,4.957878,84.249422,-16.849884,84.249422,0.371697,0.351039,27
82,sprungantwort_TILT_-5deg_20260622_213853.csv,TILT,12,-5.0,5.0,-,0.942931,89.1672,4.957878,84.209322,-16.841864,84.209322,0.37153,0.350872,28
82,sprungantwort_TILT_-5deg_20260622_213853.csv,TILT,12,-5.0,5.0,-,0.974895,89.1049,4.957878,84.147022,-16.829404,84.147022,0.37127,0.350612,29
82,sprungantwort_TILT_-5deg_20260622_213853.csv,TILT,12,-5.0,5.0,-,1.006952,88.8718,4.957878,83.913922,-16.782784,83.913922,0.370299,0.349641,30
82,sprungantwort_TILT_-5deg_20260622_213853.csv,TILT,12,-5.0,5.0,-,1.03934,89.0809,4.957878,84.123022,-16.824604,84.123022,0.37117,0.350512,31
82,sprungantwort_TILT_-5deg_20260622_213853.csv,TILT,12,-5.0,5.0,-,1.071317,89.1962,4.957878,84.238322,-16.847664,84.238322,0.371651,0.350993,32
82,sprungantwort_TILT_-5deg_20260622_213853.csv,TILT,12,-5.0,5.0,-,1.103375,89.1067,4.957878,84.148822,-16.829764,84.148822,0.371278,0.35062,33
82,sprungantwort_TILT_-5deg_20260622_213853.csv,TILT,12,-5.0,5.0,-,1.133863,89.3832,4.957878,84.425322,-16.885064,84.425322,0.37243,0.351772,34
82,sprungantwort_TILT_-5deg_20260622_213853.csv,TILT,12,-5.0,5.0,-,1.166899,89.4661,4.957878,84.508222,-16.901644,84.508222,0.372776,0.352118,35
83,sprungantwort_TILT_-5deg_20260622_213853.csv,TILT,13,5.0,5.0,+,0.0,88.8819,88.99188,-0.10998,-0.021996,0.10998,0.370341,-0.000459,0
83,sprungantwort_TILT_-5deg_20260622_213853.csv,TILT,13,5.0,5.0,+,0.032448,88.0363,88.99188,-0.95558,-0.191116,0.95558,0.366818,-0.003982,1
83,sprungantwort_TILT_-5deg_20260622_213853.csv,TILT,13,5.0,5.0,+,0.064623,69.5733,88.99188,-19.41858,-3.883716,19.41858,0.289889,-0.080911,2
83,sprungantwort_TILT_-5deg_20260622_213853.csv,TILT,13,5.0,5.0,+,0.096145,30.2159,88.99188,-58.77598,-11.755196,58.77598,0.1259,-0.2449,3
83,sprungantwort_TILT_-5deg_20260622_213853.csv,TILT,13,5.0,5.0,+,0.128552,-8.6014,88.99188,-97.59328,-19.518656,97.59328,-0.035839,-0.406639,4
83,sprungantwort_TILT_-5deg_20260622_213853.csv,TILT,13,5.0,5.0,+,0.159061,-15.1577,88.99188,-104.14958,-20.829916,104.14958,-0.063157,-0.433957,5
83,sprungantwort_TILT_-5deg_20260622_213853.csv,TILT,13,5.0,5.0,+,0.192132,-0.3913,88.99188,-89.38318,-17.876636,89.38318,-0.001631,-0.372431,6
83,sprungantwort_TILT_-5deg_20260622_213853.csv,TILT,13,5.0,5.0,+,0.223994,6.5002,88.99188,-82.49168,-16.498336,82.49168,0.027084,-0.343716,7
83,sprungantwort_TILT_-5deg_20260622_213853.csv,TILT,13,5.0,5.0,+,0.255911,-0.2906,88.99188,-89.28248,-17.856496,89.28248,-0.001211,-0.372011,8
83,sprungantwort_TILT_-5deg_20260622_213853.csv,TILT,13,5.0,5.0,+,0.287506,-2.8111,88.99188,-91.80298,-18.360596,91.80298,-0.011713,-0.382513,9
83,sprungantwort_TILT_-5deg_20260622_213853.csv,TILT,13,5.0,5.0,+,0.319459,0.0271,88.99188,-88.96478,-17.792956,88.96478,0.000113,-0.370687,10
83,sprungantwort_TILT_-5deg_20260622_213853.csv,TILT,13,5.0,5.0,+,0.351457,-0.6111,88.99188,-89.60298,-17.920596,89.60298,-0.002546,-0.373346,11
83,sprungantwort_TILT_-5deg_20260622_213853.csv,TILT,13,5.0,5.0,+,0.400059,-1.2904,88.99188,-90.28228,-18.056456,90.28228,-0.005377,-0.376177,12
83,sprungantwort_TILT_-5deg_20260622_213853.csv,TILT,13,5.0,5.0,+,0.43105,-0.1264,88.99188,-89.11828,-17.823656,89.11828,-0.000527,-0.371327,13
83,sprungantwort_TILT_-5deg_20260622_213853.csv,TILT,13,5.0,5.0,+,0.463061,-0.5096,88.99188,-89.50148,-17.900296,89.50148,-0.002124,-0.372924,14
83,sprungantwort_TILT_-5deg_20260622_213853.csv,TILT,13,5.0,5.0,+,0.495578,-0.8728,88.99188,-89.86468,-17.972936,89.86468,-0.003637,-0.374437,15
83,sprungantwort_TILT_-5deg_20260622_213853.csv,TILT,13,5.0,5.0,+,0.527561,-0.4027,88.99188,-89.39458,-17.878916,89.39458,-0.001678,-0.372478,16
83,sprungantwort_TILT_-5deg_20260622_213853.csv,TILT,13,5.0,5.0,+,0.55959,-0.4404,88.99188,-89.43228,-17.886456,89.43228,-0.001835,-0.372635,17
83,sprungantwort_TILT_-5deg_20260622_213853.csv,TILT,13,5.0,5.0,+,0.592082,-0.6321,88.99188,-89.62398,-17.924796,89.62398,-0.002634,-0.373434,18
83,sprungantwort_TILT_-5deg_20260622_213853.csv,TILT,13,5.0,5.0,+,0.623092,-0.6931,88.99188,-89.68498,-17.936996,89.68498,-0.002888,-0.373688,19
83,sprungantwort_TILT_-5deg_20260622_213853.csv,TILT,13,5.0,5.0,+,0.656092,-0.8275,88.99188,-89.81938,-17.963876,89.81938,-0.003448,-0.374248,20
83,sprungantwort_TILT_-5deg_20260622_213853.csv,TILT,13,5.0,5.0,+,0.687596,-0.8503,88.99188,-89.84218,-17.968436,89.84218,-0.003543,-0.374343,21
83,sprungantwort_TILT_-5deg_20260622_213853.csv,TILT,13,5.0,5.0,+,0.719552,-0.8053,88.99188,-89.79718,-17.959436,89.79718,-0.003355,-0.374155,22
83,sprungantwort_TILT_-5deg_20260622_213853.csv,TILT,13,5.0,5.0,+,0.752181,-1.0255,88.99188,-90.01738,-18.003476,90.01738,-0.004273,-0.375073,23
83,sprungantwort_TILT_-5deg_20260622_213853.csv,TILT,13,5.0,5.0,+,0.799821,-0.9589,88.99188,-89.95078,-17.990156,89.95078,-0.003995,-0.374795,24
83,sprungantwort_TILT_-5deg_20260622_213853.csv,TILT,13,5.0,5.0,+,0.831825,-0.9288,88.99188,-89.92068,-17.984136,89.92068,-0.00387,-0.37467,25
83,sprungantwort_TILT_-5deg_20260622_213853.csv,TILT,13,5.0,5.0,+,0.862833,-0.9731,88.99188,-89.96498,-17.992996,89.96498,-0.004055,-0.374855,26
83,sprungantwort_TILT_-5deg_20260622_213853.csv,TILT,13,5.0,5.0,+,0.895357,-0.9622,88.99188,-89.95408,-17.990816,89.95408,-0.004009,-0.374809,27
83,sprungantwort_TILT_-5deg_20260622_213853.csv,TILT,13,5.0,5.0,+,0.928363,-0.6948,88.99188,-89.68668,-17.937336,89.68668,-0.002895,-0.373695,28
83,sprungantwort_TILT_-5deg_20260622_213853.csv,TILT,13,5.0,5.0,+,0.959362,-0.7371,88.99188,-89.72898,-17.945796,89.72898,-0.003071,-0.373871,29
83,sprungantwort_TILT_-5deg_20260622_213853.csv,TILT,13,5.0,5.0,+,0.99087,-0.7263,88.99188,-89.71818,-17.943636,89.71818,-0.003026,-0.373826,30
83,sprungantwort_TILT_-5deg_20260622_213853.csv,TILT,13,5.0,5.0,+,1.023861,-0.7037,88.99188,-89.69558,-17.939116,89.69558,-0.002932,-0.373732,31
83,sprungantwort_TILT_-5deg_20260622_213853.csv,TILT,13,5.0,5.0,+,1.055861,-0.6925,88.99188,-89.68438,-17.936876,89.68438,-0.002885,-0.373685,32
83,sprungantwort_TILT_-5deg_20260622_213853.csv,TILT,13,5.0,5.0,+,1.087381,-0.9676,88.99188,-89.95948,-17.991896,89.95948,-0.004032,-0.374832,33
83,sprungantwort_TILT_-5deg_20260622_213853.csv,TILT,13,5.0,5.0,+,1.11945,-0.678,88.99188,-89.66988,-17.933976,89.66988,-0.002825,-0.373625,34
83,sprungantwort_TILT_-5deg_20260622_213853.csv,TILT,13,5.0,5.0,+,1.151379,-0.3788,88.99188,-89.37068,-17.874136,89.37068,-0.001578,-0.372378,35
83,sprungantwort_TILT_-5deg_20260622_213853.csv,TILT,13,5.0,5.0,+,1.19943,-0.7274,88.99188,-89.71928,-17.943856,89.71928,-0.003031,-0.373831,36
84,sprungantwort_TILT_-5deg_20260622_213853.csv,TILT,14,-5.0,5.0,-,0.0,-0.2217,-0.540189,0.318489,-0.063698,0.318489,-0.000924,0.001327,0
84,sprungantwort_TILT_-5deg_20260622_213853.csv,TILT,14,-5.0,5.0,-,0.032614,4.204,-0.540189,4.744189,-0.948838,4.744189,0.017517,0.019768,1
84,sprungantwort_TILT_-5deg_20260622_213853.csv,TILT,14,-5.0,5.0,-,0.06488,39.099,-0.540189,39.639189,-7.927838,39.639189,0.162912,0.165163,2
84,sprungantwort_TILT_-5deg_20260622_213853.csv,TILT,14,-5.0,5.0,-,0.096994,82.8593,-0.540189,83.399489,-16.679898,83.399489,0.345247,0.347498,3
84,sprungantwort_TILT_-5deg_20260622_213853.csv,TILT,14,-5.0,5.0,-,0.128975,97.1779,-0.540189,97.718089,-19.543618,97.718089,0.404908,0.407159,4
84,sprungantwort_TILT_-5deg_20260622_213853.csv,TILT,14,-5.0,5.0,-,0.162287,91.5303,-0.540189,92.070489,-18.414098,92.070489,0.381376,0.383627,5
84,sprungantwort_TILT_-5deg_20260622_213853.csv,TILT,14,-5.0,5.0,-,0.193357,84.8847,-0.540189,85.424889,-17.084978,85.424889,0.353686,0.355937,6
84,sprungantwort_TILT_-5deg_20260622_213853.csv,TILT,14,-5.0,5.0,-,0.22431,85.3631,-0.540189,85.903289,-17.180658,85.903289,0.35568,0.357931,7
84,sprungantwort_TILT_-5deg_20260622_213853.csv,TILT,14,-5.0,5.0,-,0.273006,86.998,-0.540189,87.538189,-17.507638,87.538189,0.362492,0.364743,8
84,sprungantwort_TILT_-5deg_20260622_213853.csv,TILT,14,-5.0,5.0,-,0.304367,85.9793,-0.540189,86.519489,-17.303898,86.519489,0.358247,0.360498,9
84,sprungantwort_TILT_-5deg_20260622_213853.csv,TILT,14,-5.0,5.0,-,0.336398,86.4054,-0.540189,86.945589,-17.389118,86.945589,0.360023,0.362274,10
84,sprungantwort_TILT_-5deg_20260622_213853.csv,TILT,14,-5.0,5.0,-,0.368956,86.4612,-0.540189,87.001389,-17.400278,87.001389,0.360255,0.362506,11
84,sprungantwort_TILT_-5deg_20260622_213853.csv,TILT,14,-5.0,5.0,-,0.400912,87.1456,-0.540189,87.685789,-17.537158,87.685789,0.363107,0.365358,12
84,sprungantwort_TILT_-5deg_20260622_213853.csv,TILT,14,-5.0,5.0,-,0.432931,87.9147,-0.540189,88.454889,-17.690978,88.454889,0.366311,0.368562,13
84,sprungantwort_TILT_-5deg_20260622_213853.csv,TILT,14,-5.0,5.0,-,0.465353,87.207,-0.540189,87.747189,-17.549438,87.747189,0.363363,0.365614,14
84,sprungantwort_TILT_-5deg_20260622_213853.csv,TILT,14,-5.0,5.0,-,0.49642,87.6522,-0.540189,88.192389,-17.638478,88.192389,0.365217,0.367468,15
84,sprungantwort_TILT_-5deg_20260622_213853.csv,TILT,14,-5.0,5.0,-,0.529352,87.9238,-0.540189,88.463989,-17.692798,88.463989,0.366349,0.3686,16
84,sprungantwort_TILT_-5deg_20260622_213853.csv,TILT,14,-5.0,5.0,-,0.560902,88.1899,-0.540189,88.730089,-17.746018,88.730089,0.367458,0.369709,17
84,sprungantwort_TILT_-5deg_20260622_213853.csv,TILT,14,-5.0,5.0,-,0.593212,88.0737,-0.540189,88.613889,-17.722778,88.613889,0.366974,0.369225,18
84,sprungantwort_TILT_-5deg_20260622_213853.csv,TILT,14,-5.0,5.0,-,0.625359,87.746,-0.540189,88.286189,-17.657238,88.286189,0.365608,0.367859,19
84,sprungantwort_TILT_-5deg_20260622_213853.csv,TILT,14,-5.0,5.0,-,0.673027,87.7286,-0.540189,88.268789,-17.653758,88.268789,0.365536,0.367787,20
84,sprungantwort_TILT_-5deg_20260622_213853.csv,TILT,14,-5.0,5.0,-,0.704997,87.9592,-0.540189,88.499389,-17.699878,88.499389,0.366497,0.368748,21
84,sprungantwort_TILT_-5deg_20260622_213853.csv,TILT,14,-5.0,5.0,-,0.735973,87.9274,-0.540189,88.467589,-17.693518,88.467589,0.366364,0.368615,22
84,sprungantwort_TILT_-5deg_20260622_213853.csv,TILT,14,-5.0,5.0,-,0.768523,87.9128,-0.540189,88.452989,-17.690598,88.452989,0.366303,0.368554,23
84,sprungantwort_TILT_-5deg_20260622_213853.csv,TILT,14,-5.0,5.0,-,0.800522,88.0409,-0.540189,88.581089,-17.716218,88.581089,0.366837,0.369088,24
84,sprungantwort_TILT_-5deg_20260622_213853.csv,TILT,14,-5.0,5.0,-,0.831536,88.0027,-0.540189,88.542889,-17.708578,88.542889,0.366678,0.368929,25
84,sprungantwort_TILT_-5deg_20260622_213853.csv,TILT,14,-5.0,5.0,-,0.865172,88.1267,-0.540189,88.666889,-17.733378,88.666889,0.367195,0.369446,26
84,sprungantwort_TILT_-5deg_20260622_213853.csv,TILT,14,-5.0,5.0,-,0.89788,88.0965,-0.540189,88.636689,-17.727338,88.636689,0.367069,0.36932,27
84,sprungantwort_TILT_-5deg_20260622_213853.csv,TILT,14,-5.0,5.0,-,0.929177,88.1438,-0.540189,88.683989,-17.736798,88.683989,0.367266,0.369517,28
84,sprungantwort_TILT_-5deg_20260622_213853.csv,TILT,14,-5.0,5.0,-,0.960887,88.2496,-0.540189,88.789789,-17.757958,88.789789,0.367707,0.369958,29
84,sprungantwort_TILT_-5deg_20260622_213853.csv,TILT,14,-5.0,5.0,-,0.992906,89.0647,-0.540189,89.604889,-17.920978,89.604889,0.371103,0.373354,30
84,sprungantwort_TILT_-5deg_20260622_213853.csv,TILT,14,-5.0,5.0,-,1.025058,90.0635,-0.540189,90.603689,-18.120738,90.603689,0.375265,0.377516,31
84,sprungantwort_TILT_-5deg_20260622_213853.csv,TILT,14,-5.0,5.0,-,1.072801,89.6684,-0.540189,90.208589,-18.041718,90.208589,0.373618,0.375869,32
84,sprungantwort_TILT_-5deg_20260622_213853.csv,TILT,14,-5.0,5.0,-,1.104672,89.4987,-0.540189,90.038889,-18.007778,90.038889,0.372911,0.375162,33
84,sprungantwort_TILT_-5deg_20260622_213853.csv,TILT,14,-5.0,5.0,-,1.138427,89.6432,-0.540189,90.183389,-18.036678,90.183389,0.373513,0.375764,34
84,sprungantwort_TILT_-5deg_20260622_213853.csv,TILT,14,-5.0,5.0,-,1.169888,89.4166,-0.540189,89.956789,-17.991358,89.956789,0.372569,0.37482,35
85,sprungantwort_TILT_-5deg_20260622_213853.csv,TILT,15,5.0,5.0,+,0.0,88.845,89.499644,-0.654644,-0.130929,0.654644,0.370187,-0.002728,0
85,sprungantwort_TILT_-5deg_20260622_213853.csv,TILT,15,5.0,5.0,+,0.031665,85.5437,89.499644,-3.955944,-0.791189,3.955944,0.356432,-0.016483,1
85,sprungantwort_TILT_-5deg_20260622_213853.csv,TILT,15,5.0,5.0,+,0.063225,57.4481,89.499644,-32.051544,-6.410309,32.051544,0.239367,-0.133548,2
85,sprungantwort_TILT_-5deg_20260622_213853.csv,TILT,15,5.0,5.0,+,0.095237,13.8438,89.499644,-75.655844,-15.131169,75.655844,0.057683,-0.315232,3
85,sprungantwort_TILT_-5deg_20260622_213853.csv,TILT,15,5.0,5.0,+,0.127231,-12.8505,89.499644,-102.350144,-20.470029,102.350144,-0.053544,-0.426459,4
85,sprungantwort_TILT_-5deg_20260622_213853.csv,TILT,15,5.0,5.0,+,0.17574,-10.342,89.499644,-99.841644,-19.968329,99.841644,-0.043092,-0.416007,5
85,sprungantwort_TILT_-5deg_20260622_213853.csv,TILT,15,5.0,5.0,+,0.207052,3.6638,89.499644,-85.835844,-17.167169,85.835844,0.015266,-0.357649,6
85,sprungantwort_TILT_-5deg_20260622_213853.csv,TILT,15,5.0,5.0,+,0.238946,4.7641,89.499644,-84.735544,-16.947109,84.735544,0.01985,-0.353065,7
85,sprungantwort_TILT_-5deg_20260622_213853.csv,TILT,15,5.0,5.0,+,0.271373,-1.6136,89.499644,-91.113244,-18.222649,91.113244,-0.006723,-0.379638,8
85,sprungantwort_TILT_-5deg_20260622_213853.csv,TILT,15,5.0,5.0,+,0.303137,-0.9463,89.499644,-90.445944,-18.089189,90.445944,-0.003943,-0.376858,9
85,sprungantwort_TILT_-5deg_20260622_213853.csv,TILT,15,5.0,5.0,+,0.335423,0.8211,89.499644,-88.678544,-17.735709,88.678544,0.003421,-0.369494,10
85,sprungantwort_TILT_-5deg_20260622_213853.csv,TILT,15,5.0,5.0,+,0.367185,-0.8268,89.499644,-90.326444,-18.065289,90.326444,-0.003445,-0.37636,11
85,sprungantwort_TILT_-5deg_20260622_213853.csv,TILT,15,5.0,5.0,+,0.39985,-0.3554,89.499644,-89.855044,-17.971009,89.855044,-0.001481,-0.374396,12
85,sprungantwort_TILT_-5deg_20260622_213853.csv,TILT,15,5.0,5.0,+,0.430904,0.0603,89.499644,-89.439344,-17.887869,89.439344,0.000251,-0.372664,13
85,sprungantwort_TILT_-5deg_20260622_213853.csv,TILT,15,5.0,5.0,+,0.46425,-0.7455,89.499644,-90.245144,-18.049029,90.245144,-0.003106,-0.376021,14
85,sprungantwort_TILT_-5deg_20260622_213853.csv,TILT,15,5.0,5.0,+,0.495233,-0.421,89.499644,-89.920644,-17.984129,89.920644,-0.001754,-0.374669,15
85,sprungantwort_TILT_-5deg_20260622_213853.csv,TILT,15,5.0,5.0,+,0.527238,-0.1848,89.499644,-89.684444,-17.936889,89.684444,-0.00077,-0.373685,16
85,sprungantwort_TILT_-5deg_20260622_213853.csv,TILT,15,5.0,5.0,+,0.57483,-0.742,89.499644,-90.241644,-18.048329,90.241644,-0.003092,-0.376007,17
85,sprungantwort_TILT_-5deg_20260622_213853.csv,TILT,15,5.0,5.0,+,0.60677,-0.5805,89.499644,-90.080144,-18.016029,90.080144,-0.002419,-0.375334,18
85,sprungantwort_TILT_-5deg_20260622_213853.csv,TILT,15,5.0,5.0,+,0.638883,-0.5095,89.499644,-90.009144,-18.001829,90.009144,-0.002123,-0.375038,19
85,sprungantwort_TILT_-5deg_20260622_213853.csv,TILT,15,5.0,5.0,+,0.671334,-0.7092,89.499644,-90.208844,-18.041769,90.208844,-0.002955,-0.37587,20
85,sprungantwort_TILT_-5deg_20260622_213853.csv,TILT,15,5.0,5.0,+,0.702307,-0.7003,89.499644,-90.199944,-18.039989,90.199944,-0.002918,-0.375833,21
85,sprungantwort_TILT_-5deg_20260622_213853.csv,TILT,15,5.0,5.0,+,0.734366,-0.706,89.499644,-90.205644,-18.041129,90.205644,-0.002942,-0.375857,22
85,sprungantwort_TILT_-5deg_20260622_213853.csv,TILT,15,5.0,5.0,+,0.767046,-0.8565,89.499644,-90.356144,-18.071229,90.356144,-0.003569,-0.376484,23
85,sprungantwort_TILT_-5deg_20260622_213853.csv,TILT,15,5.0,5.0,+,0.799058,-0.738,89.499644,-90.237644,-18.047529,90.237644,-0.003075,-0.37599,24
85,sprungantwort_TILT_-5deg_20260622_213853.csv,TILT,15,5.0,5.0,+,0.831121,-0.6724,89.499644,-90.172044,-18.034409,90.172044,-0.002802,-0.375717,25
85,sprungantwort_TILT_-5deg_20260622_213853.csv,TILT,15,5.0,5.0,+,0.863492,-0.8025,89.499644,-90.302144,-18.060429,90.302144,-0.003344,-0.376259,26
85,sprungantwort_TILT_-5deg_20260622_213853.csv,TILT,15,5.0,5.0,+,0.895775,-0.8184,89.499644,-90.318044,-18.063609,90.318044,-0.00341,-0.376325,27
85,sprungantwort_TILT_-5deg_20260622_213853.csv,TILT,15,5.0,5.0,+,0.927479,-0.865,89.499644,-90.364644,-18.072929,90.364644,-0.003604,-0.376519,28
85,sprungantwort_TILT_-5deg_20260622_213853.csv,TILT,15,5.0,5.0,+,0.975434,-0.7724,89.499644,-90.272044,-18.054409,90.272044,-0.003218,-0.376133,29
85,sprungantwort_TILT_-5deg_20260622_213853.csv,TILT,15,5.0,5.0,+,1.006974,-0.6003,89.499644,-90.099944,-18.019989,90.099944,-0.002501,-0.375416,30
85,sprungantwort_TILT_-5deg_20260622_213853.csv,TILT,15,5.0,5.0,+,1.03959,-0.8814,89.499644,-90.381044,-18.076209,90.381044,-0.003673,-0.376588,31
85,sprungantwort_TILT_-5deg_20260622_213853.csv,TILT,15,5.0,5.0,+,1.071106,-0.9082,89.499644,-90.407844,-18.081569,90.407844,-0.003784,-0.376699,32
85,sprungantwort_TILT_-5deg_20260622_213853.csv,TILT,15,5.0,5.0,+,1.103162,-1.018,89.499644,-90.517644,-18.103529,90.517644,-0.004242,-0.377157,33
85,sprungantwort_TILT_-5deg_20260622_213853.csv,TILT,15,5.0,5.0,+,1.135067,-1.3433,89.499644,-90.842944,-18.168589,90.842944,-0.005597,-0.378512,34
85,sprungantwort_TILT_-5deg_20260622_213853.csv,TILT,15,5.0,5.0,+,1.167611,-1.0785,89.499644,-90.578144,-18.115629,90.578144,-0.004494,-0.377409,35
85,sprungantwort_TILT_-5deg_20260622_213853.csv,TILT,15,5.0,5.0,+,1.198241,-1.1613,89.499644,-90.660944,-18.132189,90.660944,-0.004839,-0.377754,36
86,sprungantwort_TILT_-5deg_20260622_213853.csv,TILT,16,-5.0,5.0,-,0.0,-0.7686,-0.88502,0.11642,-0.023284,0.11642,-0.003202,0.000485,0
86,sprungantwort_TILT_-5deg_20260622_213853.csv,TILT,16,-5.0,5.0,-,0.032129,-0.3335,-0.88502,0.55152,-0.110304,0.55152,-0.00139,0.002297,1
86,sprungantwort_TILT_-5deg_20260622_213853.csv,TILT,16,-5.0,5.0,-,0.064115,24.6648,-0.88502,25.54982,-5.109964,25.54982,0.10277,0.106457,2
86,sprungantwort_TILT_-5deg_20260622_213853.csv,TILT,16,-5.0,5.0,-,0.095629,66.3747,-0.88502,67.25972,-13.451944,67.25972,0.276561,0.280248,3
86,sprungantwort_TILT_-5deg_20260622_213853.csv,TILT,16,-5.0,5.0,-,0.128523,94.8093,-0.88502,95.69432,-19.138864,95.69432,0.395039,0.398726,4
86,sprungantwort_TILT_-5deg_20260622_213853.csv,TILT,16,-5.0,5.0,-,0.160588,98.8724,-0.88502,99.75742,-19.951484,99.75742,0.411968,0.415655,5
86,sprungantwort_TILT_-5deg_20260622_213853.csv,TILT,16,-5.0,5.0,-,0.194147,87.0316,-0.88502,87.91662,-17.583324,87.91662,0.362632,0.366319,6
86,sprungantwort_TILT_-5deg_20260622_213853.csv,TILT,16,-5.0,5.0,-,0.224843,80.2773,-0.88502,81.16232,-16.232464,81.16232,0.334489,0.338176,7
86,sprungantwort_TILT_-5deg_20260622_213853.csv,TILT,16,-5.0,5.0,-,0.256768,82.4985,-0.88502,83.38352,-16.676704,83.38352,0.343744,0.347431,8
86,sprungantwort_TILT_-5deg_20260622_213853.csv,TILT,16,-5.0,5.0,-,0.288359,84.5398,-0.88502,85.42482,-17.084964,85.42482,0.352249,0.355936,9
86,sprungantwort_TILT_-5deg_20260622_213853.csv,TILT,16,-5.0,5.0,-,0.320123,83.3917,-0.88502,84.27672,-16.855344,84.27672,0.347466,0.351153,10
86,sprungantwort_TILT_-5deg_20260622_213853.csv,TILT,16,-5.0,5.0,-,0.351421,83.5407,-0.88502,84.42572,-16.885144,84.42572,0.348086,0.351773,11
86,sprungantwort_TILT_-5deg_20260622_213853.csv,TILT,16,-5.0,5.0,-,0.400075,83.5234,-0.88502,84.40842,-16.881684,84.40842,0.348014,0.351701,12
86,sprungantwort_TILT_-5deg_20260622_213853.csv,TILT,16,-5.0,5.0,-,0.432288,82.9916,-0.88502,83.87662,-16.775324,83.87662,0.345798,0.349485,13
86,sprungantwort_TILT_-5deg_20260622_213853.csv,TILT,16,-5.0,5.0,-,0.464298,83.2214,-0.88502,84.10642,-16.821284,84.10642,0.346756,0.350443,14
86,sprungantwort_TILT_-5deg_20260622_213853.csv,TILT,16,-5.0,5.0,-,0.496216,83.1578,-0.88502,84.04282,-16.808564,84.04282,0.346491,0.350178,15
86,sprungantwort_TILT_-5deg_20260622_213853.csv,TILT,16,-5.0,5.0,-,0.52779,83.0385,-0.88502,83.92352,-16.784704,83.92352,0.345994,0.349681,16
86,sprungantwort_TILT_-5deg_20260622_213853.csv,TILT,16,-5.0,5.0,-,0.559797,84.0496,-0.88502,84.93462,-16.986924,84.93462,0.350206,0.353893,17
86,sprungantwort_TILT_-5deg_20260622_213853.csv,TILT,16,-5.0,5.0,-,0.5914,84.3073,-0.88502,85.19232,-17.038464,85.19232,0.351281,0.354968,18
86,sprungantwort_TILT_-5deg_20260622_213853.csv,TILT,16,-5.0,5.0,-,0.624356,84.0545,-0.88502,84.93952,-16.987904,84.93952,0.350227,0.353914,19
86,sprungantwort_TILT_-5deg_20260622_213853.csv,TILT,16,-5.0,5.0,-,0.655357,84.346,-0.88502,85.23102,-17.046204,85.23102,0.351442,0.355129,20
86,sprungantwort_TILT_-5deg_20260622_213853.csv,TILT,16,-5.0,5.0,-,0.689001,84.0937,-0.88502,84.97872,-16.995744,84.97872,0.35039,0.354077,21
86,sprungantwort_TILT_-5deg_20260622_213853.csv,TILT,16,-5.0,5.0,-,0.721105,84.1326,-0.88502,85.01762,-17.003524,85.01762,0.350552,0.354239,22
86,sprungantwort_TILT_-5deg_20260622_213853.csv,TILT,16,-5.0,5.0,-,0.752079,84.1355,-0.88502,85.02052,-17.004104,85.02052,0.350565,0.354252,23
86,sprungantwort_TILT_-5deg_20260622_213853.csv,TILT,16,-5.0,5.0,-,0.800524,85.4364,-0.88502,86.32142,-17.264284,86.32142,0.355985,0.359672,24
86,sprungantwort_TILT_-5deg_20260622_213853.csv,TILT,16,-5.0,5.0,-,0.831534,86.4205,-0.88502,87.30552,-17.461104,87.30552,0.360085,0.363772,25
86,sprungantwort_TILT_-5deg_20260622_213853.csv,TILT,16,-5.0,5.0,-,0.863531,85.6529,-0.88502,86.53792,-17.307584,86.53792,0.356887,0.360574,26
86,sprungantwort_TILT_-5deg_20260622_213853.csv,TILT,16,-5.0,5.0,-,0.896034,85.7818,-0.88502,86.66682,-17.333364,86.66682,0.357424,0.361111,27
86,sprungantwort_TILT_-5deg_20260622_213853.csv,TILT,16,-5.0,5.0,-,0.928035,85.9439,-0.88502,86.82892,-17.365784,86.82892,0.358099,0.361786,28
86,sprungantwort_TILT_-5deg_20260622_213853.csv,TILT,16,-5.0,5.0,-,0.961044,85.8776,-0.88502,86.76262,-17.352524,86.76262,0.357823,0.36151,29
86,sprungantwort_TILT_-5deg_20260622_213853.csv,TILT,16,-5.0,5.0,-,0.991564,85.9138,-0.88502,86.79882,-17.359764,86.79882,0.357974,0.361661,30
86,sprungantwort_TILT_-5deg_20260622_213853.csv,TILT,16,-5.0,5.0,-,1.02461,85.9649,-0.88502,86.84992,-17.369984,86.84992,0.358187,0.361874,31
86,sprungantwort_TILT_-5deg_20260622_213853.csv,TILT,16,-5.0,5.0,-,1.056649,85.9041,-0.88502,86.78912,-17.357824,86.78912,0.357934,0.361621,32
86,sprungantwort_TILT_-5deg_20260622_213853.csv,TILT,16,-5.0,5.0,-,1.088138,85.9516,-0.88502,86.83662,-17.367324,86.83662,0.358131,0.361818,33
86,sprungantwort_TILT_-5deg_20260622_213853.csv,TILT,16,-5.0,5.0,-,1.121129,85.9488,-0.88502,86.83382,-17.366764,86.83382,0.35812,0.361807,34
86,sprungantwort_TILT_-5deg_20260622_213853.csv,TILT,16,-5.0,5.0,-,1.152022,85.8814,-0.88502,86.76642,-17.353284,86.76642,0.357839,0.361526,35
86,sprungantwort_TILT_-5deg_20260622_213853.csv,TILT,16,-5.0,5.0,-,1.199588,86.0742,-0.88502,86.95922,-17.391844,86.95922,0.358642,0.362329,36
87,sprungantwort_TILT_-5deg_20260622_213853.csv,TILT,17,5.0,5.0,+,0.0,85.8015,85.814678,-0.013178,-0.002636,0.013178,0.357506,-5.5e-05,0
87,sprungantwort_TILT_-5deg_20260622_213853.csv,TILT,17,5.0,5.0,+,0.032175,82.8006,85.814678,-3.014078,-0.602816,3.014078,0.345002,-0.012559,1
87,sprungantwort_TILT_-5deg_20260622_213853.csv,TILT,17,5.0,5.0,+,0.063696,52.9727,85.814678,-32.841978,-6.568396,32.841978,0.22072,-0.136841,2
87,sprungantwort_TILT_-5deg_20260622_213853.csv,TILT,17,5.0,5.0,+,0.096206,11.5343,85.814678,-74.280378,-14.856076,74.280378,0.048059,-0.309502,3
87,sprungantwort_TILT_-5deg_20260622_213853.csv,TILT,17,5.0,5.0,+,0.128391,-12.175,85.814678,-97.989678,-19.597936,97.989678,-0.050729,-0.40829,4
87,sprungantwort_TILT_-5deg_20260622_213853.csv,TILT,17,5.0,5.0,+,0.159904,-8.2601,85.814678,-94.074778,-18.814956,94.074778,-0.034417,-0.391978,5
87,sprungantwort_TILT_-5deg_20260622_213853.csv,TILT,17,5.0,5.0,+,0.191911,4.6769,85.814678,-81.137778,-16.227556,81.137778,0.019487,-0.338074,6
87,sprungantwort_TILT_-5deg_20260622_213853.csv,TILT,17,5.0,5.0,+,0.223903,4.8896,85.814678,-80.925078,-16.185016,80.925078,0.020374,-0.337187,7
87,sprungantwort_TILT_-5deg_20260622_213853.csv,TILT,17,5.0,5.0,+,0.271412,-0.9893,85.814678,-86.803978,-17.360796,86.803978,-0.004122,-0.361683,8
87,sprungantwort_TILT_-5deg_20260622_213853.csv,TILT,17,5.0,5.0,+,0.303414,0.1699,85.814678,-85.644778,-17.128956,85.644778,0.000708,-0.356853,9
87,sprungantwort_TILT_-5deg_20260622_213853.csv,TILT,17,5.0,5.0,+,0.335437,1.5091,85.814678,-84.305578,-16.861116,84.305578,0.006288,-0.351273,10
87,sprungantwort_TILT_-5deg_20260622_213853.csv,TILT,17,5.0,5.0,+,0.367814,0.1831,85.814678,-85.631578,-17.126316,85.631578,0.000763,-0.356798,11
87,sprungantwort_TILT_-5deg_20260622_213853.csv,TILT,17,5.0,5.0,+,0.398806,0.7615,85.814678,-85.053178,-17.010636,85.053178,0.003173,-0.354388,12
87,sprungantwort_TILT_-5deg_20260622_213853.csv,TILT,17,5.0,5.0,+,0.430839,0.9166,85.814678,-84.898078,-16.979616,84.898078,0.003819,-0.353742,13
87,sprungantwort_TILT_-5deg_20260622_213853.csv,TILT,17,5.0,5.0,+,0.464372,0.4828,85.814678,-85.331878,-17.066376,85.331878,0.002012,-0.355549,14
87,sprungantwort_TILT_-5deg_20260622_213853.csv,TILT,17,5.0,5.0,+,0.495432,0.8161,85.814678,-84.998578,-16.999716,84.998578,0.0034,-0.354161,15
87,sprungantwort_TILT_-5deg_20260622_213853.csv,TILT,17,5.0,5.0,+,0.527337,0.9615,85.814678,-84.853178,-16.970636,84.853178,0.004006,-0.353555,16
87,sprungantwort_TILT_-5deg_20260622_213853.csv,TILT,17,5.0,5.0,+,0.558432,0.7784,85.814678,-85.036278,-17.007256,85.036278,0.003243,-0.354318,17
87,sprungantwort_TILT_-5deg_20260622_213853.csv,TILT,17,5.0,5.0,+,0.591036,0.9917,85.814678,-84.822978,-16.964596,84.822978,0.004132,-0.353429,18
87,sprungantwort_TILT_-5deg_20260622_213853.csv,TILT,17,5.0,5.0,+,0.623772,1.0067,85.814678,-84.807978,-16.961596,84.807978,0.004195,-0.353366,19
87,sprungantwort_TILT_-5deg_20260622_213853.csv,TILT,17,5.0,5.0,+,0.671298,1.1492,85.814678,-84.665478,-16.933096,84.665478,0.004788,-0.352773,20
87,sprungantwort_TILT_-5deg_20260622_213853.csv,TILT,17,5.0,5.0,+,0.704249,1.2067,85.814678,-84.607978,-16.921596,84.607978,0.005028,-0.352533,21
87,sprungantwort_TILT_-5deg_20260622_213853.csv,TILT,17,5.0,5.0,+,0.736238,0.831,85.814678,-84.983678,-16.996736,84.983678,0.003462,-0.354099,22
87,sprungantwort_TILT_-5deg_20260622_213853.csv,TILT,17,5.0,5.0,+,0.767625,1.3342,85.814678,-84.480478,-16.896096,84.480478,0.005559,-0.352002,23
87,sprungantwort_TILT_-5deg_20260622_213853.csv,TILT,17,5.0,5.0,+,0.799974,1.5393,85.814678,-84.275378,-16.855076,84.275378,0.006414,-0.351147,24
87,sprungantwort_TILT_-5deg_20260622_213853.csv,TILT,17,5.0,5.0,+,0.831872,1.386,85.814678,-84.428678,-16.885736,84.428678,0.005775,-0.351786,25
87,sprungantwort_TILT_-5deg_20260622_213853.csv,TILT,17,5.0,5.0,+,0.864083,1.2665,85.814678,-84.548178,-16.909636,84.548178,0.005277,-0.352284,26
87,sprungantwort_TILT_-5deg_20260622_213853.csv,TILT,17,5.0,5.0,+,0.896082,1.1825,85.814678,-84.632178,-16.926436,84.632178,0.004927,-0.352634,27
87,sprungantwort_TILT_-5deg_20260622_213853.csv,TILT,17,5.0,5.0,+,0.928161,0.883,85.814678,-84.931678,-16.986336,84.931678,0.003679,-0.353882,28
87,sprungantwort_TILT_-5deg_20260622_213853.csv,TILT,17,5.0,5.0,+,0.959719,0.9957,85.814678,-84.818978,-16.963796,84.818978,0.004149,-0.353412,29
87,sprungantwort_TILT_-5deg_20260622_213853.csv,TILT,17,5.0,5.0,+,0.991709,1.1017,85.814678,-84.712978,-16.942596,84.712978,0.004591,-0.35297,30
87,sprungantwort_TILT_-5deg_20260622_213853.csv,TILT,17,5.0,5.0,+,1.023707,1.2232,85.814678,-84.591478,-16.918296,84.591478,0.005097,-0.352464,31
87,sprungantwort_TILT_-5deg_20260622_213853.csv,TILT,17,5.0,5.0,+,1.071329,1.1821,85.814678,-84.632578,-16.926516,84.632578,0.004926,-0.352635,32
87,sprungantwort_TILT_-5deg_20260622_213853.csv,TILT,17,5.0,5.0,+,1.103404,1.1247,85.814678,-84.689978,-16.937996,84.689978,0.004686,-0.352875,33
87,sprungantwort_TILT_-5deg_20260622_213853.csv,TILT,17,5.0,5.0,+,1.136341,1.1954,85.814678,-84.619278,-16.923856,84.619278,0.004981,-0.35258,34
87,sprungantwort_TILT_-5deg_20260622_213853.csv,TILT,17,5.0,5.0,+,1.167517,1.2634,85.814678,-84.551278,-16.910256,84.551278,0.005264,-0.352297,35
88,sprungantwort_TILT_-5deg_20260622_213853.csv,TILT,18,-5.0,5.0,-,0.0,0.8313,0.843622,-0.012322,0.002464,-0.012322,0.003464,-5.1e-05,0
88,sprungantwort_TILT_-5deg_20260622_213853.csv,TILT,18,-5.0,5.0,-,0.031739,5.1576,0.843622,4.313978,-0.862796,4.313978,0.02149,0.017975,1
88,sprungantwort_TILT_-5deg_20260622_213853.csv,TILT,18,-5.0,5.0,-,0.063386,40.2764,0.843622,39.432778,-7.886556,39.432778,0.167818,0.164303,2
88,sprungantwort_TILT_-5deg_20260622_213853.csv,TILT,18,-5.0,5.0,-,0.09538,83.7476,0.843622,82.903978,-16.580796,82.903978,0.348948,0.345433,3
88,sprungantwort_TILT_-5deg_20260622_213853.csv,TILT,18,-5.0,5.0,-,0.127276,97.0622,0.843622,96.218578,-19.243716,96.218578,0.404426,0.400911,4
88,sprungantwort_TILT_-5deg_20260622_213853.csv,TILT,18,-5.0,5.0,-,0.17514,89.4547,0.843622,88.611078,-17.722216,88.611078,0.372728,0.369213,5
88,sprungantwort_TILT_-5deg_20260622_213853.csv,TILT,18,-5.0,5.0,-,0.207063,82.4295,0.843622,81.585878,-16.317176,81.585878,0.343456,0.339941,6
88,sprungantwort_TILT_-5deg_20260622_213853.csv,TILT,18,-5.0,5.0,-,0.239098,83.2364,0.843622,82.392778,-16.478556,82.392778,0.346818,0.343303,7
88,sprungantwort_TILT_-5deg_20260622_213853.csv,TILT,18,-5.0,5.0,-,0.271766,86.0348,0.843622,85.191178,-17.038236,85.191178,0.358478,0.354963,8
88,sprungantwort_TILT_-5deg_20260622_213853.csv,TILT,18,-5.0,5.0,-,0.303758,84.8222,0.843622,83.978578,-16.795716,83.978578,0.353426,0.349911,9
88,sprungantwort_TILT_-5deg_20260622_213853.csv,TILT,18,-5.0,5.0,-,0.33576,85.0307,0.843622,84.187078,-16.837416,84.187078,0.354295,0.35078,10
88,sprungantwort_TILT_-5deg_20260622_213853.csv,TILT,18,-5.0,5.0,-,0.367408,85.2398,0.843622,84.396178,-16.879236,84.396178,0.355166,0.351651,11
88,sprungantwort_TILT_-5deg_20260622_213853.csv,TILT,18,-5.0,5.0,-,0.399412,85.3416,0.843622,84.497978,-16.899596,84.497978,0.35559,0.352075,12
88,sprungantwort_TILT_-5deg_20260622_213853.csv,TILT,18,-5.0,5.0,-,0.431392,86.0705,0.843622,85.226878,-17.045376,85.226878,0.358627,0.355112,13
88,sprungantwort_TILT_-5deg_20260622_213853.csv,TILT,18,-5.0,5.0,-,0.46311,85.9322,0.843622,85.088578,-17.017716,85.088578,0.358051,0.354536,14
88,sprungantwort_TILT_-5deg_20260622_213853.csv,TILT,18,-5.0,5.0,-,0.496449,85.9512,0.843622,85.107578,-17.021516,85.107578,0.35813,0.354615,15
88,sprungantwort_TILT_-5deg_20260622_213853.csv,TILT,18,-5.0,5.0,-,0.527715,86.0599,0.843622,85.216278,-17.043256,85.216278,0.358583,0.355068,16
88,sprungantwort_TILT_-5deg_20260622_213853.csv,TILT,18,-5.0,5.0,-,0.575447,86.1112,0.843622,85.267578,-17.053516,85.267578,0.358797,0.355282,17
88,sprungantwort_TILT_-5deg_20260622_213853.csv,TILT,18,-5.0,5.0,-,0.607504,85.8191,0.843622,84.975478,-16.995096,84.975478,0.35758,0.354065,18
88,sprungantwort_TILT_-5deg_20260622_213853.csv,TILT,18,-5.0,5.0,-,0.63945,85.8913,0.843622,85.047678,-17.009536,85.047678,0.357881,0.354366,19
88,sprungantwort_TILT_-5deg_20260622_213853.csv,TILT,18,-5.0,5.0,-,0.671148,86.1237,0.843622,85.280078,-17.056016,85.280078,0.358849,0.355334,20
88,sprungantwort_TILT_-5deg_20260622_213853.csv,TILT,18,-5.0,5.0,-,0.703258,86.0378,0.843622,85.194178,-17.038836,85.194178,0.358491,0.354976,21
88,sprungantwort_TILT_-5deg_20260622_213853.csv,TILT,18,-5.0,5.0,-,0.735307,85.9482,0.843622,85.104578,-17.020916,85.104578,0.358118,0.354603,22
88,sprungantwort_TILT_-5deg_20260622_213853.csv,TILT,18,-5.0,5.0,-,0.767866,85.8909,0.843622,85.047278,-17.009456,85.047278,0.357879,0.354364,23
88,sprungantwort_TILT_-5deg_20260622_213853.csv,TILT,18,-5.0,5.0,-,0.799939,85.9858,0.843622,85.142178,-17.028436,85.142178,0.358274,0.354759,24
88,sprungantwort_TILT_-5deg_20260622_213853.csv,TILT,18,-5.0,5.0,-,0.830887,86.1553,0.843622,85.311678,-17.062336,85.311678,0.35898,0.355465,25
88,sprungantwort_TILT_-5deg_20260622_213853.csv,TILT,18,-5.0,5.0,-,0.863517,87.6166,0.843622,86.772978,-17.354596,86.772978,0.365069,0.361554,26
88,sprungantwort_TILT_-5deg_20260622_213853.csv,TILT,18,-5.0,5.0,-,0.895579,87.5829,0.843622,86.739278,-17.347856,86.739278,0.364929,0.361414,27
88,sprungantwort_TILT_-5deg_20260622_213853.csv,TILT,18,-5.0,5.0,-,0.928523,87.5297,0.843622,86.686078,-17.337216,86.686078,0.364707,0.361192,28
88,sprungantwort_TILT_-5deg_20260622_213853.csv,TILT,18,-5.0,5.0,-,0.975249,88.1192,0.843622,87.275578,-17.455116,87.275578,0.367164,0.363649,29
88,sprungantwort_TILT_-5deg_20260622_213853.csv,TILT,18,-5.0,5.0,-,1.006198,88.0339,0.843622,87.190278,-17.438056,87.190278,0.366808,0.363293,30
88,sprungantwort_TILT_-5deg_20260622_213853.csv,TILT,18,-5.0,5.0,-,1.039819,87.9289,0.843622,87.085278,-17.417056,87.085278,0.36637,0.362855,31
88,sprungantwort_TILT_-5deg_20260622_213853.csv,TILT,18,-5.0,5.0,-,1.071425,87.9173,0.843622,87.073678,-17.414736,87.073678,0.366322,0.362807,32
88,sprungantwort_TILT_-5deg_20260622_213853.csv,TILT,18,-5.0,5.0,-,1.10349,87.934,0.843622,87.090378,-17.418076,87.090378,0.366392,0.362877,33
88,sprungantwort_TILT_-5deg_20260622_213853.csv,TILT,18,-5.0,5.0,-,1.135495,87.9151,0.843622,87.071478,-17.414296,87.071478,0.366313,0.362798,34
88,sprungantwort_TILT_-5deg_20260622_213853.csv,TILT,18,-5.0,5.0,-,1.167409,87.7176,0.843622,86.873978,-17.374796,86.873978,0.36549,0.361975,35
89,sprungantwort_TILT_-5deg_20260622_213853.csv,TILT,19,5.0,5.0,+,0.0,88.6154,88.34661,0.26879,0.053758,-0.26879,0.369231,0.00112,0
89,sprungantwort_TILT_-5deg_20260622_213853.csv,TILT,19,5.0,5.0,+,0.047372,86.9758,88.34661,-1.37081,-0.274162,1.37081,0.362399,-0.005712,1
89,sprungantwort_TILT_-5deg_20260622_213853.csv,TILT,19,5.0,5.0,+,0.079473,57.7837,88.34661,-30.56291,-6.112582,30.56291,0.240766,-0.127345,2
89,sprungantwort_TILT_-5deg_20260622_213853.csv,TILT,19,5.0,5.0,+,0.111506,19.0735,88.34661,-69.27311,-13.854622,69.27311,0.079473,-0.288638,3
89,sprungantwort_TILT_-5deg_20260622_213853.csv,TILT,19,5.0,5.0,+,0.14414,-7.3459,88.34661,-95.69251,-19.138502,95.69251,-0.030608,-0.398719,4
89,sprungantwort_TILT_-5deg_20260622_213853.csv,TILT,19,5.0,5.0,+,0.176137,-7.0471,88.34661,-95.39371,-19.078742,95.39371,-0.029363,-0.397474,5
89,sprungantwort_TILT_-5deg_20260622_213853.csv,TILT,19,5.0,5.0,+,0.208142,5.6273,88.34661,-82.71931,-16.543862,82.71931,0.023447,-0.344664,6
89,sprungantwort_TILT_-5deg_20260622_213853.csv,TILT,19,5.0,5.0,+,0.239773,7.4385,88.34661,-80.90811,-16.181622,80.90811,0.030994,-0.337117,7
89,sprungantwort_TILT_-5deg_20260622_213853.csv,TILT,19,5.0,5.0,+,0.271827,1.8125,88.34661,-86.53411,-17.306822,86.53411,0.007552,-0.360559,8
89,sprungantwort_TILT_-5deg_20260622_213853.csv,TILT,19,5.0,5.0,+,0.303839,2.7628,88.34661,-85.58381,-17.116762,85.58381,0.011512,-0.356599,9
89,sprungantwort_TILT_-5deg_20260622_213853.csv,TILT,19,5.0,5.0,+,0.336304,4.0908,88.34661,-84.25581,-16.851162,84.25581,0.017045,-0.351066,10
89,sprungantwort_TILT_-5deg_20260622_213853.csv,TILT,19,5.0,5.0,+,0.368173,2.2415,88.34661,-86.10511,-17.221022,86.10511,0.00934,-0.358771,11
89,sprungantwort_TILT_-5deg_20260622_213853.csv,TILT,19,5.0,5.0,+,0.399154,2.8961,88.34661,-85.45051,-17.090102,85.45051,0.012067,-0.356044,12
89,sprungantwort_TILT_-5deg_20260622_213853.csv,TILT,19,5.0,5.0,+,0.447854,3.8621,88.34661,-84.48451,-16.896902,84.48451,0.016092,-0.352019,13
89,sprungantwort_TILT_-5deg_20260622_213853.csv,TILT,19,5.0,5.0,+,0.480751,2.8656,88.34661,-85.48101,-17.096202,85.48101,0.01194,-0.356171,14
89,sprungantwort_TILT_-5deg_20260622_213853.csv,TILT,19,5.0,5.0,+,0.512796,2.9764,88.34661,-85.37021,-17.074042,85.37021,0.012402,-0.355709,15
89,sprungantwort_TILT_-5deg_20260622_213853.csv,TILT,19,5.0,5.0,+,0.54346,2.8687,88.34661,-85.47791,-17.095582,85.47791,0.011953,-0.356158,16
89,sprungantwort_TILT_-5deg_20260622_213853.csv,TILT,19,5.0,5.0,+,0.576611,2.6679,88.34661,-85.67871,-17.135742,85.67871,0.011116,-0.356995,17
89,sprungantwort_TILT_-5deg_20260622_213853.csv,TILT,19,5.0,5.0,+,0.60761,2.8224,88.34661,-85.52421,-17.104842,85.52421,0.01176,-0.356351,18
89,sprungantwort_TILT_-5deg_20260622_213853.csv,TILT,19,5.0,5.0,+,0.639296,2.7399,88.34661,-85.60671,-17.121342,85.60671,0.011416,-0.356695,19
89,sprungantwort_TILT_-5deg_20260622_213853.csv,TILT,19,5.0,5.0,+,0.671292,2.6011,88.34661,-85.74551,-17.149102,85.74551,0.010838,-0.357273,20
89,sprungantwort_TILT_-5deg_20260622_213853.csv,TILT,19,5.0,5.0,+,0.704306,2.6322,88.34661,-85.71441,-17.142882,85.71441,0.010967,-0.357144,21
89,sprungantwort_TILT_-5deg_20260622_213853.csv,TILT,19,5.0,5.0,+,0.735881,2.9126,88.34661,-85.43401,-17.086802,85.43401,0.012136,-0.355975,22
89,sprungantwort_TILT_-5deg_20260622_213853.csv,TILT,19,5.0,5.0,+,0.767177,2.9035,88.34661,-85.44311,-17.088622,85.44311,0.012098,-0.356013,23
89,sprungantwort_TILT_-5deg_20260622_213853.csv,TILT,19,5.0,5.0,+,0.79956,2.6788,88.34661,-85.66781,-17.133562,85.66781,0.011162,-0.356949,24
89,sprungantwort_TILT_-5deg_20260622_213853.csv,TILT,19,5.0,5.0,+,0.848001,2.7432,88.34661,-85.60341,-17.120682,85.60341,0.01143,-0.356681,25
89,sprungantwort_TILT_-5deg_20260622_213853.csv,TILT,19,5.0,5.0,+,0.879818,2.7651,88.34661,-85.58151,-17.116302,85.58151,0.011521,-0.35659,26
89,sprungantwort_TILT_-5deg_20260622_213853.csv,TILT,19,5.0,5.0,+,0.911815,2.7486,88.34661,-85.59801,-17.119602,85.59801,0.011453,-0.356658,27
89,sprungantwort_TILT_-5deg_20260622_213853.csv,TILT,19,5.0,5.0,+,0.943483,2.6064,88.34661,-85.74021,-17.148042,85.74021,0.01086,-0.357251,28
89,sprungantwort_TILT_-5deg_20260622_213853.csv,TILT,19,5.0,5.0,+,0.975635,2.744,88.34661,-85.60261,-17.120522,85.60261,0.011433,-0.356678,29
89,sprungantwort_TILT_-5deg_20260622_213853.csv,TILT,19,5.0,5.0,+,1.008631,2.6752,88.34661,-85.67141,-17.134282,85.67141,0.011147,-0.356964,30
89,sprungantwort_TILT_-5deg_20260622_213853.csv,TILT,19,5.0,5.0,+,1.039356,2.449,88.34661,-85.89761,-17.179522,85.89761,0.010204,-0.357907,31
89,sprungantwort_TILT_-5deg_20260622_213853.csv,TILT,19,5.0,5.0,+,1.071356,2.6367,88.34661,-85.70991,-17.141982,85.70991,0.010986,-0.357125,32
89,sprungantwort_TILT_-5deg_20260622_213853.csv,TILT,19,5.0,5.0,+,1.104357,2.5404,88.34661,-85.80621,-17.161242,85.80621,0.010585,-0.357526,33
89,sprungantwort_TILT_-5deg_20260622_213853.csv,TILT,19,5.0,5.0,+,1.135908,2.4999,88.34661,-85.84671,-17.169342,85.84671,0.010416,-0.357695,34
89,sprungantwort_TILT_-5deg_20260622_213853.csv,TILT,19,5.0,5.0,+,1.168135,2.5273,88.34661,-85.81931,-17.163862,85.81931,0.01053,-0.357581,35
90,sprungantwort_TILT_-5deg_20260622_214339.csv,TILT,0,-5.0,5.0,-,0.0,-2.5756,-2.572178,-0.003422,0.000684,-0.003422,-0.010732,-1.5e-05,0
90,sprungantwort_TILT_-5deg_20260622_214339.csv,TILT,0,-5.0,5.0,-,0.033815,-1.9985,-2.572178,0.573678,-0.114736,0.573678,-0.008327,0.00239,1
90,sprungantwort_TILT_-5deg_20260622_214339.csv,TILT,0,-5.0,5.0,-,0.064851,23.9247,-2.572178,26.496878,-5.299376,26.496878,0.099686,0.110403,2
90,sprungantwort_TILT_-5deg_20260622_214339.csv,TILT,0,-5.0,5.0,-,0.097655,62.6284,-2.572178,65.200578,-13.040116,65.200578,0.260952,0.271669,3
90,sprungantwort_TILT_-5deg_20260622_214339.csv,TILT,0,-5.0,5.0,-,0.129945,92.4313,-2.572178,95.003478,-19.000696,95.003478,0.38513,0.395847,4
90,sprungantwort_TILT_-5deg_20260622_214339.csv,TILT,0,-5.0,5.0,-,0.161248,102.0094,-2.572178,104.581578,-20.916316,104.581578,0.425039,0.435756,5
90,sprungantwort_TILT_-5deg_20260622_214339.csv,TILT,0,-5.0,5.0,-,0.193354,89.8132,-2.572178,92.385378,-18.477076,92.385378,0.374222,0.384939,6
90,sprungantwort_TILT_-5deg_20260622_214339.csv,TILT,0,-5.0,5.0,-,0.22539,80.2495,-2.572178,82.821678,-16.564336,82.821678,0.334373,0.34509,7
90,sprungantwort_TILT_-5deg_20260622_214339.csv,TILT,0,-5.0,5.0,-,0.257386,79.2525,-2.572178,81.824678,-16.364936,81.824678,0.330219,0.340936,8
90,sprungantwort_TILT_-5deg_20260622_214339.csv,TILT,0,-5.0,5.0,-,0.305005,84.1136,-2.572178,86.685778,-17.337156,86.685778,0.350473,0.36119,9
90,sprungantwort_TILT_-5deg_20260622_214339.csv,TILT,0,-5.0,5.0,-,0.337577,84.3933,-2.572178,86.965478,-17.393096,86.965478,0.351639,0.362356,10
90,sprungantwort_TILT_-5deg_20260622_214339.csv,TILT,0,-5.0,5.0,-,0.370582,81.9612,-2.572178,84.533378,-16.906676,84.533378,0.341505,0.352222,11
90,sprungantwort_TILT_-5deg_20260622_214339.csv,TILT,0,-5.0,5.0,-,0.402137,82.5105,-2.572178,85.082678,-17.016536,85.082678,0.343794,0.354511,12
90,sprungantwort_TILT_-5deg_20260622_214339.csv,TILT,0,-5.0,5.0,-,0.434561,83.8812,-2.572178,86.453378,-17.290676,86.453378,0.349505,0.360222,13
90,sprungantwort_TILT_-5deg_20260622_214339.csv,TILT,0,-5.0,5.0,-,0.465185,82.9736,-2.572178,85.545778,-17.109156,85.545778,0.345723,0.35644,14
90,sprungantwort_TILT_-5deg_20260622_214339.csv,TILT,0,-5.0,5.0,-,0.49657,82.5159,-2.572178,85.088078,-17.017616,85.088078,0.343816,0.354533,15
90,sprungantwort_TILT_-5deg_20260622_214339.csv,TILT,0,-5.0,5.0,-,0.528582,83.3823,-2.572178,85.954478,-17.190896,85.954478,0.347426,0.358143,16
90,sprungantwort_TILT_-5deg_20260622_214339.csv,TILT,0,-5.0,5.0,-,0.560539,83.1583,-2.572178,85.730478,-17.146096,85.730478,0.346493,0.35721,17
90,sprungantwort_TILT_-5deg_20260622_214339.csv,TILT,0,-5.0,5.0,-,0.593146,82.6626,-2.572178,85.234778,-17.046956,85.234778,0.344427,0.355144,18
90,sprungantwort_TILT_-5deg_20260622_214339.csv,TILT,0,-5.0,5.0,-,0.625184,83.1536,-2.572178,85.725778,-17.145156,85.725778,0.346474,0.357191,19
90,sprungantwort_TILT_-5deg_20260622_214339.csv,TILT,0,-5.0,5.0,-,0.656821,83.1632,-2.572178,85.735378,-17.147076,85.735378,0.346513,0.35723,20
90,sprungantwort_TILT_-5deg_20260622_214339.csv,TILT,0,-5.0,5.0,-,0.70533,82.8348,-2.572178,85.406978,-17.081396,85.406978,0.345145,0.355862,21
90,sprungantwort_TILT_-5deg_20260622_214339.csv,TILT,0,-5.0,5.0,-,0.737333,83.0406,-2.572178,85.612778,-17.122556,85.612778,0.346002,0.356719,22
90,sprungantwort_TILT_-5deg_20260622_214339.csv,TILT,0,-5.0,5.0,-,0.768398,83.1538,-2.572178,85.725978,-17.145196,85.725978,0.346474,0.357191,23
90,sprungantwort_TILT_-5deg_20260622_214339.csv,TILT,0,-5.0,5.0,-,0.801964,82.9281,-2.572178,85.500278,-17.100056,85.500278,0.345534,0.356251,24
90,sprungantwort_TILT_-5deg_20260622_214339.csv,TILT,0,-5.0,5.0,-,0.832492,83.0133,-2.572178,85.585478,-17.117096,85.585478,0.345889,0.356606,25
90,sprungantwort_TILT_-5deg_20260622_214339.csv,TILT,0,-5.0,5.0,-,0.865528,83.1353,-2.572178,85.707478,-17.141496,85.707478,0.346397,0.357114,26
90,sprungantwort_TILT_-5deg_20260622_214339.csv,TILT,0,-5.0,5.0,-,0.898086,83.1041,-2.572178,85.676278,-17.135256,85.676278,0.346267,0.356984,27
90,sprungantwort_TILT_-5deg_20260622_214339.csv,TILT,0,-5.0,5.0,-,0.929042,83.0709,-2.572178,85.643078,-17.128616,85.643078,0.346129,0.356846,28
90,sprungantwort_TILT_-5deg_20260622_214339.csv,TILT,0,-5.0,5.0,-,0.962045,83.1333,-2.572178,85.705478,-17.141096,85.705478,0.346389,0.357106,29
90,sprungantwort_TILT_-5deg_20260622_214339.csv,TILT,0,-5.0,5.0,-,0.993146,83.1006,-2.572178,85.672778,-17.134556,85.672778,0.346252,0.356969,30
90,sprungantwort_TILT_-5deg_20260622_214339.csv,TILT,0,-5.0,5.0,-,1.025151,83.1506,-2.572178,85.722778,-17.144556,85.722778,0.346461,0.357178,31
90,sprungantwort_TILT_-5deg_20260622_214339.csv,TILT,0,-5.0,5.0,-,1.057146,83.1808,-2.572178,85.752978,-17.150596,85.752978,0.346587,0.357304,32
90,sprungantwort_TILT_-5deg_20260622_214339.csv,TILT,0,-5.0,5.0,-,1.105673,83.1806,-2.572178,85.752778,-17.150556,85.752778,0.346586,0.357303,33
90,sprungantwort_TILT_-5deg_20260622_214339.csv,TILT,0,-5.0,5.0,-,1.137613,83.1523,-2.572178,85.724478,-17.144896,85.724478,0.346468,0.357185,34
90,sprungantwort_TILT_-5deg_20260622_214339.csv,TILT,0,-5.0,5.0,-,1.169173,83.1699,-2.572178,85.742078,-17.148416,85.742078,0.346541,0.357258,35
91,sprungantwort_TILT_-5deg_20260622_214339.csv,TILT,1,5.0,5.0,+,0.0,83.1923,83.190067,0.002233,0.000447,-0.002233,0.346634,9e-06,0
91,sprungantwort_TILT_-5deg_20260622_214339.csv,TILT,1,5.0,5.0,+,0.032977,82.6111,83.190067,-0.578967,-0.115793,0.578967,0.344213,-0.002412,1
91,sprungantwort_TILT_-5deg_20260622_214339.csv,TILT,1,5.0,5.0,+,0.064055,55.5089,83.190067,-27.681167,-5.536233,27.681167,0.231287,-0.115338,2
91,sprungantwort_TILT_-5deg_20260622_214339.csv,TILT,1,5.0,5.0,+,0.095532,23.8145,83.190067,-59.375567,-11.875113,59.375567,0.099227,-0.247398,3
91,sprungantwort_TILT_-5deg_20260622_214339.csv,TILT,1,5.0,5.0,+,0.12857,-9.4043,83.190067,-92.594367,-18.518873,92.594367,-0.039185,-0.38581,4
91,sprungantwort_TILT_-5deg_20260622_214339.csv,TILT,1,5.0,5.0,+,0.159548,-14.3513,83.190067,-97.541367,-19.508273,97.541367,-0.059797,-0.406422,5
91,sprungantwort_TILT_-5deg_20260622_214339.csv,TILT,1,5.0,5.0,+,0.207277,-1.6316,83.190067,-84.821667,-16.964333,84.821667,-0.006798,-0.353423,6
91,sprungantwort_TILT_-5deg_20260622_214339.csv,TILT,1,5.0,5.0,+,0.238557,7.0971,83.190067,-76.092967,-15.218593,76.092967,0.029571,-0.317054,7
91,sprungantwort_TILT_-5deg_20260622_214339.csv,TILT,1,5.0,5.0,+,0.272286,2.0398,83.190067,-81.150267,-16.230053,81.150267,0.008499,-0.338126,8
91,sprungantwort_TILT_-5deg_20260622_214339.csv,TILT,1,5.0,5.0,+,0.303796,-4.1809,83.190067,-87.370967,-17.474193,87.370967,-0.01742,-0.364045,9
91,sprungantwort_TILT_-5deg_20260622_214339.csv,TILT,1,5.0,5.0,+,0.33576,-2.2706,83.190067,-85.460667,-17.092133,85.460667,-0.009461,-0.356086,10
91,sprungantwort_TILT_-5deg_20260622_214339.csv,TILT,1,5.0,5.0,+,0.367797,1.0485,83.190067,-82.141567,-16.428313,82.141567,0.004369,-0.342256,11
91,sprungantwort_TILT_-5deg_20260622_214339.csv,TILT,1,5.0,5.0,+,0.399581,-0.5904,83.190067,-83.780467,-16.756093,83.780467,-0.00246,-0.349085,12
91,sprungantwort_TILT_-5deg_20260622_214339.csv,TILT,1,5.0,5.0,+,0.431144,-2.2263,83.190067,-85.416367,-17.083273,85.416367,-0.009276,-0.355901,13
91,sprungantwort_TILT_-5deg_20260622_214339.csv,TILT,1,5.0,5.0,+,0.463114,-0.6359,83.190067,-83.825967,-16.765193,83.825967,-0.002649,-0.349274,14
91,sprungantwort_TILT_-5deg_20260622_214339.csv,TILT,1,5.0,5.0,+,0.495657,-0.2435,83.190067,-83.433567,-16.686713,83.433567,-0.001015,-0.34764,15
91,sprungantwort_TILT_-5deg_20260622_214339.csv,TILT,1,5.0,5.0,+,0.527352,-1.4897,83.190067,-84.679767,-16.935953,84.679767,-0.006207,-0.352832,16
91,sprungantwort_TILT_-5deg_20260622_214339.csv,TILT,1,5.0,5.0,+,0.559743,-1.2822,83.190067,-84.472267,-16.894453,84.472267,-0.005343,-0.351968,17
91,sprungantwort_TILT_-5deg_20260622_214339.csv,TILT,1,5.0,5.0,+,0.607273,-0.5315,83.190067,-83.721567,-16.744313,83.721567,-0.002215,-0.34884,18
91,sprungantwort_TILT_-5deg_20260622_214339.csv,TILT,1,5.0,5.0,+,0.639266,-0.9652,83.190067,-84.155267,-16.831053,84.155267,-0.004022,-0.350647,19
91,sprungantwort_TILT_-5deg_20260622_214339.csv,TILT,1,5.0,5.0,+,0.671271,-1.2868,83.190067,-84.476867,-16.895373,84.476867,-0.005361,-0.351986,20
91,sprungantwort_TILT_-5deg_20260622_214339.csv,TILT,1,5.0,5.0,+,0.703799,-0.8474,83.190067,-84.037467,-16.807493,84.037467,-0.003531,-0.350156,21
91,sprungantwort_TILT_-5deg_20260622_214339.csv,TILT,1,5.0,5.0,+,0.734795,-0.8781,83.190067,-84.068167,-16.813633,84.068167,-0.003659,-0.350284,22
91,sprungantwort_TILT_-5deg_20260622_214339.csv,TILT,1,5.0,5.0,+,0.766797,-1.1386,83.190067,-84.328667,-16.865733,84.328667,-0.004744,-0.351369,23
91,sprungantwort_TILT_-5deg_20260622_214339.csv,TILT,1,5.0,5.0,+,0.799205,-0.9631,83.190067,-84.153167,-16.830633,84.153167,-0.004013,-0.350638,24
91,sprungantwort_TILT_-5deg_20260622_214339.csv,TILT,1,5.0,5.0,+,0.831305,-0.9086,83.190067,-84.098667,-16.819733,84.098667,-0.003786,-0.350411,25
91,sprungantwort_TILT_-5deg_20260622_214339.csv,TILT,1,5.0,5.0,+,0.861284,-1.1009,83.190067,-84.290967,-16.858193,84.290967,-0.004587,-0.351212,26
91,sprungantwort_TILT_-5deg_20260622_214339.csv,TILT,1,5.0,5.0,+,0.894822,-1.0772,83.190067,-84.267267,-16.853453,84.267267,-0.004488,-0.351113,27
91,sprungantwort_TILT_-5deg_20260622_214339.csv,TILT,1,5.0,5.0,+,0.926803,-0.9598,83.190067,-84.149867,-16.829973,84.149867,-0.003999,-0.350624,28
91,sprungantwort_TILT_-5deg_20260622_214339.csv,TILT,1,5.0,5.0,+,0.959814,-1.0084,83.190067,-84.198467,-16.839693,84.198467,-0.004202,-0.350827,29
91,sprungantwort_TILT_-5deg_20260622_214339.csv,TILT,1,5.0,5.0,+,1.008326,-1.0421,83.190067,-84.232167,-16.846433,84.232167,-0.004342,-0.350967,30
91,sprungantwort_TILT_-5deg_20260622_214339.csv,TILT,1,5.0,5.0,+,1.039968,-0.9711,83.190067,-84.161167,-16.832233,84.161167,-0.004046,-0.350671,31
91,sprungantwort_TILT_-5deg_20260622_214339.csv,TILT,1,5.0,5.0,+,1.071757,-1.0441,83.190067,-84.234167,-16.846833,84.234167,-0.00435,-0.350975,32
91,sprungantwort_TILT_-5deg_20260622_214339.csv,TILT,1,5.0,5.0,+,1.104267,-1.0315,83.190067,-84.221567,-16.844313,84.221567,-0.004298,-0.350923,33
91,sprungantwort_TILT_-5deg_20260622_214339.csv,TILT,1,5.0,5.0,+,1.13525,-1.0403,83.190067,-84.230367,-16.846073,84.230367,-0.004335,-0.35096,34
91,sprungantwort_TILT_-5deg_20260622_214339.csv,TILT,1,5.0,5.0,+,1.167251,-1.0363,83.190067,-84.226367,-16.845273,84.226367,-0.004318,-0.350943,35
